filename,category,meta
fake_00000.png,patch_overlay,('patch_overlay', 175, 42, 88, 88)
fake_00001.png,patch_overlay,('patch_overlay', 97, 180, 87, 87)
fake_00002.png,module_corruption,('module_corruption', 4, 12, 10)
fake_00003.png,patch_overlay,('patch_overlay', 254, 306, 75, 75)
fake_00004.png,patch_overlay,('patch_overlay', 85, 271, 79, 79)
fake_00005.png,module_corruption,('module_corruption', 16, 5, 9)
fake_00006.png,patch_overlay,('patch_overlay', 56, 301, 77, 77)
fake_00007.png,patch_overlay,('patch_overlay', 249, 71, 90, 90)
fake_00008.png,module_corruption,('module_corruption', 3, 18, 13)
fake_00009.png,module_corruption,('module_corruption', 9, 11, 11)
fake_00010.png,patch_overlay,('patch_overlay', 204, 187, 54, 54)
fake_00011.png,patch_overlay,('patch_overlay', 137, 76, 74, 74)
fake_00012.png,patch_overlay,('patch_overlay', 63, 324, 66, 66)
fake_00013.png,patch_overlay,('patch_overlay', 54, 66, 57, 57)
fake_00014.png,module_corruption,('module_corruption', 13, 10, 13)
fake_00015.png,patch_overlay,('patch_overlay', 229, 89, 63, 63)
fake_00016.png,module_corruption,('module_corruption', 11, 8, 9)
fake_00017.png,patch_overlay,('patch_overlay', 240, 144, 59, 59)
fake_00018.png,patch_overlay,('patch_overlay', 376, 83, 62, 62)
fake_00019.png,module_corruption,('module_corruption', 21, 11, 13)
fake_00020.png,patch_overlay,('patch_overlay', 97, 266, 94, 94)
fake_00021.png,patch_overlay,('patch_overlay', 81, 130, 83, 83)
fake_00022.png,patch_overlay,('patch_overlay', 27, 291, 97, 97)
fake_00023.png,module_corruption,('module_corruption', 13, 21, 12)
fake_00024.png,module_corruption,('module_corruption', 4, 25, 10)
fake_00025.png,patch_overlay,('patch_overlay', 251, 292, 92, 92)
fake_00026.png,module_corruption,('module_corruption', 9, 3, 14)
fake_00027.png,module_corruption,('module_corruption', 6, 5, 10)
fake_00028.png,module_corruption,('module_corruption', 6, 6, 10)
fake_00029.png,patch_overlay,('patch_overlay', 352, 84, 60, 60)
fake_00030.png,patch_overlay,('patch_overlay', 118, 69, 70, 70)
fake_00031.png,module_corruption,('module_corruption', 22, 24, 11)
fake_00032.png,module_corruption,('module_corruption', 3, 16, 10)
fake_00033.png,patch_overlay,('patch_overlay', 85, 316, 71, 71)
fake_00034.png,module_corruption,('module_corruption', 10, 9, 10)
fake_00035.png,module_corruption,('module_corruption', 13, 7, 12)
fake_00036.png,patch_overlay,('patch_overlay', 234, 300, 74, 74)
fake_00037.png,patch_overlay,('patch_overlay', 173, 85, 92, 92)
fake_00038.png,patch_overlay,('patch_overlay', 46, 129, 68, 68)
fake_00039.png,patch_overlay,('patch_overlay', 80, 55, 98, 98)
fake_00040.png,module_corruption,('module_corruption', 13, 13, 9)
fake_00041.png,module_corruption,('module_corruption', 4, 20, 11)
fake_00042.png,module_corruption,('module_corruption', 20, 13, 14)
fake_00043.png,module_corruption,('module_corruption', 5, 14, 13)
fake_00044.png,patch_overlay,('patch_overlay', 149, 267, 74, 74)
fake_00045.png,module_corruption,('module_corruption', 23, 22, 10)
fake_00046.png,module_corruption,('module_corruption', 3, 17, 14)
fake_00047.png,module_corruption,('module_corruption', 7, 3, 12)
fake_00048.png,patch_overlay,('patch_overlay', 219, 109, 60, 60)
fake_00049.png,patch_overlay,('patch_overlay', 85, 230, 76, 76)
fake_00050.png,patch_overlay,('patch_overlay', 42, 236, 85, 85)
fake_00051.png,module_corruption,('module_corruption', 3, 13, 11)
fake_00052.png,patch_overlay,('patch_overlay', 34, 63, 81, 81)
fake_00053.png,patch_overlay,('patch_overlay', 40, 235, 57, 57)
fake_00054.png,module_corruption,('module_corruption', 24, 22, 11)
fake_00055.png,patch_overlay,('patch_overlay', 272, 82, 75, 75)
fake_00056.png,patch_overlay,('patch_overlay', 270, 348, 70, 70)
fake_00057.png,patch_overlay,('patch_overlay', 150, 341, 56, 56)
fake_00058.png,module_corruption,('module_corruption', 16, 16, 12)
fake_00059.png,patch_overlay,('patch_overlay', 335, 104, 79, 79)
fake_00060.png,patch_overlay,('patch_overlay', 27, 106, 67, 67)
fake_00061.png,module_corruption,('module_corruption', 15, 8, 12)
fake_00062.png,module_corruption,('module_corruption', 11, 6, 13)
fake_00063.png,module_corruption,('module_corruption', 15, 18, 13)
fake_00064.png,module_corruption,('module_corruption', 23, 24, 12)
fake_00065.png,module_corruption,('module_corruption', 4, 6, 12)
fake_00066.png,patch_overlay,('patch_overlay', 278, 177, 81, 81)
fake_00067.png,module_corruption,('module_corruption', 13, 23, 14)
fake_00068.png,patch_overlay,('patch_overlay', 240, 198, 96, 96)
fake_00069.png,patch_overlay,('patch_overlay', 145, 6, 70, 70)
fake_00070.png,module_corruption,('module_corruption', 22, 19, 10)
fake_00071.png,patch_overlay,('patch_overlay', 288, 77, 90, 90)
fake_00072.png,patch_overlay,('patch_overlay', 314, 341, 98, 98)
fake_00073.png,module_corruption,('module_corruption', 11, 20, 10)
fake_00074.png,module_corruption,('module_corruption', 13, 19, 9)
fake_00075.png,module_corruption,('module_corruption', 23, 25, 10)
fake_00076.png,module_corruption,('module_corruption', 8, 19, 13)
fake_00077.png,module_corruption,('module_corruption', 0, 6, 14)
fake_00078.png,patch_overlay,('patch_overlay', 373, 274, 77, 77)
fake_00079.png,module_corruption,('module_corruption', 20, 3, 11)
fake_00080.png,module_corruption,('module_corruption', 21, 20, 14)
fake_00081.png,patch_overlay,('patch_overlay', 234, 350, 56, 56)
fake_00082.png,module_corruption,('module_corruption', 6, 26, 11)
fake_00083.png,module_corruption,('module_corruption', 12, 17, 12)
fake_00084.png,module_corruption,('module_corruption', 27, 13, 10)
fake_00085.png,patch_overlay,('patch_overlay', 280, 323, 81, 81)
fake_00086.png,patch_overlay,('patch_overlay', 22, 68, 82, 82)
fake_00087.png,patch_overlay,('patch_overlay', 67, 251, 92, 92)
fake_00088.png,module_corruption,('module_corruption', 13, 7, 13)
fake_00089.png,patch_overlay,('patch_overlay', 232, 374, 76, 76)
fake_00090.png,patch_overlay,('patch_overlay', 352, 291, 93, 93)
fake_00091.png,patch_overlay,('patch_overlay', 285, 300, 90, 90)
fake_00092.png,patch_overlay,('patch_overlay', 47, 319, 76, 76)
fake_00093.png,module_corruption,('module_corruption', 14, 5, 11)
fake_00094.png,module_corruption,('module_corruption', 21, 4, 13)
fake_00095.png,module_corruption,('module_corruption', 12, 7, 14)
fake_00096.png,module_corruption,('module_corruption', 6, 28, 9)
fake_00097.png,patch_overlay,('patch_overlay', 105, 183, 86, 86)
fake_00098.png,patch_overlay,('patch_overlay', 27, 203, 75, 75)
fake_00099.png,patch_overlay,('patch_overlay', 161, 224, 63, 63)
fake_00100.png,module_corruption,('module_corruption', 19, 12, 12)
fake_00101.png,module_corruption,('module_corruption', 1, 16, 10)
fake_00102.png,patch_overlay,('patch_overlay', 59, 298, 83, 83)
fake_00103.png,patch_overlay,('patch_overlay', 192, 125, 69, 69)
fake_00104.png,patch_overlay,('patch_overlay', 258, 179, 82, 82)
fake_00105.png,module_corruption,('module_corruption', 24, 6, 12)
fake_00106.png,patch_overlay,('patch_overlay', 64, 264, 97, 97)
fake_00107.png,module_corruption,('module_corruption', 11, 14, 13)
fake_00108.png,module_corruption,('module_corruption', 8, 12, 13)
fake_00109.png,module_corruption,('module_corruption', 15, 14, 12)
fake_00110.png,patch_overlay,('patch_overlay', 315, 380, 62, 62)
fake_00111.png,module_corruption,('module_corruption', 5, 10, 12)
fake_00112.png,patch_overlay,('patch_overlay', 57, 330, 67, 67)
fake_00113.png,module_corruption,('module_corruption', 0, 1, 9)
fake_00114.png,module_corruption,('module_corruption', 19, 23, 12)
fake_00115.png,patch_overlay,('patch_overlay', 349, 127, 70, 70)
fake_00116.png,module_corruption,('module_corruption', 24, 3, 13)
fake_00117.png,patch_overlay,('patch_overlay', 129, 64, 73, 73)
fake_00118.png,patch_overlay,('patch_overlay', 349, 76, 93, 93)
fake_00119.png,patch_overlay,('patch_overlay', 34, 35, 78, 78)
fake_00120.png,patch_overlay,('patch_overlay', 43, 140, 72, 72)
fake_00121.png,patch_overlay,('patch_overlay', 137, 20, 74, 74)
fake_00122.png,module_corruption,('module_corruption', 12, 17, 12)
fake_00123.png,module_corruption,('module_corruption', 11, 3, 14)
fake_00124.png,patch_overlay,('patch_overlay', 285, 90, 60, 60)
fake_00125.png,module_corruption,('module_corruption', 23, 16, 11)
fake_00126.png,patch_overlay,('patch_overlay', 310, 44, 69, 69)
fake_00127.png,patch_overlay,('patch_overlay', 242, 305, 80, 80)
fake_00128.png,patch_overlay,('patch_overlay', 101, 241, 93, 93)
fake_00129.png,module_corruption,('module_corruption', 5, 4, 9)
fake_00130.png,module_corruption,('module_corruption', 1, 11, 13)
fake_00131.png,module_corruption,('module_corruption', 6, 22, 12)
fake_00132.png,module_corruption,('module_corruption', 17, 15, 10)
fake_00133.png,module_corruption,('module_corruption', 2, 13, 13)
fake_00134.png,patch_overlay,('patch_overlay', 363, 299, 66, 66)
fake_00135.png,module_corruption,('module_corruption', 0, 9, 14)
fake_00136.png,module_corruption,('module_corruption', 6, 3, 13)
fake_00137.png,patch_overlay,('patch_overlay', 26, 132, 84, 84)
fake_00138.png,patch_overlay,('patch_overlay', 263, 24, 76, 76)
fake_00139.png,patch_overlay,('patch_overlay', 134, 142, 54, 54)
fake_00140.png,module_corruption,('module_corruption', 17, 9, 14)
fake_00141.png,module_corruption,('module_corruption', 16, 15, 10)
fake_00142.png,module_corruption,('module_corruption', 27, 10, 9)
fake_00143.png,module_corruption,('module_corruption', 8, 7, 13)
fake_00144.png,module_corruption,('module_corruption', 25, 4, 10)
fake_00145.png,module_corruption,('module_corruption', 20, 13, 10)
fake_00146.png,patch_overlay,('patch_overlay', 372, 304, 54, 54)
fake_00147.png,patch_overlay,('patch_overlay', 246, 319, 70, 70)
fake_00148.png,patch_overlay,('patch_overlay', 225, 247, 94, 94)
fake_00149.png,module_corruption,('module_corruption', 16, 22, 14)
fake_00150.png,module_corruption,('module_corruption', 21, 9, 13)
fake_00151.png,patch_overlay,('patch_overlay', 303, 22, 56, 56)
fake_00152.png,patch_overlay,('patch_overlay', 112, 289, 91, 91)
fake_00153.png,module_corruption,('module_corruption', 21, 23, 12)
fake_00154.png,patch_overlay,('patch_overlay', 72, 1, 57, 57)
fake_00155.png,patch_overlay,('patch_overlay', 25, 368, 80, 80)
fake_00156.png,module_corruption,('module_corruption', 8, 20, 10)
fake_00157.png,patch_overlay,('patch_overlay', 53, 116, 74, 74)
fake_00158.png,patch_overlay,('patch_overlay', 312, 168, 69, 69)
fake_00159.png,patch_overlay,('patch_overlay', 125, 327, 56, 56)
fake_00160.png,module_corruption,('module_corruption', 22, 3, 12)
fake_00161.png,module_corruption,('module_corruption', 26, 5, 9)
fake_00162.png,patch_overlay,('patch_overlay', 112, 249, 60, 60)
fake_00163.png,patch_overlay,('patch_overlay', 198, 226, 86, 86)
fake_00164.png,patch_overlay,('patch_overlay', 247, 258, 58, 58)
fake_00165.png,patch_overlay,('patch_overlay', 321, 91, 72, 72)
fake_00166.png,patch_overlay,('patch_overlay', 93, 72, 69, 69)
fake_00167.png,module_corruption,('module_corruption', 24, 26, 11)
fake_00168.png,module_corruption,('module_corruption', 22, 24, 11)
fake_00169.png,module_corruption,('module_corruption', 4, 10, 10)
fake_00170.png,patch_overlay,('patch_overlay', 205, 149, 75, 75)
fake_00171.png,module_corruption,('module_corruption', 19, 10, 10)
fake_00172.png,patch_overlay,('patch_overlay', 306, 99, 93, 93)
fake_00173.png,patch_overlay,('patch_overlay', 288, 69, 65, 65)
fake_00174.png,patch_overlay,('patch_overlay', 48, 213, 93, 93)
fake_00175.png,module_corruption,('module_corruption', 24, 27, 10)
fake_00176.png,patch_overlay,('patch_overlay', 358, 190, 64, 64)
fake_00177.png,module_corruption,('module_corruption', 16, 3, 9)
fake_00178.png,patch_overlay,('patch_overlay', 124, 145, 66, 66)
fake_00179.png,module_corruption,('module_corruption', 19, 7, 10)
fake_00180.png,module_corruption,('module_corruption', 14, 3, 12)
fake_00181.png,patch_overlay,('patch_overlay', 240, 359, 77, 77)
fake_00182.png,module_corruption,('module_corruption', 6, 10, 9)
fake_00183.png,patch_overlay,('patch_overlay', 73, 319, 90, 90)
fake_00184.png,patch_overlay,('patch_overlay', 202, 319, 67, 67)
fake_00185.png,module_corruption,('module_corruption', 10, 26, 9)
fake_00186.png,patch_overlay,('patch_overlay', 64, 326, 73, 73)
fake_00187.png,patch_overlay,('patch_overlay', 200, 392, 58, 58)
fake_00188.png,patch_overlay,('patch_overlay', 279, 318, 86, 86)
fake_00189.png,module_corruption,('module_corruption', 2, 6, 12)
fake_00190.png,module_corruption,('module_corruption', 9, 13, 9)
fake_00191.png,module_corruption,('module_corruption', 9, 18, 13)
fake_00192.png,patch_overlay,('patch_overlay', 353, 209, 97, 97)
fake_00193.png,patch_overlay,('patch_overlay', 116, 144, 73, 73)
fake_00194.png,patch_overlay,('patch_overlay', 355, 290, 68, 68)
fake_00195.png,module_corruption,('module_corruption', 11, 16, 10)
fake_00196.png,patch_overlay,('patch_overlay', 300, 47, 89, 89)
fake_00197.png,patch_overlay,('patch_overlay', 53, 341, 88, 88)
fake_00198.png,module_corruption,('module_corruption', 5, 22, 13)
fake_00199.png,patch_overlay,('patch_overlay', 192, 332, 94, 94)
fake_00200.png,module_corruption,('module_corruption', 4, 22, 12)
fake_00201.png,patch_overlay,('patch_overlay', 141, 259, 74, 74)
fake_00202.png,module_corruption,('module_corruption', 2, 18, 13)
fake_00203.png,patch_overlay,('patch_overlay', 323, 374, 72, 72)
fake_00204.png,patch_overlay,('patch_overlay', 255, 124, 66, 66)
fake_00205.png,patch_overlay,('patch_overlay', 37, 297, 77, 77)
fake_00206.png,module_corruption,('module_corruption', 9, 0, 9)
fake_00207.png,module_corruption,('module_corruption', 20, 20, 9)
fake_00208.png,module_corruption,('module_corruption', 3, 7, 11)
fake_00209.png,patch_overlay,('patch_overlay', 160, 265, 69, 69)
fake_00210.png,patch_overlay,('patch_overlay', 25, 253, 61, 61)
fake_00211.png,module_corruption,('module_corruption', 0, 15, 12)
fake_00212.png,module_corruption,('module_corruption', 7, 20, 12)
fake_00213.png,module_corruption,('module_corruption', 0, 6, 13)
fake_00214.png,patch_overlay,('patch_overlay', 69, 360, 65, 65)
fake_00215.png,module_corruption,('module_corruption', 4, 10, 11)
fake_00216.png,module_corruption,('module_corruption', 2, 2, 14)
fake_00217.png,module_corruption,('module_corruption', 28, 27, 9)
fake_00218.png,patch_overlay,('patch_overlay', 369, 117, 61, 61)
fake_00219.png,patch_overlay,('patch_overlay', 80, 188, 96, 96)
fake_00220.png,patch_overlay,('patch_overlay', 220, 305, 98, 98)
fake_00221.png,patch_overlay,('patch_overlay', 259, 52, 58, 58)
fake_00222.png,patch_overlay,('patch_overlay', 320, 171, 79, 79)
fake_00223.png,module_corruption,('module_corruption', 3, 0, 13)
fake_00224.png,patch_overlay,('patch_overlay', 151, 37, 70, 70)
fake_00225.png,module_corruption,('module_corruption', 21, 24, 13)
fake_00226.png,patch_overlay,('patch_overlay', 208, 235, 58, 58)
fake_00227.png,module_corruption,('module_corruption', 2, 7, 9)
fake_00228.png,module_corruption,('module_corruption', 12, 1, 13)
fake_00229.png,module_corruption,('module_corruption', 0, 24, 9)
fake_00230.png,patch_overlay,('patch_overlay', 131, 16, 89, 89)
fake_00231.png,module_corruption,('module_corruption', 5, 10, 12)
fake_00232.png,module_corruption,('module_corruption', 18, 14, 11)
fake_00233.png,module_corruption,('module_corruption', 15, 3, 11)
fake_00234.png,patch_overlay,('patch_overlay', 353, 167, 69, 69)
fake_00235.png,module_corruption,('module_corruption', 1, 1, 13)
fake_00236.png,patch_overlay,('patch_overlay', 244, 49, 97, 97)
fake_00237.png,patch_overlay,('patch_overlay', 381, 286, 69, 69)
fake_00238.png,module_corruption,('module_corruption', 24, 6, 11)
fake_00239.png,patch_overlay,('patch_overlay', 6, 96, 70, 70)
fake_00240.png,module_corruption,('module_corruption', 21, 23, 9)
fake_00241.png,module_corruption,('module_corruption', 9, 19, 10)
fake_00242.png,module_corruption,('module_corruption', 8, 7, 11)
fake_00243.png,patch_overlay,('patch_overlay', 350, 8, 70, 70)
fake_00244.png,module_corruption,('module_corruption', 26, 24, 11)
fake_00245.png,patch_overlay,('patch_overlay', 55, 219, 82, 82)
fake_00246.png,module_corruption,('module_corruption', 20, 19, 11)
fake_00247.png,module_corruption,('module_corruption', 5, 4, 11)
fake_00248.png,module_corruption,('module_corruption', 3, 6, 12)
fake_00249.png,patch_overlay,('patch_overlay', 308, 305, 70, 70)
fake_00250.png,module_corruption,('module_corruption', 3, 13, 10)
fake_00251.png,patch_overlay,('patch_overlay', 11, 284, 62, 62)
fake_00252.png,module_corruption,('module_corruption', 16, 18, 13)
fake_00253.png,patch_overlay,('patch_overlay', 94, 74, 55, 55)
fake_00254.png,module_corruption,('module_corruption', 9, 25, 10)
fake_00255.png,patch_overlay,('patch_overlay', 304, 91, 59, 59)
fake_00256.png,patch_overlay,('patch_overlay', 343, 313, 65, 65)
fake_00257.png,patch_overlay,('patch_overlay', 313, 36, 76, 76)
fake_00258.png,patch_overlay,('patch_overlay', 110, 276, 58, 58)
fake_00259.png,patch_overlay,('patch_overlay', 264, 113, 64, 64)
fake_00260.png,patch_overlay,('patch_overlay', 195, 14, 78, 78)
fake_00261.png,patch_overlay,('patch_overlay', 340, 341, 56, 56)
fake_00262.png,module_corruption,('module_corruption', 19, 18, 11)
fake_00263.png,module_corruption,('module_corruption', 12, 20, 12)
fake_00264.png,module_corruption,('module_corruption', 10, 21, 14)
fake_00265.png,module_corruption,('module_corruption', 22, 7, 13)
fake_00266.png,module_corruption,('module_corruption', 9, 20, 10)
fake_00267.png,module_corruption,('module_corruption', 1, 3, 12)
fake_00268.png,module_corruption,('module_corruption', 17, 23, 11)
fake_00269.png,module_corruption,('module_corruption', 0, 20, 13)
fake_00270.png,module_corruption,('module_corruption', 21, 15, 9)
fake_00271.png,module_corruption,('module_corruption', 11, 8, 13)
fake_00272.png,module_corruption,('module_corruption', 0, 10, 14)
fake_00273.png,patch_overlay,('patch_overlay', 304, 369, 59, 59)
fake_00274.png,patch_overlay,('patch_overlay', 34, 39, 80, 80)
fake_00275.png,patch_overlay,('patch_overlay', 60, 227, 96, 96)
fake_00276.png,patch_overlay,('patch_overlay', 337, 141, 71, 71)
fake_00277.png,module_corruption,('module_corruption', 4, 4, 12)
fake_00278.png,module_corruption,('module_corruption', 4, 25, 12)
fake_00279.png,patch_overlay,('patch_overlay', 155, 317, 57, 57)
fake_00280.png,patch_overlay,('patch_overlay', 341, 233, 95, 95)
fake_00281.png,module_corruption,('module_corruption', 14, 12, 12)
fake_00282.png,module_corruption,('module_corruption', 16, 10, 14)
fake_00283.png,patch_overlay,('patch_overlay', 306, 212, 62, 62)
fake_00284.png,patch_overlay,('patch_overlay', 303, 208, 74, 74)
fake_00285.png,module_corruption,('module_corruption', 22, 23, 13)
fake_00286.png,patch_overlay,('patch_overlay', 9, 159, 86, 86)
fake_00287.png,module_corruption,('module_corruption', 21, 13, 9)
fake_00288.png,module_corruption,('module_corruption', 13, 8, 9)
fake_00289.png,patch_overlay,('patch_overlay', 221, 160, 85, 85)
fake_00290.png,module_corruption,('module_corruption', 18, 16, 13)
fake_00291.png,module_corruption,('module_corruption', 5, 13, 12)
fake_00292.png,patch_overlay,('patch_overlay', 274, 161, 69, 69)
fake_00293.png,patch_overlay,('patch_overlay', 219, 320, 87, 87)
fake_00294.png,patch_overlay,('patch_overlay', 310, 149, 63, 63)
fake_00295.png,patch_overlay,('patch_overlay', 109, 57, 81, 81)
fake_00296.png,patch_overlay,('patch_overlay', 32, 145, 70, 70)
fake_00297.png,patch_overlay,('patch_overlay', 315, 111, 82, 82)
fake_00298.png,patch_overlay,('patch_overlay', 244, 40, 71, 71)
fake_00299.png,patch_overlay,('patch_overlay', 333, 75, 65, 65)
fake_00300.png,patch_overlay,('patch_overlay', 87, 169, 71, 71)
fake_00301.png,module_corruption,('module_corruption', 4, 6, 10)
fake_00302.png,patch_overlay,('patch_overlay', 188, 356, 64, 64)
fake_00303.png,patch_overlay,('patch_overlay', 151, 297, 85, 85)
fake_00304.png,module_corruption,('module_corruption', 18, 21, 13)
fake_00305.png,module_corruption,('module_corruption', 20, 5, 14)
fake_00306.png,patch_overlay,('patch_overlay', 148, 64, 78, 78)
fake_00307.png,module_corruption,('module_corruption', 14, 28, 9)
fake_00308.png,patch_overlay,('patch_overlay', 228, 168, 75, 75)
fake_00309.png,patch_overlay,('patch_overlay', 107, 148, 74, 74)
fake_00310.png,patch_overlay,('patch_overlay', 47, 22, 86, 86)
fake_00311.png,patch_overlay,('patch_overlay', 212, 75, 61, 61)
fake_00312.png,patch_overlay,('patch_overlay', 13, 161, 81, 81)
fake_00313.png,patch_overlay,('patch_overlay', 329, 238, 92, 92)
fake_00314.png,module_corruption,('module_corruption', 19, 14, 9)
fake_00315.png,patch_overlay,('patch_overlay', 325, 267, 82, 82)
fake_00316.png,patch_overlay,('patch_overlay', 139, 171, 82, 82)
fake_00317.png,module_corruption,('module_corruption', 0, 16, 12)
fake_00318.png,module_corruption,('module_corruption', 13, 21, 12)
fake_00319.png,patch_overlay,('patch_overlay', 83, 269, 79, 79)
fake_00320.png,module_corruption,('module_corruption', 6, 1, 12)
fake_00321.png,patch_overlay,('patch_overlay', 295, 163, 90, 90)
fake_00322.png,patch_overlay,('patch_overlay', 155, 22, 90, 90)
fake_00323.png,module_corruption,('module_corruption', 6, 6, 13)
fake_00324.png,patch_overlay,('patch_overlay', 350, 304, 91, 91)
fake_00325.png,module_corruption,('module_corruption', 17, 25, 10)
fake_00326.png,module_corruption,('module_corruption', 1, 13, 14)
fake_00327.png,module_corruption,('module_corruption', 24, 9, 9)
fake_00328.png,module_corruption,('module_corruption', 2, 23, 13)
fake_00329.png,module_corruption,('module_corruption', 1, 0, 13)
fake_00330.png,patch_overlay,('patch_overlay', 277, 327, 76, 76)
fake_00331.png,module_corruption,('module_corruption', 4, 21, 12)
fake_00332.png,module_corruption,('module_corruption', 1, 9, 13)
fake_00333.png,module_corruption,('module_corruption', 23, 24, 13)
fake_00334.png,module_corruption,('module_corruption', 7, 17, 12)
fake_00335.png,module_corruption,('module_corruption', 19, 11, 14)
fake_00336.png,patch_overlay,('patch_overlay', 168, 245, 98, 98)
fake_00337.png,module_corruption,('module_corruption', 23, 1, 12)
fake_00338.png,patch_overlay,('patch_overlay', 250, 171, 84, 84)
fake_00339.png,module_corruption,('module_corruption', 27, 8, 10)
fake_00340.png,module_corruption,('module_corruption', 13, 1, 10)
fake_00341.png,patch_overlay,('patch_overlay', 15, 293, 60, 60)
fake_00342.png,patch_overlay,('patch_overlay', 301, 293, 86, 86)
fake_00343.png,module_corruption,('module_corruption', 11, 7, 14)
fake_00344.png,module_corruption,('module_corruption', 5, 23, 12)
fake_00345.png,patch_overlay,('patch_overlay', 231, 347, 65, 65)
fake_00346.png,patch_overlay,('patch_overlay', 11, 172, 72, 72)
fake_00347.png,module_corruption,('module_corruption', 1, 21, 11)
fake_00348.png,module_corruption,('module_corruption', 10, 20, 12)
fake_00349.png,patch_overlay,('patch_overlay', 5, 157, 94, 94)
fake_00350.png,patch_overlay,('patch_overlay', 358, 366, 64, 64)
fake_00351.png,module_corruption,('module_corruption', 16, 8, 13)
fake_00352.png,module_corruption,('module_corruption', 25, 9, 12)
fake_00353.png,patch_overlay,('patch_overlay', 180, 221, 91, 91)
fake_00354.png,patch_overlay,('patch_overlay', 217, 258, 79, 79)
fake_00355.png,patch_overlay,('patch_overlay', 182, 269, 96, 96)
fake_00356.png,module_corruption,('module_corruption', 24, 1, 11)
fake_00357.png,patch_overlay,('patch_overlay', 213, 122, 55, 55)
fake_00358.png,module_corruption,('module_corruption', 5, 19, 11)
fake_00359.png,module_corruption,('module_corruption', 2, 15, 12)
fake_00360.png,module_corruption,('module_corruption', 11, 3, 12)
fake_00361.png,patch_overlay,('patch_overlay', 143, 8, 85, 85)
fake_00362.png,module_corruption,('module_corruption', 15, 7, 13)
fake_00363.png,module_corruption,('module_corruption', 23, 14, 12)
fake_00364.png,module_corruption,('module_corruption', 18, 21, 14)
fake_00365.png,patch_overlay,('patch_overlay', 49, 63, 93, 93)
fake_00366.png,patch_overlay,('patch_overlay', 17, 244, 94, 94)
fake_00367.png,patch_overlay,('patch_overlay', 86, 82, 55, 55)
fake_00368.png,patch_overlay,('patch_overlay', 90, 77, 87, 87)
fake_00369.png,module_corruption,('module_corruption', 15, 13, 11)
fake_00370.png,module_corruption,('module_corruption', 16, 21, 14)
fake_00371.png,module_corruption,('module_corruption', 3, 20, 13)
fake_00372.png,patch_overlay,('patch_overlay', 117, 228, 74, 74)
fake_00373.png,patch_overlay,('patch_overlay', 242, 254, 95, 95)
fake_00374.png,module_corruption,('module_corruption', 27, 19, 10)
fake_00375.png,module_corruption,('module_corruption', 8, 21, 10)
fake_00376.png,module_corruption,('module_corruption', 15, 0, 9)
fake_00377.png,patch_overlay,('patch_overlay', 93, 167, 54, 54)
fake_00378.png,patch_overlay,('patch_overlay', 24, 116, 64, 64)
fake_00379.png,patch_overlay,('patch_overlay', 54, 5, 73, 73)
fake_00380.png,patch_overlay,('patch_overlay', 197, 85, 89, 89)
fake_00381.png,patch_overlay,('patch_overlay', 107, 221, 88, 88)
fake_00382.png,module_corruption,('module_corruption', 14, 22, 10)
fake_00383.png,module_corruption,('module_corruption', 19, 15, 13)
fake_00384.png,patch_overlay,('patch_overlay', 285, 56, 95, 95)
fake_00385.png,module_corruption,('module_corruption', 13, 21, 13)
fake_00386.png,patch_overlay,('patch_overlay', 297, 255, 62, 62)
fake_00387.png,patch_overlay,('patch_overlay', 301, 199, 87, 87)
fake_00388.png,module_corruption,('module_corruption', 0, 15, 11)
fake_00389.png,module_corruption,('module_corruption', 19, 8, 9)
fake_00390.png,module_corruption,('module_corruption', 10, 1, 13)
fake_00391.png,patch_overlay,('patch_overlay', 72, 197, 83, 83)
fake_00392.png,patch_overlay,('patch_overlay', 81, 87, 92, 92)
fake_00393.png,module_corruption,('module_corruption', 20, 18, 13)
fake_00394.png,module_corruption,('module_corruption', 17, 17, 12)
fake_00395.png,patch_overlay,('patch_overlay', 170, 295, 64, 64)
fake_00396.png,patch_overlay,('patch_overlay', 76, 107, 67, 67)
fake_00397.png,patch_overlay,('patch_overlay', 122, 181, 61, 61)
fake_00398.png,module_corruption,('module_corruption', 12, 5, 9)
fake_00399.png,module_corruption,('module_corruption', 4, 2, 12)
fake_00400.png,module_corruption,('module_corruption', 7, 22, 11)
fake_00401.png,patch_overlay,('patch_overlay', 175, 306, 59, 59)
fake_00402.png,patch_overlay,('patch_overlay', 346, 79, 88, 88)
fake_00403.png,patch_overlay,('patch_overlay', 181, 82, 66, 66)
fake_00404.png,module_corruption,('module_corruption', 18, 10, 10)
fake_00405.png,module_corruption,('module_corruption', 18, 19, 13)
fake_00406.png,module_corruption,('module_corruption', 15, 11, 12)
fake_00407.png,patch_overlay,('patch_overlay', 144, 196, 87, 87)
fake_00408.png,patch_overlay,('patch_overlay', 337, 112, 90, 90)
fake_00409.png,module_corruption,('module_corruption', 14, 20, 12)
fake_00410.png,patch_overlay,('patch_overlay', 41, 259, 61, 61)
fake_00411.png,patch_overlay,('patch_overlay', 344, 79, 64, 64)
fake_00412.png,module_corruption,('module_corruption', 9, 5, 13)
fake_00413.png,module_corruption,('module_corruption', 9, 12, 13)
fake_00414.png,module_corruption,('module_corruption', 3, 18, 9)
fake_00415.png,module_corruption,('module_corruption', 2, 10, 9)
fake_00416.png,patch_overlay,('patch_overlay', 261, 245, 61, 61)
fake_00417.png,patch_overlay,('patch_overlay', 201, 348, 62, 62)
fake_00418.png,patch_overlay,('patch_overlay', 278, 239, 76, 76)
fake_00419.png,patch_overlay,('patch_overlay', 160, 47, 81, 81)
fake_00420.png,patch_overlay,('patch_overlay', 200, 188, 87, 87)
fake_00421.png,module_corruption,('module_corruption', 8, 27, 10)
fake_00422.png,module_corruption,('module_corruption', 15, 1, 10)
fake_00423.png,patch_overlay,('patch_overlay', 29, 164, 74, 74)
fake_00424.png,module_corruption,('module_corruption', 22, 9, 13)
fake_00425.png,patch_overlay,('patch_overlay', 260, 315, 98, 98)
fake_00426.png,patch_overlay,('patch_overlay', 75, 121, 92, 92)
fake_00427.png,patch_overlay,('patch_overlay', 335, 82, 93, 93)
fake_00428.png,patch_overlay,('patch_overlay', 246, 200, 89, 89)
fake_00429.png,module_corruption,('module_corruption', 19, 8, 10)
fake_00430.png,module_corruption,('module_corruption', 2, 10, 9)
fake_00431.png,patch_overlay,('patch_overlay', 50, 321, 79, 79)
fake_00432.png,module_corruption,('module_corruption', 18, 0, 12)
fake_00433.png,patch_overlay,('patch_overlay', 328, 16, 94, 94)
fake_00434.png,module_corruption,('module_corruption', 11, 22, 10)
fake_00435.png,module_corruption,('module_corruption', 5, 6, 12)
fake_00436.png,module_corruption,('module_corruption', 2, 23, 10)
fake_00437.png,module_corruption,('module_corruption', 12, 16, 11)
fake_00438.png,patch_overlay,('patch_overlay', 20, 135, 89, 89)
fake_00439.png,module_corruption,('module_corruption', 13, 9, 13)
fake_00440.png,patch_overlay,('patch_overlay', 121, 360, 75, 75)
fake_00441.png,patch_overlay,('patch_overlay', 254, 297, 67, 67)
fake_00442.png,patch_overlay,('patch_overlay', 18, 214, 97, 97)
fake_00443.png,module_corruption,('module_corruption', 10, 19, 10)
fake_00444.png,patch_overlay,('patch_overlay', 38, 326, 97, 97)
fake_00445.png,patch_overlay,('patch_overlay', 132, 295, 73, 73)
fake_00446.png,patch_overlay,('patch_overlay', 299, 322, 70, 70)
fake_00447.png,module_corruption,('module_corruption', 20, 22, 13)
fake_00448.png,module_corruption,('module_corruption', 2, 6, 11)
fake_00449.png,module_corruption,('module_corruption', 17, 19, 13)
fake_00450.png,patch_overlay,('patch_overlay', 125, 364, 73, 73)
fake_00451.png,patch_overlay,('patch_overlay', 70, 352, 93, 93)
fake_00452.png,module_corruption,('module_corruption', 18, 12, 10)
fake_00453.png,module_corruption,('module_corruption', 6, 22, 10)
fake_00454.png,module_corruption,('module_corruption', 19, 16, 11)
fake_00455.png,patch_overlay,('patch_overlay', 40, 201, 77, 77)
fake_00456.png,module_corruption,('module_corruption', 10, 22, 12)
fake_00457.png,module_corruption,('module_corruption', 6, 18, 13)
fake_00458.png,patch_overlay,('patch_overlay', 126, 66, 91, 91)
fake_00459.png,module_corruption,('module_corruption', 11, 8, 13)
fake_00460.png,patch_overlay,('patch_overlay', 294, 120, 59, 59)
fake_00461.png,patch_overlay,('patch_overlay', 8, 282, 97, 97)
fake_00462.png,patch_overlay,('patch_overlay', 207, 35, 91, 91)
fake_00463.png,patch_overlay,('patch_overlay', 307, 141, 74, 74)
fake_00464.png,module_corruption,('module_corruption', 2, 6, 13)
fake_00465.png,module_corruption,('module_corruption', 17, 2, 9)
fake_00466.png,patch_overlay,('patch_overlay', 304, 97, 58, 58)
fake_00467.png,patch_overlay,('patch_overlay', 385, 208, 59, 59)
fake_00468.png,module_corruption,('module_corruption', 1, 20, 11)
fake_00469.png,module_corruption,('module_corruption', 24, 9, 9)
fake_00470.png,patch_overlay,('patch_overlay', 74, 114, 66, 66)
fake_00471.png,patch_overlay,('patch_overlay', 102, 66, 59, 59)
fake_00472.png,patch_overlay,('patch_overlay', 50, 232, 76, 76)
fake_00473.png,module_corruption,('module_corruption', 3, 8, 10)
fake_00474.png,module_corruption,('module_corruption', 0, 11, 13)
fake_00475.png,patch_overlay,('patch_overlay', 93, 170, 58, 58)
fake_00476.png,module_corruption,('module_corruption', 1, 3, 10)
fake_00477.png,patch_overlay,('patch_overlay', 243, 10, 84, 84)
fake_00478.png,patch_overlay,('patch_overlay', 157, 26, 91, 91)
fake_00479.png,module_corruption,('module_corruption', 2, 14, 13)
fake_00480.png,module_corruption,('module_corruption', 9, 8, 12)
fake_00481.png,patch_overlay,('patch_overlay', 360, 225, 90, 90)
fake_00482.png,module_corruption,('module_corruption', 16, 20, 12)
fake_00483.png,patch_overlay,('patch_overlay', 380, 263, 68, 68)
fake_00484.png,patch_overlay,('patch_overlay', 364, 123, 72, 72)
fake_00485.png,patch_overlay,('patch_overlay', 74, 225, 89, 89)
fake_00486.png,module_corruption,('module_corruption', 22, 19, 9)
fake_00487.png,patch_overlay,('patch_overlay', 306, 50, 55, 55)
fake_00488.png,module_corruption,('module_corruption', 3, 14, 9)
fake_00489.png,patch_overlay,('patch_overlay', 319, 324, 81, 81)
fake_00490.png,patch_overlay,('patch_overlay', 130, 31, 56, 56)
fake_00491.png,module_corruption,('module_corruption', 16, 11, 9)
fake_00492.png,patch_overlay,('patch_overlay', 24, 36, 98, 98)
fake_00493.png,patch_overlay,('patch_overlay', 210, 296, 82, 82)
fake_00494.png,patch_overlay,('patch_overlay', 129, 71, 80, 80)
fake_00495.png,module_corruption,('module_corruption', 8, 4, 11)
fake_00496.png,module_corruption,('module_corruption', 23, 7, 11)
fake_00497.png,patch_overlay,('patch_overlay', 216, 284, 56, 56)
fake_00498.png,patch_overlay,('patch_overlay', 127, 155, 80, 80)
fake_00499.png,module_corruption,('module_corruption', 23, 14, 11)
fake_00500.png,patch_overlay,('patch_overlay', 330, 218, 65, 65)
fake_00501.png,patch_overlay,('patch_overlay', 362, 143, 68, 68)
fake_00502.png,module_corruption,('module_corruption', 16, 21, 12)
fake_00503.png,patch_overlay,('patch_overlay', 266, 70, 87, 87)
fake_00504.png,module_corruption,('module_corruption', 9, 22, 13)
fake_00505.png,patch_overlay,('patch_overlay', 139, 35, 65, 65)
fake_00506.png,patch_overlay,('patch_overlay', 229, 193, 98, 98)
fake_00507.png,module_corruption,('module_corruption', 2, 16, 10)
fake_00508.png,patch_overlay,('patch_overlay', 213, 133, 92, 92)
fake_00509.png,patch_overlay,('patch_overlay', 281, 244, 81, 81)
fake_00510.png,module_corruption,('module_corruption', 17, 3, 12)
fake_00511.png,module_corruption,('module_corruption', 2, 13, 11)
fake_00512.png,module_corruption,('module_corruption', 26, 24, 11)
fake_00513.png,module_corruption,('module_corruption', 1, 23, 14)
fake_00514.png,module_corruption,('module_corruption', 18, 13, 13)
fake_00515.png,patch_overlay,('patch_overlay', 30, 28, 77, 77)
fake_00516.png,patch_overlay,('patch_overlay', 190, 62, 93, 93)
fake_00517.png,module_corruption,('module_corruption', 20, 10, 11)
fake_00518.png,patch_overlay,('patch_overlay', 223, 147, 83, 83)
fake_00519.png,patch_overlay,('patch_overlay', 208, 127, 65, 65)
fake_00520.png,module_corruption,('module_corruption', 12, 11, 14)
fake_00521.png,patch_overlay,('patch_overlay', 58, 153, 90, 90)
fake_00522.png,module_corruption,('module_corruption', 26, 8, 11)
fake_00523.png,patch_overlay,('patch_overlay', 166, 23, 90, 90)
fake_00524.png,patch_overlay,('patch_overlay', 81, 93, 86, 86)
fake_00525.png,module_corruption,('module_corruption', 23, 6, 13)
fake_00526.png,patch_overlay,('patch_overlay', 308, 65, 55, 55)
fake_00527.png,patch_overlay,('patch_overlay', 199, 38, 70, 70)
fake_00528.png,module_corruption,('module_corruption', 19, 14, 10)
fake_00529.png,patch_overlay,('patch_overlay', 328, 272, 64, 64)
fake_00530.png,patch_overlay,('patch_overlay', 73, 243, 90, 90)
fake_00531.png,patch_overlay,('patch_overlay', 324, 14, 92, 92)
fake_00532.png,patch_overlay,('patch_overlay', 29, 167, 65, 65)
fake_00533.png,patch_overlay,('patch_overlay', 348, 337, 96, 96)
fake_00534.png,patch_overlay,('patch_overlay', 342, 107, 68, 68)
fake_00535.png,patch_overlay,('patch_overlay', 36, 306, 67, 67)
fake_00536.png,patch_overlay,('patch_overlay', 386, 250, 58, 58)
fake_00537.png,patch_overlay,('patch_overlay', 357, 347, 91, 91)
fake_00538.png,patch_overlay,('patch_overlay', 157, 227, 79, 79)
fake_00539.png,module_corruption,('module_corruption', 20, 9, 12)
fake_00540.png,patch_overlay,('patch_overlay', 283, 33, 65, 65)
fake_00541.png,module_corruption,('module_corruption', 2, 22, 12)
fake_00542.png,module_corruption,('module_corruption', 5, 1, 12)
fake_00543.png,module_corruption,('module_corruption', 8, 16, 12)
fake_00544.png,patch_overlay,('patch_overlay', 46, 270, 57, 57)
fake_00545.png,module_corruption,('module_corruption', 18, 18, 13)
fake_00546.png,module_corruption,('module_corruption', 5, 6, 13)
fake_00547.png,module_corruption,('module_corruption', 13, 11, 14)
fake_00548.png,patch_overlay,('patch_overlay', 75, 348, 84, 84)
fake_00549.png,patch_overlay,('patch_overlay', 314, 186, 58, 58)
fake_00550.png,patch_overlay,('patch_overlay', 324, 235, 57, 57)
fake_00551.png,module_corruption,('module_corruption', 22, 22, 9)
fake_00552.png,patch_overlay,('patch_overlay', 76, 360, 54, 54)
fake_00553.png,module_corruption,('module_corruption', 12, 17, 12)
fake_00554.png,patch_overlay,('patch_overlay', 53, 126, 56, 56)
fake_00555.png,module_corruption,('module_corruption', 5, 7, 14)
fake_00556.png,patch_overlay,('patch_overlay', 341, 271, 84, 84)
fake_00557.png,module_corruption,('module_corruption', 25, 0, 12)
fake_00558.png,patch_overlay,('patch_overlay', 3, 30, 62, 62)
fake_00559.png,patch_overlay,('patch_overlay', 360, 35, 59, 59)
fake_00560.png,module_corruption,('module_corruption', 5, 14, 13)
fake_00561.png,patch_overlay,('patch_overlay', 156, 172, 82, 82)
fake_00562.png,module_corruption,('module_corruption', 28, 18, 9)
fake_00563.png,module_corruption,('module_corruption', 15, 17, 12)
fake_00564.png,patch_overlay,('patch_overlay', 305, 358, 84, 84)
fake_00565.png,module_corruption,('module_corruption', 9, 2, 13)
fake_00566.png,module_corruption,('module_corruption', 14, 5, 13)
fake_00567.png,patch_overlay,('patch_overlay', 152, 193, 63, 63)
fake_00568.png,module_corruption,('module_corruption', 7, 4, 9)
fake_00569.png,patch_overlay,('patch_overlay', 314, 158, 71, 71)
fake_00570.png,module_corruption,('module_corruption', 23, 7, 13)
fake_00571.png,module_corruption,('module_corruption', 2, 19, 12)
fake_00572.png,patch_overlay,('patch_overlay', 84, 242, 92, 92)
fake_00573.png,module_corruption,('module_corruption', 18, 7, 11)
fake_00574.png,module_corruption,('module_corruption', 12, 2, 13)
fake_00575.png,patch_overlay,('patch_overlay', 388, 390, 56, 56)
fake_00576.png,module_corruption,('module_corruption', 18, 23, 10)
fake_00577.png,module_corruption,('module_corruption', 12, 17, 12)
fake_00578.png,module_corruption,('module_corruption', 7, 14, 12)
fake_00579.png,patch_overlay,('patch_overlay', 213, 71, 90, 90)
fake_00580.png,module_corruption,('module_corruption', 0, 5, 12)
fake_00581.png,module_corruption,('module_corruption', 20, 19, 13)
fake_00582.png,patch_overlay,('patch_overlay', 266, 286, 96, 96)
fake_00583.png,patch_overlay,('patch_overlay', 105, 209, 71, 71)
fake_00584.png,patch_overlay,('patch_overlay', 19, 73, 73, 73)
fake_00585.png,module_corruption,('module_corruption', 25, 21, 12)
fake_00586.png,patch_overlay,('patch_overlay', 54, 209, 65, 65)
fake_00587.png,module_corruption,('module_corruption', 10, 9, 12)
fake_00588.png,patch_overlay,('patch_overlay', 124, 199, 79, 79)
fake_00589.png,module_corruption,('module_corruption', 15, 17, 10)
fake_00590.png,module_corruption,('module_corruption', 4, 19, 14)
fake_00591.png,patch_overlay,('patch_overlay', 189, 314, 69, 69)
fake_00592.png,patch_overlay,('patch_overlay', 233, 259, 86, 86)
fake_00593.png,patch_overlay,('patch_overlay', 103, 234, 64, 64)
fake_00594.png,patch_overlay,('patch_overlay', 378, 112, 68, 68)
fake_00595.png,module_corruption,('module_corruption', 14, 12, 12)
fake_00596.png,module_corruption,('module_corruption', 10, 19, 13)
fake_00597.png,patch_overlay,('patch_overlay', 57, 276, 55, 55)
fake_00598.png,module_corruption,('module_corruption', 22, 11, 13)
fake_00599.png,module_corruption,('module_corruption', 19, 11, 14)
fake_00600.png,module_corruption,('module_corruption', 19, 11, 9)
fake_00601.png,module_corruption,('module_corruption', 27, 24, 10)
fake_00602.png,patch_overlay,('patch_overlay', 139, 207, 69, 69)
fake_00603.png,module_corruption,('module_corruption', 14, 17, 10)
fake_00604.png,module_corruption,('module_corruption', 24, 7, 11)
fake_00605.png,patch_overlay,('patch_overlay', 252, 291, 68, 68)
fake_00606.png,module_corruption,('module_corruption', 8, 7, 11)
fake_00607.png,patch_overlay,('patch_overlay', 149, 235, 82, 82)
fake_00608.png,patch_overlay,('patch_overlay', 240, 354, 56, 56)
fake_00609.png,patch_overlay,('patch_overlay', 327, 261, 69, 69)
fake_00610.png,patch_overlay,('patch_overlay', 329, 212, 69, 69)
fake_00611.png,module_corruption,('module_corruption', 3, 15, 10)
fake_00612.png,module_corruption,('module_corruption', 23, 7, 10)
fake_00613.png,module_corruption,('module_corruption', 5, 18, 13)
fake_00614.png,module_corruption,('module_corruption', 15, 19, 10)
fake_00615.png,module_corruption,('module_corruption', 19, 2, 11)
fake_00616.png,module_corruption,('module_corruption', 11, 15, 9)
fake_00617.png,patch_overlay,('patch_overlay', 202, 264, 75, 75)
fake_00618.png,module_corruption,('module_corruption', 6, 3, 13)
fake_00619.png,patch_overlay,('patch_overlay', 95, 18, 58, 58)
fake_00620.png,patch_overlay,('patch_overlay', 128, 114, 71, 71)
fake_00621.png,module_corruption,('module_corruption', 11, 18, 13)
fake_00622.png,module_corruption,('module_corruption', 3, 22, 14)
fake_00623.png,patch_overlay,('patch_overlay', 37, 185, 57, 57)
fake_00624.png,patch_overlay,('patch_overlay', 218, 191, 67, 67)
fake_00625.png,patch_overlay,('patch_overlay', 159, 140, 56, 56)
fake_00626.png,module_corruption,('module_corruption', 9, 23, 9)
fake_00627.png,module_corruption,('module_corruption', 21, 19, 12)
fake_00628.png,patch_overlay,('patch_overlay', 262, 60, 90, 90)
fake_00629.png,patch_overlay,('patch_overlay', 178, 42, 62, 62)
fake_00630.png,patch_overlay,('patch_overlay', 374, 168, 61, 61)
fake_00631.png,module_corruption,('module_corruption', 6, 7, 13)
fake_00632.png,module_corruption,('module_corruption', 20, 6, 13)
fake_00633.png,module_corruption,('module_corruption', 5, 4, 13)
fake_00634.png,module_corruption,('module_corruption', 25, 19, 10)
fake_00635.png,module_corruption,('module_corruption', 12, 3, 9)
fake_00636.png,module_corruption,('module_corruption', 21, 25, 12)
fake_00637.png,patch_overlay,('patch_overlay', 289, 236, 87, 87)
fake_00638.png,patch_overlay,('patch_overlay', 348, 186, 82, 82)
fake_00639.png,module_corruption,('module_corruption', 7, 4, 13)
fake_00640.png,module_corruption,('module_corruption', 18, 0, 13)
fake_00641.png,patch_overlay,('patch_overlay', 135, 59, 60, 60)
fake_00642.png,patch_overlay,('patch_overlay', 126, 213, 59, 59)
fake_00643.png,module_corruption,('module_corruption', 18, 9, 13)
fake_00644.png,module_corruption,('module_corruption', 16, 0, 11)
fake_00645.png,module_corruption,('module_corruption', 21, 26, 10)
fake_00646.png,module_corruption,('module_corruption', 3, 3, 13)
fake_00647.png,module_corruption,('module_corruption', 21, 6, 10)
fake_00648.png,module_corruption,('module_corruption', 21, 10, 11)
fake_00649.png,module_corruption,('module_corruption', 13, 8, 10)
fake_00650.png,patch_overlay,('patch_overlay', 233, 373, 58, 58)
fake_00651.png,module_corruption,('module_corruption', 20, 5, 13)
fake_00652.png,module_corruption,('module_corruption', 17, 21, 11)
fake_00653.png,module_corruption,('module_corruption', 7, 24, 9)
fake_00654.png,patch_overlay,('patch_overlay', 189, 266, 80, 80)
fake_00655.png,patch_overlay,('patch_overlay', 33, 392, 55, 55)
fake_00656.png,patch_overlay,('patch_overlay', 284, 191, 82, 82)
fake_00657.png,patch_overlay,('patch_overlay', 260, 247, 84, 84)
fake_00658.png,patch_overlay,('patch_overlay', 9, 216, 63, 63)
fake_00659.png,module_corruption,('module_corruption', 15, 18, 10)
fake_00660.png,module_corruption,('module_corruption', 22, 18, 12)
fake_00661.png,patch_overlay,('patch_overlay', 234, 265, 71, 71)
fake_00662.png,patch_overlay,('patch_overlay', 269, 231, 89, 89)
fake_00663.png,module_corruption,('module_corruption', 8, 24, 10)
fake_00664.png,patch_overlay,('patch_overlay', 125, 157, 93, 93)
fake_00665.png,patch_overlay,('patch_overlay', 253, 236, 64, 64)
fake_00666.png,patch_overlay,('patch_overlay', 221, 230, 89, 89)
fake_00667.png,module_corruption,('module_corruption', 0, 21, 14)
fake_00668.png,patch_overlay,('patch_overlay', 286, 57, 76, 76)
fake_00669.png,module_corruption,('module_corruption', 1, 2, 13)
fake_00670.png,module_corruption,('module_corruption', 3, 9, 12)
fake_00671.png,module_corruption,('module_corruption', 13, 6, 14)
fake_00672.png,patch_overlay,('patch_overlay', 301, 354, 84, 84)
fake_00673.png,module_corruption,('module_corruption', 16, 18, 13)
fake_00674.png,patch_overlay,('patch_overlay', 189, 291, 71, 71)
fake_00675.png,patch_overlay,('patch_overlay', 182, 208, 77, 77)
fake_00676.png,patch_overlay,('patch_overlay', 280, 285, 90, 90)
fake_00677.png,patch_overlay,('patch_overlay', 169, 5, 72, 72)
fake_00678.png,module_corruption,('module_corruption', 16, 15, 14)
fake_00679.png,module_corruption,('module_corruption', 28, 6, 9)
fake_00680.png,module_corruption,('module_corruption', 19, 19, 9)
fake_00681.png,module_corruption,('module_corruption', 26, 19, 10)
fake_00682.png,module_corruption,('module_corruption', 24, 9, 11)
fake_00683.png,module_corruption,('module_corruption', 10, 26, 10)
fake_00684.png,module_corruption,('module_corruption', 17, 4, 12)
fake_00685.png,module_corruption,('module_corruption', 23, 10, 12)
fake_00686.png,module_corruption,('module_corruption', 24, 4, 13)
fake_00687.png,module_corruption,('module_corruption', 13, 17, 13)
fake_00688.png,module_corruption,('module_corruption', 19, 20, 9)
fake_00689.png,patch_overlay,('patch_overlay', 344, 55, 71, 71)
fake_00690.png,module_corruption,('module_corruption', 8, 8, 9)
fake_00691.png,module_corruption,('module_corruption', 7, 13, 10)
fake_00692.png,patch_overlay,('patch_overlay', 267, 24, 91, 91)
fake_00693.png,module_corruption,('module_corruption', 4, 22, 14)
fake_00694.png,patch_overlay,('patch_overlay', 334, 290, 87, 87)
fake_00695.png,patch_overlay,('patch_overlay', 207, 362, 87, 87)
fake_00696.png,patch_overlay,('patch_overlay', 62, 63, 59, 59)
fake_00697.png,module_corruption,('module_corruption', 0, 2, 13)
fake_00698.png,module_corruption,('module_corruption', 13, 6, 13)
fake_00699.png,patch_overlay,('patch_overlay', 302, 47, 81, 81)
fake_00700.png,module_corruption,('module_corruption', 12, 20, 13)
fake_00701.png,patch_overlay,('patch_overlay', 256, 278, 98, 98)
fake_00702.png,patch_overlay,('patch_overlay', 104, 147, 62, 62)
fake_00703.png,patch_overlay,('patch_overlay', 148, 93, 54, 54)
fake_00704.png,patch_overlay,('patch_overlay', 71, 283, 74, 74)
fake_00705.png,module_corruption,('module_corruption', 7, 24, 11)
fake_00706.png,module_corruption,('module_corruption', 8, 6, 11)
fake_00707.png,patch_overlay,('patch_overlay', 329, 158, 91, 91)
fake_00708.png,module_corruption,('module_corruption', 12, 2, 11)
fake_00709.png,patch_overlay,('patch_overlay', 32, 5, 93, 93)
fake_00710.png,patch_overlay,('patch_overlay', 201, 341, 69, 69)
fake_00711.png,module_corruption,('module_corruption', 17, 20, 9)
fake_00712.png,patch_overlay,('patch_overlay', 226, 186, 90, 90)
fake_00713.png,patch_overlay,('patch_overlay', 360, 215, 81, 81)
fake_00714.png,module_corruption,('module_corruption', 24, 1, 9)
fake_00715.png,module_corruption,('module_corruption', 3, 1, 11)
fake_00716.png,patch_overlay,('patch_overlay', 252, 284, 87, 87)
fake_00717.png,patch_overlay,('patch_overlay', 67, 171, 82, 82)
fake_00718.png,module_corruption,('module_corruption', 19, 21, 9)
fake_00719.png,module_corruption,('module_corruption', 14, 13, 13)
fake_00720.png,module_corruption,('module_corruption', 14, 8, 14)
fake_00721.png,patch_overlay,('patch_overlay', 48, 320, 66, 66)
fake_00722.png,patch_overlay,('patch_overlay', 305, 365, 55, 55)
fake_00723.png,module_corruption,('module_corruption', 1, 5, 13)
fake_00724.png,module_corruption,('module_corruption', 23, 15, 9)
fake_00725.png,module_corruption,('module_corruption', 5, 12, 10)
fake_00726.png,patch_overlay,('patch_overlay', 298, 102, 90, 90)
fake_00727.png,module_corruption,('module_corruption', 23, 6, 13)
fake_00728.png,module_corruption,('module_corruption', 7, 2, 10)
fake_00729.png,patch_overlay,('patch_overlay', 12, 64, 68, 68)
fake_00730.png,patch_overlay,('patch_overlay', 131, 348, 92, 92)
fake_00731.png,module_corruption,('module_corruption', 7, 1, 14)
fake_00732.png,patch_overlay,('patch_overlay', 155, 386, 56, 56)
fake_00733.png,module_corruption,('module_corruption', 5, 16, 14)
fake_00734.png,patch_overlay,('patch_overlay', 85, 106, 73, 73)
fake_00735.png,patch_overlay,('patch_overlay', 150, 112, 81, 81)
fake_00736.png,module_corruption,('module_corruption', 15, 18, 12)
fake_00737.png,patch_overlay,('patch_overlay', 157, 327, 55, 55)
fake_00738.png,module_corruption,('module_corruption', 6, 10, 11)
fake_00739.png,module_corruption,('module_corruption', 21, 19, 9)
fake_00740.png,module_corruption,('module_corruption', 21, 22, 13)
fake_00741.png,module_corruption,('module_corruption', 17, 5, 11)
fake_00742.png,patch_overlay,('patch_overlay', 1, 203, 94, 94)
fake_00743.png,module_corruption,('module_corruption', 17, 20, 14)
fake_00744.png,module_corruption,('module_corruption', 22, 13, 10)
fake_00745.png,patch_overlay,('patch_overlay', 34, 119, 56, 56)
fake_00746.png,module_corruption,('module_corruption', 22, 20, 12)
fake_00747.png,patch_overlay,('patch_overlay', 78, 190, 62, 62)
fake_00748.png,patch_overlay,('patch_overlay', 292, 363, 79, 79)
fake_00749.png,module_corruption,('module_corruption', 1, 17, 12)
fake_00750.png,patch_overlay,('patch_overlay', 334, 13, 80, 80)
fake_00751.png,patch_overlay,('patch_overlay', 34, 128, 59, 59)
fake_00752.png,module_corruption,('module_corruption', 4, 10, 13)
fake_00753.png,patch_overlay,('patch_overlay', 330, 134, 91, 91)
fake_00754.png,module_corruption,('module_corruption', 9, 16, 9)
fake_00755.png,patch_overlay,('patch_overlay', 56, 149, 90, 90)
fake_00756.png,patch_overlay,('patch_overlay', 271, 112, 89, 89)
fake_00757.png,module_corruption,('module_corruption', 25, 9, 10)
fake_00758.png,module_corruption,('module_corruption', 18, 24, 13)
fake_00759.png,patch_overlay,('patch_overlay', 103, 262, 62, 62)
fake_00760.png,patch_overlay,('patch_overlay', 37, 51, 95, 95)
fake_00761.png,patch_overlay,('patch_overlay', 326, 81, 67, 67)
fake_00762.png,module_corruption,('module_corruption', 5, 17, 13)
fake_00763.png,module_corruption,('module_corruption', 21, 15, 12)
fake_00764.png,module_corruption,('module_corruption', 8, 19, 13)
fake_00765.png,patch_overlay,('patch_overlay', 309, 77, 87, 87)
fake_00766.png,module_corruption,('module_corruption', 1, 1, 9)
fake_00767.png,patch_overlay,('patch_overlay', 341, 119, 89, 89)
fake_00768.png,module_corruption,('module_corruption', 2, 9, 12)
fake_00769.png,patch_overlay,('patch_overlay', 48, 375, 59, 59)
fake_00770.png,patch_overlay,('patch_overlay', 352, 273, 97, 97)
fake_00771.png,patch_overlay,('patch_overlay', 18, 8, 86, 86)
fake_00772.png,module_corruption,('module_corruption', 10, 11, 12)
fake_00773.png,module_corruption,('module_corruption', 6, 1, 13)
fake_00774.png,module_corruption,('module_corruption', 0, 6, 13)
fake_00775.png,patch_overlay,('patch_overlay', 108, 183, 54, 54)
fake_00776.png,module_corruption,('module_corruption', 1, 2, 13)
fake_00777.png,module_corruption,('module_corruption', 1, 13, 13)
fake_00778.png,patch_overlay,('patch_overlay', 242, 56, 71, 71)
fake_00779.png,patch_overlay,('patch_overlay', 269, 318, 98, 98)
fake_00780.png,patch_overlay,('patch_overlay', 316, 55, 61, 61)
fake_00781.png,patch_overlay,('patch_overlay', 262, 97, 70, 70)
fake_00782.png,module_corruption,('module_corruption', 1, 25, 12)
fake_00783.png,module_corruption,('module_corruption', 1, 16, 13)
fake_00784.png,patch_overlay,('patch_overlay', 27, 274, 95, 95)
fake_00785.png,module_corruption,('module_corruption', 0, 8, 11)
fake_00786.png,module_corruption,('module_corruption', 7, 18, 13)
fake_00787.png,patch_overlay,('patch_overlay', 158, 329, 94, 94)
fake_00788.png,module_corruption,('module_corruption', 8, 16, 11)
fake_00789.png,module_corruption,('module_corruption', 2, 23, 13)
fake_00790.png,module_corruption,('module_corruption', 24, 15, 12)
fake_00791.png,patch_overlay,('patch_overlay', 33, 141, 65, 65)
fake_00792.png,patch_overlay,('patch_overlay', 80, 99, 72, 72)
fake_00793.png,module_corruption,('module_corruption', 18, 15, 13)
fake_00794.png,patch_overlay,('patch_overlay', 84, 78, 91, 91)
fake_00795.png,patch_overlay,('patch_overlay', 253, 345, 55, 55)
fake_00796.png,module_corruption,('module_corruption', 3, 26, 9)
fake_00797.png,module_corruption,('module_corruption', 17, 10, 10)
fake_00798.png,module_corruption,('module_corruption', 10, 20, 12)
fake_00799.png,module_corruption,('module_corruption', 11, 14, 12)
fake_00800.png,module_corruption,('module_corruption', 18, 10, 9)
fake_00801.png,patch_overlay,('patch_overlay', 296, 144, 74, 74)
fake_00802.png,patch_overlay,('patch_overlay', 238, 190, 97, 97)
fake_00803.png,module_corruption,('module_corruption', 8, 0, 13)
fake_00804.png,module_corruption,('module_corruption', 18, 10, 12)
fake_00805.png,module_corruption,('module_corruption', 17, 19, 12)
fake_00806.png,module_corruption,('module_corruption', 9, 19, 14)
fake_00807.png,module_corruption,('module_corruption', 8, 14, 13)
fake_00808.png,module_corruption,('module_corruption', 1, 14, 10)
fake_00809.png,module_corruption,('module_corruption', 4, 14, 13)
fake_00810.png,patch_overlay,('patch_overlay', 284, 97, 68, 68)
fake_00811.png,patch_overlay,('patch_overlay', 187, 286, 64, 64)
fake_00812.png,patch_overlay,('patch_overlay', 6, 100, 61, 61)
fake_00813.png,module_corruption,('module_corruption', 18, 19, 13)
fake_00814.png,patch_overlay,('patch_overlay', 293, 196, 95, 95)
fake_00815.png,patch_overlay,('patch_overlay', 153, 305, 79, 79)
fake_00816.png,patch_overlay,('patch_overlay', 254, 159, 67, 67)
fake_00817.png,module_corruption,('module_corruption', 15, 22, 9)
fake_00818.png,patch_overlay,('patch_overlay', 348, 286, 57, 57)
fake_00819.png,module_corruption,('module_corruption', 11, 18, 9)
fake_00820.png,patch_overlay,('patch_overlay', 139, 61, 94, 94)
fake_00821.png,patch_overlay,('patch_overlay', 29, 274, 77, 77)
fake_00822.png,patch_overlay,('patch_overlay', 133, 195, 79, 79)
fake_00823.png,module_corruption,('module_corruption', 9, 9, 11)
fake_00824.png,patch_overlay,('patch_overlay', 141, 85, 70, 70)
fake_00825.png,module_corruption,('module_corruption', 25, 20, 12)
fake_00826.png,patch_overlay,('patch_overlay', 297, 213, 67, 67)
fake_00827.png,patch_overlay,('patch_overlay', 162, 100, 88, 88)
fake_00828.png,patch_overlay,('patch_overlay', 151, 288, 71, 71)
fake_00829.png,module_corruption,('module_corruption', 20, 18, 11)
fake_00830.png,patch_overlay,('patch_overlay', 68, 311, 88, 88)
fake_00831.png,module_corruption,('module_corruption', 25, 10, 10)
fake_00832.png,module_corruption,('module_corruption', 15, 5, 12)
fake_00833.png,patch_overlay,('patch_overlay', 342, 24, 98, 98)
fake_00834.png,patch_overlay,('patch_overlay', 337, 324, 83, 83)
fake_00835.png,patch_overlay,('patch_overlay', 103, 28, 69, 69)
fake_00836.png,patch_overlay,('patch_overlay', 169, 163, 91, 91)
fake_00837.png,patch_overlay,('patch_overlay', 250, 183, 78, 78)
fake_00838.png,patch_overlay,('patch_overlay', 173, 98, 98, 98)
fake_00839.png,patch_overlay,('patch_overlay', 63, 313, 63, 63)
fake_00840.png,module_corruption,('module_corruption', 18, 12, 11)
fake_00841.png,module_corruption,('module_corruption', 4, 16, 13)
fake_00842.png,module_corruption,('module_corruption', 16, 3, 9)
fake_00843.png,patch_overlay,('patch_overlay', 200, 203, 96, 96)
fake_00844.png,module_corruption,('module_corruption', 13, 22, 12)
fake_00845.png,patch_overlay,('patch_overlay', 155, 150, 90, 90)
fake_00846.png,module_corruption,('module_corruption', 23, 3, 10)
fake_00847.png,module_corruption,('module_corruption', 15, 22, 9)
fake_00848.png,module_corruption,('module_corruption', 24, 10, 11)
fake_00849.png,patch_overlay,('patch_overlay', 143, 25, 84, 84)
fake_00850.png,module_corruption,('module_corruption', 23, 24, 10)
fake_00851.png,patch_overlay,('patch_overlay', 4, 83, 93, 93)
fake_00852.png,module_corruption,('module_corruption', 12, 0, 11)
fake_00853.png,module_corruption,('module_corruption', 2, 6, 13)
fake_00854.png,patch_overlay,('patch_overlay', 194, 190, 91, 91)
fake_00855.png,module_corruption,('module_corruption', 4, 19, 14)
fake_00856.png,module_corruption,('module_corruption', 18, 11, 13)
fake_00857.png,module_corruption,('module_corruption', 20, 2, 9)
fake_00858.png,patch_overlay,('patch_overlay', 219, 20, 64, 64)
fake_00859.png,patch_overlay,('patch_overlay', 68, 332, 69, 69)
fake_00860.png,patch_overlay,('patch_overlay', 113, 361, 72, 72)
fake_00861.png,patch_overlay,('patch_overlay', 10, 42, 83, 83)
fake_00862.png,patch_overlay,('patch_overlay', 214, 51, 67, 67)
fake_00863.png,patch_overlay,('patch_overlay', 15, 367, 63, 63)
fake_00864.png,module_corruption,('module_corruption', 25, 22, 9)
fake_00865.png,patch_overlay,('patch_overlay', 183, 247, 93, 93)
fake_00866.png,module_corruption,('module_corruption', 6, 16, 14)
fake_00867.png,module_corruption,('module_corruption', 16, 23, 9)
fake_00868.png,module_corruption,('module_corruption', 23, 12, 10)
fake_00869.png,module_corruption,('module_corruption', 9, 6, 10)
fake_00870.png,module_corruption,('module_corruption', 4, 24, 10)
fake_00871.png,patch_overlay,('patch_overlay', 148, 140, 69, 69)
fake_00872.png,patch_overlay,('patch_overlay', 263, 118, 90, 90)
fake_00873.png,patch_overlay,('patch_overlay', 65, 293, 92, 92)
fake_00874.png,module_corruption,('module_corruption', 15, 0, 12)
fake_00875.png,module_corruption,('module_corruption', 4, 12, 13)
fake_00876.png,module_corruption,('module_corruption', 25, 25, 11)
fake_00877.png,module_corruption,('module_corruption', 3, 14, 12)
fake_00878.png,module_corruption,('module_corruption', 3, 18, 13)
fake_00879.png,patch_overlay,('patch_overlay', 271, 117, 76, 76)
fake_00880.png,module_corruption,('module_corruption', 14, 8, 13)
fake_00881.png,module_corruption,('module_corruption', 3, 21, 11)
fake_00882.png,module_corruption,('module_corruption', 24, 3, 13)
fake_00883.png,patch_overlay,('patch_overlay', 119, 9, 93, 93)
fake_00884.png,module_corruption,('module_corruption', 21, 21, 13)
fake_00885.png,patch_overlay,('patch_overlay', 203, 235, 92, 92)
fake_00886.png,patch_overlay,('patch_overlay', 357, 354, 55, 55)
fake_00887.png,patch_overlay,('patch_overlay', 81, 67, 76, 76)
fake_00888.png,module_corruption,('module_corruption', 19, 27, 9)
fake_00889.png,patch_overlay,('patch_overlay', 160, 339, 60, 60)
fake_00890.png,module_corruption,('module_corruption', 8, 11, 13)
fake_00891.png,module_corruption,('module_corruption', 28, 12, 9)
fake_00892.png,module_corruption,('module_corruption', 3, 5, 11)
fake_00893.png,patch_overlay,('patch_overlay', 309, 63, 58, 58)
fake_00894.png,module_corruption,('module_corruption', 20, 1, 12)
fake_00895.png,patch_overlay,('patch_overlay', 272, 141, 64, 64)
fake_00896.png,patch_overlay,('patch_overlay', 145, 83, 69, 69)
fake_00897.png,module_corruption,('module_corruption', 17, 24, 10)
fake_00898.png,module_corruption,('module_corruption', 20, 21, 13)
fake_00899.png,patch_overlay,('patch_overlay', 53, 121, 87, 87)
fake_00900.png,patch_overlay,('patch_overlay', 38, 294, 54, 54)
fake_00901.png,module_corruption,('module_corruption', 5, 15, 13)
fake_00902.png,patch_overlay,('patch_overlay', 316, 118, 85, 85)
fake_00903.png,module_corruption,('module_corruption', 3, 18, 11)
fake_00904.png,patch_overlay,('patch_overlay', 152, 304, 62, 62)
fake_00905.png,module_corruption,('module_corruption', 19, 10, 12)
fake_00906.png,patch_overlay,('patch_overlay', 314, 193, 80, 80)
fake_00907.png,patch_overlay,('patch_overlay', 0, 352, 66, 66)
fake_00908.png,patch_overlay,('patch_overlay', 175, 350, 71, 71)
fake_00909.png,module_corruption,('module_corruption', 3, 5, 12)
fake_00910.png,patch_overlay,('patch_overlay', 231, 314, 55, 55)
fake_00911.png,module_corruption,('module_corruption', 11, 1, 10)
fake_00912.png,module_corruption,('module_corruption', 23, 5, 10)
fake_00913.png,patch_overlay,('patch_overlay', 107, 283, 63, 63)
fake_00914.png,patch_overlay,('patch_overlay', 309, 90, 77, 77)
fake_00915.png,module_corruption,('module_corruption', 26, 0, 11)
fake_00916.png,patch_overlay,('patch_overlay', 227, 183, 78, 78)
fake_00917.png,module_corruption,('module_corruption', 17, 17, 11)
fake_00918.png,patch_overlay,('patch_overlay', 147, 10, 68, 68)
fake_00919.png,patch_overlay,('patch_overlay', 171, 186, 85, 85)
fake_00920.png,module_corruption,('module_corruption', 11, 13, 13)
fake_00921.png,module_corruption,('module_corruption', 0, 22, 9)
fake_00922.png,patch_overlay,('patch_overlay', 357, 324, 87, 87)
fake_00923.png,patch_overlay,('patch_overlay', 113, 26, 74, 74)
fake_00924.png,module_corruption,('module_corruption', 21, 21, 12)
fake_00925.png,module_corruption,('module_corruption', 1, 7, 11)
fake_00926.png,patch_overlay,('patch_overlay', 336, 309, 59, 59)
fake_00927.png,module_corruption,('module_corruption', 25, 22, 12)
fake_00928.png,patch_overlay,('patch_overlay', 180, 194, 78, 78)
fake_00929.png,module_corruption,('module_corruption', 19, 10, 14)
fake_00930.png,module_corruption,('module_corruption', 12, 16, 10)
fake_00931.png,patch_overlay,('patch_overlay', 106, 356, 92, 92)
fake_00932.png,patch_overlay,('patch_overlay', 393, 103, 56, 56)
fake_00933.png,patch_overlay,('patch_overlay', 289, 250, 76, 76)
fake_00934.png,module_corruption,('module_corruption', 12, 21, 14)
fake_00935.png,patch_overlay,('patch_overlay', 107, 164, 78, 78)
fake_00936.png,patch_overlay,('patch_overlay', 278, 356, 90, 90)
fake_00937.png,module_corruption,('module_corruption', 13, 23, 9)
fake_00938.png,patch_overlay,('patch_overlay', 204, 179, 65, 65)
fake_00939.png,module_corruption,('module_corruption', 24, 15, 9)
fake_00940.png,module_corruption,('module_corruption', 9, 19, 13)
fake_00941.png,patch_overlay,('patch_overlay', 364, 0, 56, 56)
fake_00942.png,patch_overlay,('patch_overlay', 43, 373, 72, 72)
fake_00943.png,patch_overlay,('patch_overlay', 300, 269, 80, 80)
fake_00944.png,patch_overlay,('patch_overlay', 354, 226, 71, 71)
fake_00945.png,module_corruption,('module_corruption', 8, 13, 14)
fake_00946.png,module_corruption,('module_corruption', 16, 3, 13)
fake_00947.png,module_corruption,('module_corruption', 12, 3, 14)
fake_00948.png,module_corruption,('module_corruption', 16, 0, 13)
fake_00949.png,module_corruption,('module_corruption', 11, 23, 11)
fake_00950.png,patch_overlay,('patch_overlay', 210, 91, 58, 58)
fake_00951.png,module_corruption,('module_corruption', 13, 21, 9)
fake_00952.png,patch_overlay,('patch_overlay', 54, 203, 69, 69)
fake_00953.png,patch_overlay,('patch_overlay', 42, 182, 81, 81)
fake_00954.png,module_corruption,('module_corruption', 9, 27, 9)
fake_00955.png,patch_overlay,('patch_overlay', 170, 315, 60, 60)
fake_00956.png,patch_overlay,('patch_overlay', 62, 272, 69, 69)
fake_00957.png,module_corruption,('module_corruption', 22, 21, 11)
fake_00958.png,patch_overlay,('patch_overlay', 300, 30, 82, 82)
fake_00959.png,module_corruption,('module_corruption', 16, 2, 12)
fake_00960.png,module_corruption,('module_corruption', 16, 18, 13)
fake_00961.png,module_corruption,('module_corruption', 11, 14, 13)
fake_00962.png,module_corruption,('module_corruption', 20, 11, 10)
fake_00963.png,patch_overlay,('patch_overlay', 242, 60, 95, 95)
fake_00964.png,module_corruption,('module_corruption', 18, 10, 11)
fake_00965.png,patch_overlay,('patch_overlay', 54, 141, 59, 59)
fake_00966.png,patch_overlay,('patch_overlay', 159, 53, 89, 89)
fake_00967.png,patch_overlay,('patch_overlay', 48, 100, 75, 75)
fake_00968.png,patch_overlay,('patch_overlay', 112, 63, 54, 54)
fake_00969.png,patch_overlay,('patch_overlay', 351, 343, 77, 77)
fake_00970.png,module_corruption,('module_corruption', 9, 20, 14)
fake_00971.png,patch_overlay,('patch_overlay', 145, 57, 94, 94)
fake_00972.png,module_corruption,('module_corruption', 18, 22, 11)
fake_00973.png,patch_overlay,('patch_overlay', 335, 213, 74, 74)
fake_00974.png,module_corruption,('module_corruption', 11, 4, 11)
fake_00975.png,module_corruption,('module_corruption', 23, 20, 11)
fake_00976.png,module_corruption,('module_corruption', 6, 22, 11)
fake_00977.png,module_corruption,('module_corruption', 19, 10, 14)
fake_00978.png,module_corruption,('module_corruption', 14, 13, 11)
fake_00979.png,module_corruption,('module_corruption', 4, 25, 10)
fake_00980.png,module_corruption,('module_corruption', 8, 23, 9)
fake_00981.png,patch_overlay,('patch_overlay', 312, 305, 96, 96)
fake_00982.png,patch_overlay,('patch_overlay', 42, 186, 86, 86)
fake_00983.png,patch_overlay,('patch_overlay', 93, 174, 92, 92)
fake_00984.png,patch_overlay,('patch_overlay', 240, 339, 91, 91)
fake_00985.png,module_corruption,('module_corruption', 19, 23, 13)
fake_00986.png,module_corruption,('module_corruption', 25, 10, 9)
fake_00987.png,module_corruption,('module_corruption', 20, 19, 9)
fake_00988.png,patch_overlay,('patch_overlay', 262, 96, 64, 64)
fake_00989.png,patch_overlay,('patch_overlay', 197, 248, 82, 82)
fake_00990.png,module_corruption,('module_corruption', 15, 18, 10)
fake_00991.png,module_corruption,('module_corruption', 21, 2, 10)
fake_00992.png,module_corruption,('module_corruption', 22, 13, 12)
fake_00993.png,patch_overlay,('patch_overlay', 328, 58, 78, 78)
fake_00994.png,module_corruption,('module_corruption', 21, 6, 13)
fake_00995.png,module_corruption,('module_corruption', 4, 8, 10)
fake_00996.png,module_corruption,('module_corruption', 4, 22, 10)
fake_00997.png,patch_overlay,('patch_overlay', 38, 321, 85, 85)
fake_00998.png,module_corruption,('module_corruption', 7, 17, 10)
fake_00999.png,module_corruption,('module_corruption', 9, 21, 10)
fake_01000.png,module_corruption,('module_corruption', 2, 0, 13)
fake_01001.png,module_corruption,('module_corruption', 5, 4, 10)
fake_01002.png,patch_overlay,('patch_overlay', 215, 15, 96, 96)
fake_01003.png,module_corruption,('module_corruption', 2, 3, 12)
fake_01004.png,patch_overlay,('patch_overlay', 102, 51, 64, 64)
fake_01005.png,module_corruption,('module_corruption', 1, 7, 13)
fake_01006.png,patch_overlay,('patch_overlay', 321, 230, 58, 58)
fake_01007.png,module_corruption,('module_corruption', 21, 16, 10)
fake_01008.png,module_corruption,('module_corruption', 4, 20, 14)
fake_01009.png,patch_overlay,('patch_overlay', 240, 7, 70, 70)
fake_01010.png,module_corruption,('module_corruption', 0, 7, 12)
fake_01011.png,module_corruption,('module_corruption', 8, 16, 12)
fake_01012.png,module_corruption,('module_corruption', 9, 22, 11)
fake_01013.png,patch_overlay,('patch_overlay', 294, 40, 64, 64)
fake_01014.png,patch_overlay,('patch_overlay', 103, 282, 86, 86)
fake_01015.png,patch_overlay,('patch_overlay', 235, 107, 83, 83)
fake_01016.png,patch_overlay,('patch_overlay', 126, 85, 91, 91)
fake_01017.png,module_corruption,('module_corruption', 23, 18, 11)
fake_01018.png,patch_overlay,('patch_overlay', 13, 5, 88, 88)
fake_01019.png,patch_overlay,('patch_overlay', 163, 325, 81, 81)
fake_01020.png,patch_overlay,('patch_overlay', 104, 8, 79, 79)
fake_01021.png,patch_overlay,('patch_overlay', 328, 135, 84, 84)
fake_01022.png,module_corruption,('module_corruption', 13, 21, 9)
fake_01023.png,module_corruption,('module_corruption', 3, 20, 9)
fake_01024.png,module_corruption,('module_corruption', 16, 20, 10)
fake_01025.png,patch_overlay,('patch_overlay', 121, 13, 57, 57)
fake_01026.png,patch_overlay,('patch_overlay', 63, 215, 90, 90)
fake_01027.png,patch_overlay,('patch_overlay', 148, 29, 68, 68)
fake_01028.png,module_corruption,('module_corruption', 8, 21, 9)
fake_01029.png,patch_overlay,('patch_overlay', 295, 211, 81, 81)
fake_01030.png,patch_overlay,('patch_overlay', 322, 331, 72, 72)
fake_01031.png,module_corruption,('module_corruption', 20, 22, 13)
fake_01032.png,module_corruption,('module_corruption', 8, 7, 12)
fake_01033.png,module_corruption,('module_corruption', 25, 11, 9)
fake_01034.png,module_corruption,('module_corruption', 10, 25, 11)
fake_01035.png,patch_overlay,('patch_overlay', 144, 356, 85, 85)
fake_01036.png,patch_overlay,('patch_overlay', 350, 78, 97, 97)
fake_01037.png,module_corruption,('module_corruption', 2, 9, 9)
fake_01038.png,patch_overlay,('patch_overlay', 200, 8, 87, 87)
fake_01039.png,patch_overlay,('patch_overlay', 329, 290, 89, 89)
fake_01040.png,module_corruption,('module_corruption', 24, 28, 9)
fake_01041.png,patch_overlay,('patch_overlay', 318, 214, 93, 93)
fake_01042.png,module_corruption,('module_corruption', 19, 16, 11)
fake_01043.png,patch_overlay,('patch_overlay', 290, 47, 89, 89)
fake_01044.png,patch_overlay,('patch_overlay', 278, 121, 54, 54)
fake_01045.png,module_corruption,('module_corruption', 6, 26, 11)
fake_01046.png,module_corruption,('module_corruption', 27, 6, 9)
fake_01047.png,patch_overlay,('patch_overlay', 75, 34, 90, 90)
fake_01048.png,module_corruption,('module_corruption', 22, 0, 11)
fake_01049.png,module_corruption,('module_corruption', 20, 26, 11)
fake_01050.png,module_corruption,('module_corruption', 3, 21, 10)
fake_01051.png,module_corruption,('module_corruption', 26, 10, 11)
fake_01052.png,patch_overlay,('patch_overlay', 234, 364, 74, 74)
fake_01053.png,patch_overlay,('patch_overlay', 297, 15, 70, 70)
fake_01054.png,module_corruption,('module_corruption', 13, 21, 13)
fake_01055.png,module_corruption,('module_corruption', 13, 17, 9)
fake_01056.png,module_corruption,('module_corruption', 4, 4, 11)
fake_01057.png,module_corruption,('module_corruption', 12, 23, 12)
fake_01058.png,module_corruption,('module_corruption', 20, 16, 10)
fake_01059.png,patch_overlay,('patch_overlay', 62, 191, 72, 72)
fake_01060.png,module_corruption,('module_corruption', 13, 16, 10)
fake_01061.png,module_corruption,('module_corruption', 13, 20, 12)
fake_01062.png,patch_overlay,('patch_overlay', 273, 92, 74, 74)
fake_01063.png,module_corruption,('module_corruption', 1, 3, 13)
fake_01064.png,patch_overlay,('patch_overlay', 332, 135, 77, 77)
fake_01065.png,module_corruption,('module_corruption', 20, 8, 10)
fake_01066.png,patch_overlay,('patch_overlay', 187, 191, 57, 57)
fake_01067.png,patch_overlay,('patch_overlay', 334, 68, 97, 97)
fake_01068.png,patch_overlay,('patch_overlay', 340, 353, 85, 85)
fake_01069.png,module_corruption,('module_corruption', 2, 18, 12)
fake_01070.png,patch_overlay,('patch_overlay', 122, 221, 67, 67)
fake_01071.png,module_corruption,('module_corruption', 16, 9, 12)
fake_01072.png,module_corruption,('module_corruption', 21, 25, 10)
fake_01073.png,patch_overlay,('patch_overlay', 164, 128, 54, 54)
fake_01074.png,patch_overlay,('patch_overlay', 195, 180, 74, 74)
fake_01075.png,module_corruption,('module_corruption', 4, 4, 9)
fake_01076.png,module_corruption,('module_corruption', 26, 18, 10)
fake_01077.png,patch_overlay,('patch_overlay', 160, 5, 83, 83)
fake_01078.png,module_corruption,('module_corruption', 12, 18, 11)
fake_01079.png,patch_overlay,('patch_overlay', 16, 139, 85, 85)
fake_01080.png,module_corruption,('module_corruption', 4, 9, 13)
fake_01081.png,patch_overlay,('patch_overlay', 221, 250, 75, 75)
fake_01082.png,patch_overlay,('patch_overlay', 125, 341, 91, 91)
fake_01083.png,module_corruption,('module_corruption', 21, 16, 13)
fake_01084.png,module_corruption,('module_corruption', 6, 21, 14)
fake_01085.png,module_corruption,('module_corruption', 6, 24, 12)
fake_01086.png,module_corruption,('module_corruption', 13, 11, 9)
fake_01087.png,patch_overlay,('patch_overlay', 208, 322, 64, 64)
fake_01088.png,module_corruption,('module_corruption', 24, 23, 10)
fake_01089.png,module_corruption,('module_corruption', 10, 2, 12)
fake_01090.png,module_corruption,('module_corruption', 11, 23, 13)
fake_01091.png,module_corruption,('module_corruption', 7, 24, 11)
fake_01092.png,module_corruption,('module_corruption', 12, 13, 13)
fake_01093.png,module_corruption,('module_corruption', 5, 18, 13)
fake_01094.png,module_corruption,('module_corruption', 23, 18, 10)
fake_01095.png,patch_overlay,('patch_overlay', 324, 86, 83, 83)
fake_01096.png,patch_overlay,('patch_overlay', 111, 94, 73, 73)
fake_01097.png,module_corruption,('module_corruption', 21, 14, 13)
fake_01098.png,patch_overlay,('patch_overlay', 174, 253, 81, 81)
fake_01099.png,module_corruption,('module_corruption', 23, 10, 10)
fake_01100.png,module_corruption,('module_corruption', 10, 1, 12)
fake_01101.png,patch_overlay,('patch_overlay', 88, 269, 94, 94)
fake_01102.png,module_corruption,('module_corruption', 27, 14, 10)
fake_01103.png,patch_overlay,('patch_overlay', 185, 360, 83, 83)
fake_01104.png,module_corruption,('module_corruption', 9, 15, 13)
fake_01105.png,patch_overlay,('patch_overlay', 219, 89, 84, 84)
fake_01106.png,patch_overlay,('patch_overlay', 69, 181, 94, 94)
fake_01107.png,patch_overlay,('patch_overlay', 296, 1, 56, 56)
fake_01108.png,patch_overlay,('patch_overlay', 317, 213, 95, 95)
fake_01109.png,patch_overlay,('patch_overlay', 121, 87, 82, 82)
fake_01110.png,module_corruption,('module_corruption', 18, 7, 13)
fake_01111.png,patch_overlay,('patch_overlay', 226, 132, 86, 86)
fake_01112.png,module_corruption,('module_corruption', 6, 3, 10)
fake_01113.png,module_corruption,('module_corruption', 9, 22, 12)
fake_01114.png,patch_overlay,('patch_overlay', 350, 235, 87, 87)
fake_01115.png,module_corruption,('module_corruption', 6, 15, 9)
fake_01116.png,patch_overlay,('patch_overlay', 140, 83, 86, 86)
fake_01117.png,module_corruption,('module_corruption', 6, 2, 9)
fake_01118.png,module_corruption,('module_corruption', 17, 23, 10)
fake_01119.png,module_corruption,('module_corruption', 18, 1, 12)
fake_01120.png,patch_overlay,('patch_overlay', 45, 186, 65, 65)
fake_01121.png,module_corruption,('module_corruption', 4, 17, 11)
fake_01122.png,module_corruption,('module_corruption', 19, 11, 12)
fake_01123.png,module_corruption,('module_corruption', 13, 6, 9)
fake_01124.png,patch_overlay,('patch_overlay', 170, 8, 78, 78)
fake_01125.png,module_corruption,('module_corruption', 9, 9, 13)
fake_01126.png,patch_overlay,('patch_overlay', 271, 307, 64, 64)
fake_01127.png,module_corruption,('module_corruption', 17, 18, 11)
fake_01128.png,module_corruption,('module_corruption', 3, 3, 9)
fake_01129.png,module_corruption,('module_corruption', 6, 26, 9)
fake_01130.png,patch_overlay,('patch_overlay', 301, 175, 81, 81)
fake_01131.png,module_corruption,('module_corruption', 21, 8, 11)
fake_01132.png,patch_overlay,('patch_overlay', 246, 262, 76, 76)
fake_01133.png,module_corruption,('module_corruption', 4, 10, 9)
fake_01134.png,patch_overlay,('patch_overlay', 46, 226, 97, 97)
fake_01135.png,module_corruption,('module_corruption', 20, 23, 12)
fake_01136.png,patch_overlay,('patch_overlay', 330, 32, 56, 56)
fake_01137.png,patch_overlay,('patch_overlay', 158, 344, 60, 60)
fake_01138.png,patch_overlay,('patch_overlay', 165, 377, 62, 62)
fake_01139.png,patch_overlay,('patch_overlay', 111, 227, 63, 63)
fake_01140.png,patch_overlay,('patch_overlay', 153, 67, 98, 98)
fake_01141.png,patch_overlay,('patch_overlay', 357, 39, 71, 71)
fake_01142.png,module_corruption,('module_corruption', 0, 6, 9)
fake_01143.png,patch_overlay,('patch_overlay', 334, 38, 88, 88)
fake_01144.png,module_corruption,('module_corruption', 10, 13, 10)
fake_01145.png,module_corruption,('module_corruption', 10, 10, 10)
fake_01146.png,module_corruption,('module_corruption', 23, 21, 9)
fake_01147.png,patch_overlay,('patch_overlay', 348, 326, 64, 64)
fake_01148.png,patch_overlay,('patch_overlay', 95, 29, 57, 57)
fake_01149.png,module_corruption,('module_corruption', 0, 22, 10)
fake_01150.png,module_corruption,('module_corruption', 13, 22, 12)
fake_01151.png,patch_overlay,('patch_overlay', 174, 339, 98, 98)
fake_01152.png,patch_overlay,('patch_overlay', 18, 312, 75, 75)
fake_01153.png,patch_overlay,('patch_overlay', 186, 225, 95, 95)
fake_01154.png,patch_overlay,('patch_overlay', 246, 180, 83, 83)
fake_01155.png,patch_overlay,('patch_overlay', 104, 292, 66, 66)
fake_01156.png,module_corruption,('module_corruption', 25, 24, 12)
fake_01157.png,module_corruption,('module_corruption', 25, 20, 9)
fake_01158.png,module_corruption,('module_corruption', 10, 3, 9)
fake_01159.png,patch_overlay,('patch_overlay', 313, 204, 86, 86)
fake_01160.png,patch_overlay,('patch_overlay', 235, 93, 68, 68)
fake_01161.png,module_corruption,('module_corruption', 21, 25, 12)
fake_01162.png,patch_overlay,('patch_overlay', 240, 75, 80, 80)
fake_01163.png,module_corruption,('module_corruption', 17, 24, 9)
fake_01164.png,patch_overlay,('patch_overlay', 360, 288, 65, 65)
fake_01165.png,patch_overlay,('patch_overlay', 13, 232, 91, 91)
fake_01166.png,patch_overlay,('patch_overlay', 167, 119, 85, 85)
fake_01167.png,module_corruption,('module_corruption', 21, 8, 11)
fake_01168.png,module_corruption,('module_corruption', 21, 6, 12)
fake_01169.png,module_corruption,('module_corruption', 24, 5, 11)
fake_01170.png,module_corruption,('module_corruption', 2, 17, 11)
fake_01171.png,module_corruption,('module_corruption', 4, 20, 13)
fake_01172.png,module_corruption,('module_corruption', 5, 22, 11)
fake_01173.png,patch_overlay,('patch_overlay', 163, 319, 61, 61)
fake_01174.png,patch_overlay,('patch_overlay', 104, 92, 67, 67)
fake_01175.png,module_corruption,('module_corruption', 24, 11, 11)
fake_01176.png,patch_overlay,('patch_overlay', 75, 258, 75, 75)
fake_01177.png,patch_overlay,('patch_overlay', 75, 216, 68, 68)
fake_01178.png,patch_overlay,('patch_overlay', 267, 117, 70, 70)
fake_01179.png,patch_overlay,('patch_overlay', 249, 329, 67, 67)
fake_01180.png,patch_overlay,('patch_overlay', 279, 262, 96, 96)
fake_01181.png,patch_overlay,('patch_overlay', 141, 84, 72, 72)
fake_01182.png,patch_overlay,('patch_overlay', 102, 316, 59, 59)
fake_01183.png,module_corruption,('module_corruption', 23, 24, 13)
fake_01184.png,module_corruption,('module_corruption', 14, 22, 9)
fake_01185.png,patch_overlay,('patch_overlay', 304, 103, 62, 62)
fake_01186.png,module_corruption,('module_corruption', 6, 19, 11)
fake_01187.png,module_corruption,('module_corruption', 19, 2, 11)
fake_01188.png,module_corruption,('module_corruption', 16, 7, 11)
fake_01189.png,module_corruption,('module_corruption', 26, 13, 10)
fake_01190.png,module_corruption,('module_corruption', 1, 3, 9)
fake_01191.png,module_corruption,('module_corruption', 25, 19, 12)
fake_01192.png,module_corruption,('module_corruption', 21, 0, 9)
fake_01193.png,patch_overlay,('patch_overlay', 159, 8, 71, 71)
fake_01194.png,module_corruption,('module_corruption', 17, 22, 10)
fake_01195.png,patch_overlay,('patch_overlay', 282, 275, 84, 84)
fake_01196.png,patch_overlay,('patch_overlay', 189, 260, 80, 80)
fake_01197.png,module_corruption,('module_corruption', 12, 13, 9)
fake_01198.png,module_corruption,('module_corruption', 0, 8, 12)
fake_01199.png,patch_overlay,('patch_overlay', 43, 40, 93, 93)
fake_01200.png,module_corruption,('module_corruption', 25, 4, 9)
fake_01201.png,module_corruption,('module_corruption', 0, 25, 11)
fake_01202.png,patch_overlay,('patch_overlay', 310, 237, 81, 81)
fake_01203.png,patch_overlay,('patch_overlay', 361, 353, 87, 87)
fake_01204.png,module_corruption,('module_corruption', 9, 8, 12)
fake_01205.png,module_corruption,('module_corruption', 8, 24, 10)
fake_01206.png,module_corruption,('module_corruption', 11, 17, 12)
fake_01207.png,patch_overlay,('patch_overlay', 171, 292, 60, 60)
fake_01208.png,module_corruption,('module_corruption', 18, 5, 10)
fake_01209.png,patch_overlay,('patch_overlay', 51, 55, 57, 57)
fake_01210.png,patch_overlay,('patch_overlay', 81, 286, 96, 96)
fake_01211.png,module_corruption,('module_corruption', 0, 21, 12)
fake_01212.png,module_corruption,('module_corruption', 10, 23, 13)
fake_01213.png,patch_overlay,('patch_overlay', 92, 116, 79, 79)
fake_01214.png,patch_overlay,('patch_overlay', 142, 16, 88, 88)
fake_01215.png,module_corruption,('module_corruption', 3, 8, 10)
fake_01216.png,patch_overlay,('patch_overlay', 22, 58, 78, 78)
fake_01217.png,module_corruption,('module_corruption', 11, 20, 10)
fake_01218.png,module_corruption,('module_corruption', 6, 20, 13)
fake_01219.png,module_corruption,('module_corruption', 19, 12, 12)
fake_01220.png,module_corruption,('module_corruption', 7, 21, 9)
fake_01221.png,patch_overlay,('patch_overlay', 205, 111, 63, 63)
fake_01222.png,patch_overlay,('patch_overlay', 261, 209, 56, 56)
fake_01223.png,module_corruption,('module_corruption', 16, 16, 13)
fake_01224.png,module_corruption,('module_corruption', 16, 24, 9)
fake_01225.png,module_corruption,('module_corruption', 10, 18, 11)
fake_01226.png,module_corruption,('module_corruption', 9, 15, 9)
fake_01227.png,module_corruption,('module_corruption', 26, 7, 11)
fake_01228.png,patch_overlay,('patch_overlay', 308, 288, 87, 87)
fake_01229.png,module_corruption,('module_corruption', 21, 10, 13)
fake_01230.png,module_corruption,('module_corruption', 11, 0, 13)
fake_01231.png,module_corruption,('module_corruption', 9, 22, 10)
fake_01232.png,module_corruption,('module_corruption', 18, 20, 13)
fake_01233.png,module_corruption,('module_corruption', 23, 5, 13)
fake_01234.png,patch_overlay,('patch_overlay', 238, 139, 63, 63)
fake_01235.png,module_corruption,('module_corruption', 3, 24, 13)
fake_01236.png,patch_overlay,('patch_overlay', 37, 134, 61, 61)
fake_01237.png,module_corruption,('module_corruption', 24, 2, 11)
fake_01238.png,patch_overlay,('patch_overlay', 81, 273, 60, 60)
fake_01239.png,patch_overlay,('patch_overlay', 205, 91, 91, 91)
fake_01240.png,module_corruption,('module_corruption', 10, 22, 12)
fake_01241.png,module_corruption,('module_corruption', 12, 22, 14)
fake_01242.png,patch_overlay,('patch_overlay', 267, 256, 58, 58)
fake_01243.png,patch_overlay,('patch_overlay', 334, 125, 95, 95)
fake_01244.png,module_corruption,('module_corruption', 19, 20, 11)
fake_01245.png,patch_overlay,('patch_overlay', 193, 54, 81, 81)
fake_01246.png,module_corruption,('module_corruption', 20, 14, 14)
fake_01247.png,patch_overlay,('patch_overlay', 32, 209, 65, 65)
fake_01248.png,module_corruption,('module_corruption', 7, 11, 13)
fake_01249.png,patch_overlay,('patch_overlay', 85, 188, 94, 94)
fake_01250.png,patch_overlay,('patch_overlay', 259, 102, 93, 93)
fake_01251.png,module_corruption,('module_corruption', 18, 25, 11)
fake_01252.png,module_corruption,('module_corruption', 3, 14, 13)
fake_01253.png,patch_overlay,('patch_overlay', 243, 269, 90, 90)
fake_01254.png,module_corruption,('module_corruption', 0, 25, 10)
fake_01255.png,module_corruption,('module_corruption', 18, 2, 13)
fake_01256.png,patch_overlay,('patch_overlay', 77, 78, 90, 90)
fake_01257.png,patch_overlay,('patch_overlay', 30, 370, 65, 65)
fake_01258.png,patch_overlay,('patch_overlay', 47, 218, 60, 60)
fake_01259.png,module_corruption,('module_corruption', 1, 15, 13)
fake_01260.png,patch_overlay,('patch_overlay', 258, 115, 89, 89)
fake_01261.png,module_corruption,('module_corruption', 23, 19, 13)
fake_01262.png,module_corruption,('module_corruption', 24, 1, 10)
fake_01263.png,module_corruption,('module_corruption', 28, 10, 9)
fake_01264.png,module_corruption,('module_corruption', 1, 16, 10)
fake_01265.png,module_corruption,('module_corruption', 4, 17, 13)
fake_01266.png,module_corruption,('module_corruption', 28, 28, 9)
fake_01267.png,patch_overlay,('patch_overlay', 238, 266, 97, 97)
fake_01268.png,module_corruption,('module_corruption', 20, 1, 12)
fake_01269.png,module_corruption,('module_corruption', 15, 4, 12)
fake_01270.png,module_corruption,('module_corruption', 0, 19, 13)
fake_01271.png,patch_overlay,('patch_overlay', 269, 139, 97, 97)
fake_01272.png,module_corruption,('module_corruption', 7, 3, 11)
fake_01273.png,patch_overlay,('patch_overlay', 281, 97, 81, 81)
fake_01274.png,patch_overlay,('patch_overlay', 106, 167, 72, 72)
fake_01275.png,patch_overlay,('patch_overlay', 339, 343, 66, 66)
fake_01276.png,module_corruption,('module_corruption', 16, 25, 10)
fake_01277.png,module_corruption,('module_corruption', 16, 10, 14)
fake_01278.png,module_corruption,('module_corruption', 12, 5, 11)
fake_01279.png,patch_overlay,('patch_overlay', 73, 110, 85, 85)
fake_01280.png,patch_overlay,('patch_overlay', 362, 347, 82, 82)
fake_01281.png,patch_overlay,('patch_overlay', 89, 330, 62, 62)
fake_01282.png,module_corruption,('module_corruption', 25, 6, 12)
fake_01283.png,patch_overlay,('patch_overlay', 41, 47, 55, 55)
fake_01284.png,module_corruption,('module_corruption', 24, 26, 11)
fake_01285.png,patch_overlay,('patch_overlay', 113, 93, 85, 85)
fake_01286.png,patch_overlay,('patch_overlay', 292, 287, 94, 94)
fake_01287.png,patch_overlay,('patch_overlay', 188, 164, 92, 92)
fake_01288.png,module_corruption,('module_corruption', 2, 5, 11)
fake_01289.png,module_corruption,('module_corruption', 18, 25, 12)
fake_01290.png,patch_overlay,('patch_overlay', 360, 111, 71, 71)
fake_01291.png,patch_overlay,('patch_overlay', 126, 163, 65, 65)
fake_01292.png,patch_overlay,('patch_overlay', 319, 43, 67, 67)
fake_01293.png,module_corruption,('module_corruption', 21, 11, 12)
fake_01294.png,patch_overlay,('patch_overlay', 307, 74, 84, 84)
fake_01295.png,module_corruption,('module_corruption', 23, 28, 9)
fake_01296.png,patch_overlay,('patch_overlay', 192, 140, 89, 89)
fake_01297.png,module_corruption,('module_corruption', 10, 25, 12)
fake_01298.png,module_corruption,('module_corruption', 1, 25, 10)
fake_01299.png,patch_overlay,('patch_overlay', 174, 5, 79, 79)
fake_01300.png,module_corruption,('module_corruption', 22, 18, 12)
fake_01301.png,patch_overlay,('patch_overlay', 125, 294, 84, 84)
fake_01302.png,patch_overlay,('patch_overlay', 181, 112, 92, 92)
fake_01303.png,module_corruption,('module_corruption', 8, 20, 14)
fake_01304.png,patch_overlay,('patch_overlay', 132, 0, 94, 94)
fake_01305.png,patch_overlay,('patch_overlay', 102, 256, 95, 95)
fake_01306.png,module_corruption,('module_corruption', 11, 15, 11)
fake_01307.png,patch_overlay,('patch_overlay', 195, 217, 90, 90)
fake_01308.png,module_corruption,('module_corruption', 10, 10, 13)
fake_01309.png,module_corruption,('module_corruption', 2, 14, 12)
fake_01310.png,module_corruption,('module_corruption', 15, 13, 10)
fake_01311.png,patch_overlay,('patch_overlay', 327, 158, 71, 71)
fake_01312.png,module_corruption,('module_corruption', 10, 21, 12)
fake_01313.png,patch_overlay,('patch_overlay', 378, 132, 68, 68)
fake_01314.png,patch_overlay,('patch_overlay', 365, 297, 63, 63)
fake_01315.png,patch_overlay,('patch_overlay', 87, 194, 85, 85)
fake_01316.png,patch_overlay,('patch_overlay', 137, 107, 95, 95)
fake_01317.png,module_corruption,('module_corruption', 17, 27, 10)
fake_01318.png,patch_overlay,('patch_overlay', 132, 279, 96, 96)
fake_01319.png,patch_overlay,('patch_overlay', 36, 301, 87, 87)
fake_01320.png,patch_overlay,('patch_overlay', 219, 260, 68, 68)
fake_01321.png,module_corruption,('module_corruption', 16, 4, 12)
fake_01322.png,module_corruption,('module_corruption', 21, 17, 10)
fake_01323.png,module_corruption,('module_corruption', 17, 11, 11)
fake_01324.png,module_corruption,('module_corruption', 9, 18, 12)
fake_01325.png,patch_overlay,('patch_overlay', 229, 82, 64, 64)
fake_01326.png,module_corruption,('module_corruption', 2, 4, 12)
fake_01327.png,module_corruption,('module_corruption', 1, 14, 11)
fake_01328.png,module_corruption,('module_corruption', 7, 6, 13)
fake_01329.png,module_corruption,('module_corruption', 4, 13, 13)
fake_01330.png,module_corruption,('module_corruption', 5, 4, 11)
fake_01331.png,patch_overlay,('patch_overlay', 340, 217, 57, 57)
fake_01332.png,module_corruption,('module_corruption', 23, 19, 11)
fake_01333.png,module_corruption,('module_corruption', 10, 24, 13)
fake_01334.png,patch_overlay,('patch_overlay', 189, 86, 63, 63)
fake_01335.png,module_corruption,('module_corruption', 4, 8, 11)
fake_01336.png,module_corruption,('module_corruption', 24, 10, 10)
fake_01337.png,module_corruption,('module_corruption', 11, 10, 9)
fake_01338.png,module_corruption,('module_corruption', 18, 13, 11)
fake_01339.png,patch_overlay,('patch_overlay', 230, 230, 96, 96)
fake_01340.png,module_corruption,('module_corruption', 17, 24, 11)
fake_01341.png,module_corruption,('module_corruption', 6, 18, 12)
fake_01342.png,patch_overlay,('patch_overlay', 171, 36, 57, 57)
fake_01343.png,patch_overlay,('patch_overlay', 24, 244, 59, 59)
fake_01344.png,module_corruption,('module_corruption', 17, 19, 11)
fake_01345.png,patch_overlay,('patch_overlay', 97, 92, 92, 92)
fake_01346.png,module_corruption,('module_corruption', 6, 22, 11)
fake_01347.png,patch_overlay,('patch_overlay', 297, 80, 70, 70)
fake_01348.png,module_corruption,('module_corruption', 23, 19, 10)
fake_01349.png,patch_overlay,('patch_overlay', 164, 65, 68, 68)
fake_01350.png,patch_overlay,('patch_overlay', 174, 361, 89, 89)
fake_01351.png,module_corruption,('module_corruption', 18, 11, 10)
fake_01352.png,patch_overlay,('patch_overlay', 74, 109, 64, 64)
fake_01353.png,module_corruption,('module_corruption', 13, 16, 9)
fake_01354.png,patch_overlay,('patch_overlay', 37, 117, 54, 54)
fake_01355.png,patch_overlay,('patch_overlay', 297, 150, 75, 75)
fake_01356.png,module_corruption,('module_corruption', 18, 4, 13)
fake_01357.png,patch_overlay,('patch_overlay', 90, 282, 59, 59)
fake_01358.png,patch_overlay,('patch_overlay', 44, 182, 78, 78)
fake_01359.png,module_corruption,('module_corruption', 18, 23, 13)
fake_01360.png,patch_overlay,('patch_overlay', 78, 235, 95, 95)
fake_01361.png,module_corruption,('module_corruption', 24, 23, 11)
fake_01362.png,module_corruption,('module_corruption', 15, 14, 14)
fake_01363.png,module_corruption,('module_corruption', 5, 17, 13)
fake_01364.png,module_corruption,('module_corruption', 15, 9, 13)
fake_01365.png,patch_overlay,('patch_overlay', 238, 88, 59, 59)
fake_01366.png,patch_overlay,('patch_overlay', 165, 316, 77, 77)
fake_01367.png,module_corruption,('module_corruption', 3, 10, 11)
fake_01368.png,module_corruption,('module_corruption', 18, 11, 13)
fake_01369.png,module_corruption,('module_corruption', 18, 6, 9)
fake_01370.png,module_corruption,('module_corruption', 1, 15, 10)
fake_01371.png,module_corruption,('module_corruption', 13, 14, 13)
fake_01372.png,module_corruption,('module_corruption', 13, 8, 13)
fake_01373.png,patch_overlay,('patch_overlay', 272, 63, 95, 95)
fake_01374.png,patch_overlay,('patch_overlay', 151, 219, 95, 95)
fake_01375.png,patch_overlay,('patch_overlay', 158, 231, 81, 81)
fake_01376.png,module_corruption,('module_corruption', 2, 16, 10)
fake_01377.png,patch_overlay,('patch_overlay', 153, 310, 88, 88)
fake_01378.png,module_corruption,('module_corruption', 27, 5, 9)
fake_01379.png,patch_overlay,('patch_overlay', 134, 46, 83, 83)
fake_01380.png,patch_overlay,('patch_overlay', 134, 165, 87, 87)
fake_01381.png,module_corruption,('module_corruption', 22, 22, 13)
fake_01382.png,patch_overlay,('patch_overlay', 244, 102, 72, 72)
fake_01383.png,patch_overlay,('patch_overlay', 49, 145, 55, 55)
fake_01384.png,module_corruption,('module_corruption', 1, 10, 11)
fake_01385.png,patch_overlay,('patch_overlay', 78, 79, 56, 56)
fake_01386.png,module_corruption,('module_corruption', 8, 19, 13)
fake_01387.png,patch_overlay,('patch_overlay', 300, 313, 81, 81)
fake_01388.png,module_corruption,('module_corruption', 9, 13, 14)
fake_01389.png,patch_overlay,('patch_overlay', 100, 39, 56, 56)
fake_01390.png,patch_overlay,('patch_overlay', 27, 186, 89, 89)
fake_01391.png,patch_overlay,('patch_overlay', 347, 302, 69, 69)
fake_01392.png,module_corruption,('module_corruption', 12, 5, 11)
fake_01393.png,module_corruption,('module_corruption', 10, 23, 11)
fake_01394.png,module_corruption,('module_corruption', 5, 14, 14)
fake_01395.png,patch_overlay,('patch_overlay', 97, 149, 95, 95)
fake_01396.png,patch_overlay,('patch_overlay', 99, 351, 72, 72)
fake_01397.png,module_corruption,('module_corruption', 6, 14, 12)
fake_01398.png,module_corruption,('module_corruption', 16, 24, 12)
fake_01399.png,patch_overlay,('patch_overlay', 174, 264, 64, 64)
fake_01400.png,patch_overlay,('patch_overlay', 285, 306, 62, 62)
fake_01401.png,module_corruption,('module_corruption', 5, 10, 12)
fake_01402.png,patch_overlay,('patch_overlay', 65, 239, 54, 54)
fake_01403.png,patch_overlay,('patch_overlay', 48, 98, 56, 56)
fake_01404.png,patch_overlay,('patch_overlay', 288, 285, 56, 56)
fake_01405.png,patch_overlay,('patch_overlay', 174, 233, 70, 70)
fake_01406.png,patch_overlay,('patch_overlay', 115, 165, 93, 93)
fake_01407.png,patch_overlay,('patch_overlay', 75, 318, 73, 73)
fake_01408.png,module_corruption,('module_corruption', 3, 12, 10)
fake_01409.png,patch_overlay,('patch_overlay', 299, 56, 74, 74)
fake_01410.png,module_corruption,('module_corruption', 15, 1, 12)
fake_01411.png,patch_overlay,('patch_overlay', 273, 270, 82, 82)
fake_01412.png,patch_overlay,('patch_overlay', 186, 242, 83, 83)
fake_01413.png,module_corruption,('module_corruption', 14, 22, 10)
fake_01414.png,patch_overlay,('patch_overlay', 253, 135, 91, 91)
fake_01415.png,module_corruption,('module_corruption', 12, 12, 14)
fake_01416.png,patch_overlay,('patch_overlay', 23, 40, 77, 77)
fake_01417.png,patch_overlay,('patch_overlay', 64, 145, 78, 78)
fake_01418.png,module_corruption,('module_corruption', 5, 16, 9)
fake_01419.png,patch_overlay,('patch_overlay', 367, 124, 81, 81)
fake_01420.png,module_corruption,('module_corruption', 22, 1, 11)
fake_01421.png,module_corruption,('module_corruption', 13, 4, 9)
fake_01422.png,module_corruption,('module_corruption', 26, 21, 10)
fake_01423.png,module_corruption,('module_corruption', 0, 10, 10)
fake_01424.png,module_corruption,('module_corruption', 16, 16, 10)
fake_01425.png,module_corruption,('module_corruption', 2, 16, 10)
fake_01426.png,module_corruption,('module_corruption', 13, 25, 9)
fake_01427.png,patch_overlay,('patch_overlay', 16, 50, 70, 70)
fake_01428.png,module_corruption,('module_corruption', 7, 1, 13)
fake_01429.png,module_corruption,('module_corruption', 2, 1, 10)
fake_01430.png,patch_overlay,('patch_overlay', 7, 355, 93, 93)
fake_01431.png,patch_overlay,('patch_overlay', 72, 356, 81, 81)
fake_01432.png,module_corruption,('module_corruption', 15, 5, 10)
fake_01433.png,module_corruption,('module_corruption', 6, 24, 13)
fake_01434.png,patch_overlay,('patch_overlay', 272, 254, 97, 97)
fake_01435.png,module_corruption,('module_corruption', 9, 23, 11)
fake_01436.png,module_corruption,('module_corruption', 22, 9, 12)
fake_01437.png,patch_overlay,('patch_overlay', 277, 54, 79, 79)
fake_01438.png,patch_overlay,('patch_overlay', 211, 310, 94, 94)
fake_01439.png,patch_overlay,('patch_overlay', 81, 304, 79, 79)
fake_01440.png,module_corruption,('module_corruption', 7, 10, 13)
fake_01441.png,patch_overlay,('patch_overlay', 30, 327, 61, 61)
fake_01442.png,module_corruption,('module_corruption', 26, 12, 9)
fake_01443.png,module_corruption,('module_corruption', 25, 1, 12)
fake_01444.png,patch_overlay,('patch_overlay', 61, 388, 60, 60)
fake_01445.png,patch_overlay,('patch_overlay', 172, 209, 74, 74)
fake_01446.png,module_corruption,('module_corruption', 14, 5, 12)
fake_01447.png,patch_overlay,('patch_overlay', 124, 337, 77, 77)
fake_01448.png,module_corruption,('module_corruption', 25, 7, 10)
fake_01449.png,module_corruption,('module_corruption', 6, 6, 10)
fake_01450.png,patch_overlay,('patch_overlay', 229, 337, 54, 54)
fake_01451.png,module_corruption,('module_corruption', 11, 5, 12)
fake_01452.png,module_corruption,('module_corruption', 16, 4, 11)
fake_01453.png,module_corruption,('module_corruption', 10, 3, 10)
fake_01454.png,patch_overlay,('patch_overlay', 63, 21, 68, 68)
fake_01455.png,patch_overlay,('patch_overlay', 29, 293, 78, 78)
fake_01456.png,patch_overlay,('patch_overlay', 259, 154, 92, 92)
fake_01457.png,patch_overlay,('patch_overlay', 150, 191, 62, 62)
fake_01458.png,module_corruption,('module_corruption', 13, 21, 10)
fake_01459.png,module_corruption,('module_corruption', 21, 25, 9)
fake_01460.png,module_corruption,('module_corruption', 9, 15, 9)
fake_01461.png,module_corruption,('module_corruption', 15, 9, 13)
fake_01462.png,module_corruption,('module_corruption', 11, 3, 14)
fake_01463.png,module_corruption,('module_corruption', 9, 25, 12)
fake_01464.png,patch_overlay,('patch_overlay', 319, 212, 57, 57)
fake_01465.png,patch_overlay,('patch_overlay', 261, 37, 92, 92)
fake_01466.png,module_corruption,('module_corruption', 22, 18, 10)
fake_01467.png,module_corruption,('module_corruption', 5, 12, 9)
fake_01468.png,patch_overlay,('patch_overlay', 351, 17, 91, 91)
fake_01469.png,module_corruption,('module_corruption', 6, 9, 10)
fake_01470.png,patch_overlay,('patch_overlay', 177, 158, 90, 90)
fake_01471.png,module_corruption,('module_corruption', 23, 3, 11)
fake_01472.png,module_corruption,('module_corruption', 10, 4, 9)
fake_01473.png,module_corruption,('module_corruption', 12, 21, 12)
fake_01474.png,patch_overlay,('patch_overlay', 68, 284, 59, 59)
fake_01475.png,module_corruption,('module_corruption', 7, 8, 9)
fake_01476.png,module_corruption,('module_corruption', 15, 19, 13)
fake_01477.png,patch_overlay,('patch_overlay', 187, 158, 89, 89)
fake_01478.png,patch_overlay,('patch_overlay', 109, 121, 61, 61)
fake_01479.png,module_corruption,('module_corruption', 27, 25, 9)
fake_01480.png,module_corruption,('module_corruption', 1, 21, 11)
fake_01481.png,patch_overlay,('patch_overlay', 100, 305, 62, 62)
fake_01482.png,module_corruption,('module_corruption', 16, 20, 12)
fake_01483.png,module_corruption,('module_corruption', 19, 15, 14)
fake_01484.png,module_corruption,('module_corruption', 25, 18, 9)
fake_01485.png,module_corruption,('module_corruption', 5, 22, 11)
fake_01486.png,patch_overlay,('patch_overlay', 289, 281, 72, 72)
fake_01487.png,patch_overlay,('patch_overlay', 313, 182, 86, 86)
fake_01488.png,patch_overlay,('patch_overlay', 303, 30, 81, 81)
fake_01489.png,patch_overlay,('patch_overlay', 7, 168, 75, 75)
fake_01490.png,module_corruption,('module_corruption', 12, 23, 14)
fake_01491.png,patch_overlay,('patch_overlay', 378, 146, 72, 72)
fake_01492.png,module_corruption,('module_corruption', 5, 25, 11)
fake_01493.png,module_corruption,('module_corruption', 16, 5, 14)
fake_01494.png,patch_overlay,('patch_overlay', 18, 279, 88, 88)
fake_01495.png,patch_overlay,('patch_overlay', 323, 59, 94, 94)
fake_01496.png,patch_overlay,('patch_overlay', 240, 96, 88, 88)
fake_01497.png,patch_overlay,('patch_overlay', 144, 180, 54, 54)
fake_01498.png,patch_overlay,('patch_overlay', 33, 13, 55, 55)
fake_01499.png,module_corruption,('module_corruption', 15, 15, 12)
fake_01500.png,module_corruption,('module_corruption', 13, 17, 10)
fake_01501.png,module_corruption,('module_corruption', 26, 4, 11)
fake_01502.png,module_corruption,('module_corruption', 9, 0, 13)
fake_01503.png,module_corruption,('module_corruption', 17, 7, 11)
fake_01504.png,module_corruption,('module_corruption', 13, 2, 11)
fake_01505.png,patch_overlay,('patch_overlay', 294, 85, 82, 82)
fake_01506.png,patch_overlay,('patch_overlay', 312, 322, 83, 83)
fake_01507.png,module_corruption,('module_corruption', 4, 3, 13)
fake_01508.png,module_corruption,('module_corruption', 15, 10, 10)
fake_01509.png,module_corruption,('module_corruption', 5, 19, 12)
fake_01510.png,module_corruption,('module_corruption', 18, 17, 10)
fake_01511.png,patch_overlay,('patch_overlay', 84, 4, 63, 63)
fake_01512.png,module_corruption,('module_corruption', 10, 12, 11)
fake_01513.png,patch_overlay,('patch_overlay', 237, 205, 89, 89)
fake_01514.png,module_corruption,('module_corruption', 23, 27, 9)
fake_01515.png,module_corruption,('module_corruption', 13, 16, 9)
fake_01516.png,module_corruption,('module_corruption', 4, 2, 11)
fake_01517.png,patch_overlay,('patch_overlay', 22, 46, 88, 88)
fake_01518.png,patch_overlay,('patch_overlay', 94, 177, 66, 66)
fake_01519.png,module_corruption,('module_corruption', 14, 11, 11)
fake_01520.png,patch_overlay,('patch_overlay', 153, 162, 81, 81)
fake_01521.png,patch_overlay,('patch_overlay', 362, 241, 76, 76)
fake_01522.png,patch_overlay,('patch_overlay', 356, 100, 87, 87)
fake_01523.png,module_corruption,('module_corruption', 16, 3, 10)
fake_01524.png,patch_overlay,('patch_overlay', 314, 238, 97, 97)
fake_01525.png,patch_overlay,('patch_overlay', 149, 258, 93, 93)
fake_01526.png,module_corruption,('module_corruption', 8, 3, 10)
fake_01527.png,patch_overlay,('patch_overlay', 135, 164, 59, 59)
fake_01528.png,patch_overlay,('patch_overlay', 357, 277, 56, 56)
fake_01529.png,patch_overlay,('patch_overlay', 0, 157, 65, 65)
fake_01530.png,patch_overlay,('patch_overlay', 23, 101, 55, 55)
fake_01531.png,module_corruption,('module_corruption', 9, 14, 9)
fake_01532.png,patch_overlay,('patch_overlay', 317, 312, 87, 87)
fake_01533.png,patch_overlay,('patch_overlay', 108, 179, 89, 89)
fake_01534.png,module_corruption,('module_corruption', 2, 7, 13)
fake_01535.png,module_corruption,('module_corruption', 18, 17, 11)
fake_01536.png,patch_overlay,('patch_overlay', 34, 12, 63, 63)
fake_01537.png,module_corruption,('module_corruption', 24, 26, 9)
fake_01538.png,module_corruption,('module_corruption', 11, 6, 11)
fake_01539.png,patch_overlay,('patch_overlay', 239, 356, 84, 84)
fake_01540.png,module_corruption,('module_corruption', 22, 20, 13)
fake_01541.png,module_corruption,('module_corruption', 10, 16, 11)
fake_01542.png,module_corruption,('module_corruption', 4, 6, 12)
fake_01543.png,patch_overlay,('patch_overlay', 93, 325, 95, 95)
fake_01544.png,module_corruption,('module_corruption', 14, 11, 13)
fake_01545.png,module_corruption,('module_corruption', 17, 20, 9)
fake_01546.png,patch_overlay,('patch_overlay', 348, 132, 88, 88)
fake_01547.png,module_corruption,('module_corruption', 6, 18, 9)
fake_01548.png,patch_overlay,('patch_overlay', 17, 140, 79, 79)
fake_01549.png,module_corruption,('module_corruption', 9, 27, 10)
fake_01550.png,module_corruption,('module_corruption', 0, 14, 10)
fake_01551.png,module_corruption,('module_corruption', 7, 8, 12)
fake_01552.png,module_corruption,('module_corruption', 12, 7, 14)
fake_01553.png,module_corruption,('module_corruption', 17, 7, 12)
fake_01554.png,patch_overlay,('patch_overlay', 330, 229, 91, 91)
fake_01555.png,patch_overlay,('patch_overlay', 175, 386, 61, 61)
fake_01556.png,module_corruption,('module_corruption', 10, 11, 10)
fake_01557.png,patch_overlay,('patch_overlay', 215, 241, 59, 59)
fake_01558.png,module_corruption,('module_corruption', 5, 23, 9)
fake_01559.png,module_corruption,('module_corruption', 2, 22, 13)
fake_01560.png,module_corruption,('module_corruption', 10, 9, 13)
fake_01561.png,patch_overlay,('patch_overlay', 296, 28, 76, 76)
fake_01562.png,module_corruption,('module_corruption', 21, 23, 10)
fake_01563.png,patch_overlay,('patch_overlay', 128, 96, 79, 79)
fake_01564.png,module_corruption,('module_corruption', 3, 21, 13)
fake_01565.png,patch_overlay,('patch_overlay', 99, 43, 87, 87)
fake_01566.png,module_corruption,('module_corruption', 20, 26, 10)
fake_01567.png,module_corruption,('module_corruption', 1, 3, 12)
fake_01568.png,patch_overlay,('patch_overlay', 132, 243, 66, 66)
fake_01569.png,patch_overlay,('patch_overlay', 312, 253, 95, 95)
fake_01570.png,patch_overlay,('patch_overlay', 251, 138, 96, 96)
fake_01571.png,module_corruption,('module_corruption', 16, 0, 13)
fake_01572.png,module_corruption,('module_corruption', 24, 0, 13)
fake_01573.png,module_corruption,('module_corruption', 21, 20, 12)
fake_01574.png,patch_overlay,('patch_overlay', 60, 237, 71, 71)
fake_01575.png,patch_overlay,('patch_overlay', 316, 348, 80, 80)
fake_01576.png,patch_overlay,('patch_overlay', 102, 372, 73, 73)
fake_01577.png,patch_overlay,('patch_overlay', 124, 316, 75, 75)
fake_01578.png,patch_overlay,('patch_overlay', 123, 208, 96, 96)
fake_01579.png,module_corruption,('module_corruption', 0, 20, 9)
fake_01580.png,patch_overlay,('patch_overlay', 309, 329, 58, 58)
fake_01581.png,module_corruption,('module_corruption', 3, 19, 14)
fake_01582.png,module_corruption,('module_corruption', 16, 10, 14)
fake_01583.png,module_corruption,('module_corruption', 24, 21, 13)
fake_01584.png,patch_overlay,('patch_overlay', 282, 49, 63, 63)
fake_01585.png,module_corruption,('module_corruption', 17, 13, 10)
fake_01586.png,module_corruption,('module_corruption', 4, 14, 9)
fake_01587.png,patch_overlay,('patch_overlay', 147, 289, 70, 70)
fake_01588.png,module_corruption,('module_corruption', 15, 3, 12)
fake_01589.png,patch_overlay,('patch_overlay', 13, 10, 85, 85)
fake_01590.png,module_corruption,('module_corruption', 16, 13, 11)
fake_01591.png,patch_overlay,('patch_overlay', 173, 45, 58, 58)
fake_01592.png,module_corruption,('module_corruption', 17, 20, 13)
fake_01593.png,patch_overlay,('patch_overlay', 154, 153, 96, 96)
fake_01594.png,patch_overlay,('patch_overlay', 226, 347, 60, 60)
fake_01595.png,module_corruption,('module_corruption', 18, 16, 12)
fake_01596.png,patch_overlay,('patch_overlay', 269, 185, 65, 65)
fake_01597.png,patch_overlay,('patch_overlay', 223, 241, 90, 90)
fake_01598.png,module_corruption,('module_corruption', 22, 0, 13)
fake_01599.png,module_corruption,('module_corruption', 21, 12, 9)
fake_01600.png,patch_overlay,('patch_overlay', 357, 58, 87, 87)
fake_01601.png,module_corruption,('module_corruption', 3, 4, 14)
fake_01602.png,patch_overlay,('patch_overlay', 196, 204, 95, 95)
fake_01603.png,patch_overlay,('patch_overlay', 5, 60, 90, 90)
fake_01604.png,patch_overlay,('patch_overlay', 34, 262, 76, 76)
fake_01605.png,module_corruption,('module_corruption', 21, 8, 11)
fake_01606.png,module_corruption,('module_corruption', 20, 26, 11)
fake_01607.png,patch_overlay,('patch_overlay', 305, 212, 66, 66)
fake_01608.png,module_corruption,('module_corruption', 25, 15, 11)
fake_01609.png,patch_overlay,('patch_overlay', 169, 254, 76, 76)
fake_01610.png,patch_overlay,('patch_overlay', 52, 13, 82, 82)
fake_01611.png,patch_overlay,('patch_overlay', 224, 86, 72, 72)
fake_01612.png,patch_overlay,('patch_overlay', 118, 194, 89, 89)
fake_01613.png,patch_overlay,('patch_overlay', 32, 185, 78, 78)
fake_01614.png,patch_overlay,('patch_overlay', 377, 380, 62, 62)
fake_01615.png,module_corruption,('module_corruption', 10, 26, 10)
fake_01616.png,module_corruption,('module_corruption', 5, 15, 13)
fake_01617.png,module_corruption,('module_corruption', 20, 1, 12)
fake_01618.png,patch_overlay,('patch_overlay', 199, 135, 67, 67)
fake_01619.png,module_corruption,('module_corruption', 3, 22, 13)
fake_01620.png,module_corruption,('module_corruption', 4, 1, 10)
fake_01621.png,patch_overlay,('patch_overlay', 348, 133, 85, 85)
fake_01622.png,patch_overlay,('patch_overlay', 330, 60, 74, 74)
fake_01623.png,module_corruption,('module_corruption', 1, 21, 12)
fake_01624.png,patch_overlay,('patch_overlay', 294, 319, 71, 71)
fake_01625.png,patch_overlay,('patch_overlay', 319, 262, 70, 70)
fake_01626.png,patch_overlay,('patch_overlay', 129, 221, 58, 58)
fake_01627.png,module_corruption,('module_corruption', 3, 23, 9)
fake_01628.png,patch_overlay,('patch_overlay', 48, 10, 71, 71)
fake_01629.png,patch_overlay,('patch_overlay', 364, 266, 78, 78)
fake_01630.png,module_corruption,('module_corruption', 13, 5, 10)
fake_01631.png,module_corruption,('module_corruption', 1, 15, 12)
fake_01632.png,module_corruption,('module_corruption', 9, 5, 14)
fake_01633.png,module_corruption,('module_corruption', 6, 16, 13)
fake_01634.png,module_corruption,('module_corruption', 23, 22, 9)
fake_01635.png,module_corruption,('module_corruption', 20, 22, 9)
fake_01636.png,patch_overlay,('patch_overlay', 168, 183, 90, 90)
fake_01637.png,module_corruption,('module_corruption', 8, 0, 12)
fake_01638.png,patch_overlay,('patch_overlay', 213, 273, 94, 94)
fake_01639.png,module_corruption,('module_corruption', 3, 9, 12)
fake_01640.png,patch_overlay,('patch_overlay', 90, 150, 62, 62)
fake_01641.png,patch_overlay,('patch_overlay', 217, 238, 55, 55)
fake_01642.png,module_corruption,('module_corruption', 5, 10, 10)
fake_01643.png,module_corruption,('module_corruption', 11, 9, 13)
fake_01644.png,patch_overlay,('patch_overlay', 298, 194, 80, 80)
fake_01645.png,patch_overlay,('patch_overlay', 238, 86, 58, 58)
fake_01646.png,module_corruption,('module_corruption', 22, 25, 9)
fake_01647.png,module_corruption,('module_corruption', 20, 13, 9)
fake_01648.png,module_corruption,('module_corruption', 20, 10, 11)
fake_01649.png,module_corruption,('module_corruption', 0, 22, 12)
fake_01650.png,module_corruption,('module_corruption', 25, 2, 12)
fake_01651.png,module_corruption,('module_corruption', 14, 13, 9)
fake_01652.png,patch_overlay,('patch_overlay', 184, 206, 55, 55)
fake_01653.png,patch_overlay,('patch_overlay', 353, 247, 94, 94)
fake_01654.png,module_corruption,('module_corruption', 13, 18, 12)
fake_01655.png,patch_overlay,('patch_overlay', 230, 294, 95, 95)
fake_01656.png,module_corruption,('module_corruption', 17, 2, 10)
fake_01657.png,patch_overlay,('patch_overlay', 111, 12, 75, 75)
fake_01658.png,module_corruption,('module_corruption', 15, 24, 13)
fake_01659.png,patch_overlay,('patch_overlay', 381, 272, 67, 67)
fake_01660.png,patch_overlay,('patch_overlay', 260, 85, 78, 78)
fake_01661.png,module_corruption,('module_corruption', 17, 7, 11)
fake_01662.png,patch_overlay,('patch_overlay', 144, 211, 78, 78)
fake_01663.png,patch_overlay,('patch_overlay', 368, 190, 79, 79)
fake_01664.png,module_corruption,('module_corruption', 14, 1, 10)
fake_01665.png,patch_overlay,('patch_overlay', 347, 157, 82, 82)
fake_01666.png,module_corruption,('module_corruption', 16, 14, 12)
fake_01667.png,patch_overlay,('patch_overlay', 209, 67, 86, 86)
fake_01668.png,patch_overlay,('patch_overlay', 127, 176, 79, 79)
fake_01669.png,patch_overlay,('patch_overlay', 138, 129, 84, 84)
fake_01670.png,module_corruption,('module_corruption', 24, 1, 13)
fake_01671.png,patch_overlay,('patch_overlay', 168, 171, 89, 89)
fake_01672.png,patch_overlay,('patch_overlay', 228, 31, 81, 81)
fake_01673.png,module_corruption,('module_corruption', 25, 20, 9)
fake_01674.png,patch_overlay,('patch_overlay', 172, 290, 91, 91)
fake_01675.png,module_corruption,('module_corruption', 5, 10, 11)
fake_01676.png,module_corruption,('module_corruption', 18, 12, 12)
fake_01677.png,module_corruption,('module_corruption', 0, 5, 13)
fake_01678.png,module_corruption,('module_corruption', 11, 24, 11)
fake_01679.png,module_corruption,('module_corruption', 0, 25, 12)
fake_01680.png,patch_overlay,('patch_overlay', 12, 327, 79, 79)
fake_01681.png,module_corruption,('module_corruption', 25, 9, 11)
fake_01682.png,module_corruption,('module_corruption', 24, 2, 11)
fake_01683.png,patch_overlay,('patch_overlay', 132, 323, 69, 69)
fake_01684.png,patch_overlay,('patch_overlay', 387, 50, 54, 54)
fake_01685.png,patch_overlay,('patch_overlay', 32, 58, 92, 92)
fake_01686.png,patch_overlay,('patch_overlay', 275, 36, 79, 79)
fake_01687.png,module_corruption,('module_corruption', 10, 22, 11)
fake_01688.png,module_corruption,('module_corruption', 0, 23, 11)
fake_01689.png,module_corruption,('module_corruption', 17, 5, 12)
fake_01690.png,module_corruption,('module_corruption', 2, 11, 13)
fake_01691.png,patch_overlay,('patch_overlay', 356, 129, 55, 55)
fake_01692.png,patch_overlay,('patch_overlay', 346, 179, 80, 80)
fake_01693.png,module_corruption,('module_corruption', 12, 0, 12)
fake_01694.png,patch_overlay,('patch_overlay', 157, 136, 89, 89)
fake_01695.png,patch_overlay,('patch_overlay', 53, 252, 65, 65)
fake_01696.png,module_corruption,('module_corruption', 14, 2, 12)
fake_01697.png,patch_overlay,('patch_overlay', 173, 155, 68, 68)
fake_01698.png,patch_overlay,('patch_overlay', 35, 321, 55, 55)
fake_01699.png,patch_overlay,('patch_overlay', 24, 192, 70, 70)
fake_01700.png,module_corruption,('module_corruption', 20, 11, 12)
fake_01701.png,module_corruption,('module_corruption', 4, 13, 12)
fake_01702.png,patch_overlay,('patch_overlay', 12, 104, 88, 88)
fake_01703.png,patch_overlay,('patch_overlay', 261, 181, 85, 85)
fake_01704.png,patch_overlay,('patch_overlay', 61, 270, 69, 69)
fake_01705.png,module_corruption,('module_corruption', 16, 1, 10)
fake_01706.png,module_corruption,('module_corruption', 26, 25, 10)
fake_01707.png,patch_overlay,('patch_overlay', 188, 370, 60, 60)
fake_01708.png,patch_overlay,('patch_overlay', 84, 326, 58, 58)
fake_01709.png,module_corruption,('module_corruption', 0, 18, 13)
fake_01710.png,patch_overlay,('patch_overlay', 249, 127, 56, 56)
fake_01711.png,patch_overlay,('patch_overlay', 148, 106, 98, 98)
fake_01712.png,module_corruption,('module_corruption', 7, 1, 11)
fake_01713.png,patch_overlay,('patch_overlay', 311, 311, 54, 54)
fake_01714.png,module_corruption,('module_corruption', 20, 24, 11)
fake_01715.png,module_corruption,('module_corruption', 2, 27, 9)
fake_01716.png,patch_overlay,('patch_overlay', 276, 117, 98, 98)
fake_01717.png,patch_overlay,('patch_overlay', 60, 210, 98, 98)
fake_01718.png,module_corruption,('module_corruption', 20, 22, 12)
fake_01719.png,patch_overlay,('patch_overlay', 277, 158, 76, 76)
fake_01720.png,module_corruption,('module_corruption', 5, 4, 11)
fake_01721.png,module_corruption,('module_corruption', 12, 22, 11)
fake_01722.png,module_corruption,('module_corruption', 4, 23, 9)
fake_01723.png,patch_overlay,('patch_overlay', 45, 345, 76, 76)
fake_01724.png,module_corruption,('module_corruption', 10, 2, 13)
fake_01725.png,patch_overlay,('patch_overlay', 205, 269, 88, 88)
fake_01726.png,module_corruption,('module_corruption', 12, 25, 11)
fake_01727.png,patch_overlay,('patch_overlay', 200, 76, 90, 90)
fake_01728.png,patch_overlay,('patch_overlay', 175, 363, 56, 56)
fake_01729.png,patch_overlay,('patch_overlay', 43, 56, 89, 89)
fake_01730.png,patch_overlay,('patch_overlay', 59, 295, 82, 82)
fake_01731.png,module_corruption,('module_corruption', 9, 9, 12)
fake_01732.png,patch_overlay,('patch_overlay', 18, 340, 71, 71)
fake_01733.png,patch_overlay,('patch_overlay', 46, 99, 63, 63)
fake_01734.png,module_corruption,('module_corruption', 18, 19, 13)
fake_01735.png,patch_overlay,('patch_overlay', 307, 17, 94, 94)
fake_01736.png,patch_overlay,('patch_overlay', 359, 71, 80, 80)
fake_01737.png,module_corruption,('module_corruption', 10, 19, 9)
fake_01738.png,patch_overlay,('patch_overlay', 118, 197, 79, 79)
fake_01739.png,patch_overlay,('patch_overlay', 234, 37, 61, 61)
fake_01740.png,module_corruption,('module_corruption', 23, 6, 10)
fake_01741.png,module_corruption,('module_corruption', 22, 8, 10)
fake_01742.png,patch_overlay,('patch_overlay', 80, 346, 81, 81)
fake_01743.png,patch_overlay,('patch_overlay', 114, 237, 76, 76)
fake_01744.png,module_corruption,('module_corruption', 8, 4, 13)
fake_01745.png,patch_overlay,('patch_overlay', 263, 263, 79, 79)
fake_01746.png,patch_overlay,('patch_overlay', 160, 143, 81, 81)
fake_01747.png,patch_overlay,('patch_overlay', 207, 310, 58, 58)
fake_01748.png,module_corruption,('module_corruption', 3, 1, 10)
fake_01749.png,patch_overlay,('patch_overlay', 151, 121, 86, 86)
fake_01750.png,module_corruption,('module_corruption', 10, 21, 14)
fake_01751.png,patch_overlay,('patch_overlay', 240, 49, 65, 65)
fake_01752.png,module_corruption,('module_corruption', 4, 18, 13)
fake_01753.png,patch_overlay,('patch_overlay', 155, 152, 70, 70)
fake_01754.png,module_corruption,('module_corruption', 16, 14, 12)
fake_01755.png,patch_overlay,('patch_overlay', 295, 219, 76, 76)
fake_01756.png,module_corruption,('module_corruption', 6, 7, 10)
fake_01757.png,module_corruption,('module_corruption', 20, 16, 13)
fake_01758.png,module_corruption,('module_corruption', 15, 14, 13)
fake_01759.png,module_corruption,('module_corruption', 10, 25, 10)
fake_01760.png,module_corruption,('module_corruption', 23, 22, 12)
fake_01761.png,module_corruption,('module_corruption', 13, 13, 10)
fake_01762.png,patch_overlay,('patch_overlay', 207, 105, 61, 61)
fake_01763.png,patch_overlay,('patch_overlay', 301, 119, 98, 98)
fake_01764.png,module_corruption,('module_corruption', 7, 2, 13)
fake_01765.png,patch_overlay,('patch_overlay', 222, 241, 64, 64)
fake_01766.png,module_corruption,('module_corruption', 3, 9, 10)
fake_01767.png,module_corruption,('module_corruption', 18, 10, 14)
fake_01768.png,module_corruption,('module_corruption', 12, 7, 12)
fake_01769.png,patch_overlay,('patch_overlay', 215, 291, 89, 89)
fake_01770.png,module_corruption,('module_corruption', 16, 6, 10)
fake_01771.png,patch_overlay,('patch_overlay', 62, 200, 57, 57)
fake_01772.png,patch_overlay,('patch_overlay', 246, 92, 73, 73)
fake_01773.png,module_corruption,('module_corruption', 10, 0, 10)
fake_01774.png,module_corruption,('module_corruption', 17, 11, 11)
fake_01775.png,patch_overlay,('patch_overlay', 251, 100, 72, 72)
fake_01776.png,patch_overlay,('patch_overlay', 361, 160, 86, 86)
fake_01777.png,module_corruption,('module_corruption', 20, 20, 9)
fake_01778.png,module_corruption,('module_corruption', 27, 18, 9)
fake_01779.png,patch_overlay,('patch_overlay', 119, 21, 85, 85)
fake_01780.png,module_corruption,('module_corruption', 23, 20, 10)
fake_01781.png,patch_overlay,('patch_overlay', 96, 97, 58, 58)
fake_01782.png,module_corruption,('module_corruption', 17, 23, 12)
fake_01783.png,module_corruption,('module_corruption', 14, 22, 11)
fake_01784.png,patch_overlay,('patch_overlay', 217, 304, 70, 70)
fake_01785.png,patch_overlay,('patch_overlay', 70, 315, 68, 68)
fake_01786.png,patch_overlay,('patch_overlay', 321, 83, 54, 54)
fake_01787.png,patch_overlay,('patch_overlay', 289, 172, 92, 92)
fake_01788.png,patch_overlay,('patch_overlay', 295, 220, 82, 82)
fake_01789.png,patch_overlay,('patch_overlay', 181, 221, 57, 57)
fake_01790.png,patch_overlay,('patch_overlay', 127, 150, 67, 67)
fake_01791.png,patch_overlay,('patch_overlay', 344, 97, 97, 97)
fake_01792.png,patch_overlay,('patch_overlay', 265, 186, 78, 78)
fake_01793.png,patch_overlay,('patch_overlay', 331, 272, 76, 76)
fake_01794.png,patch_overlay,('patch_overlay', 102, 368, 77, 77)
fake_01795.png,patch_overlay,('patch_overlay', 337, 145, 86, 86)
fake_01796.png,module_corruption,('module_corruption', 7, 7, 10)
fake_01797.png,module_corruption,('module_corruption', 3, 18, 11)
fake_01798.png,module_corruption,('module_corruption', 10, 22, 12)
fake_01799.png,patch_overlay,('patch_overlay', 326, 45, 86, 86)
fake_01800.png,patch_overlay,('patch_overlay', 165, 188, 95, 95)
fake_01801.png,patch_overlay,('patch_overlay', 82, 236, 79, 79)
fake_01802.png,module_corruption,('module_corruption', 19, 5, 10)
fake_01803.png,patch_overlay,('patch_overlay', 66, 319, 71, 71)
fake_01804.png,module_corruption,('module_corruption', 3, 27, 10)
fake_01805.png,module_corruption,('module_corruption', 11, 14, 9)
fake_01806.png,module_corruption,('module_corruption', 17, 25, 12)
fake_01807.png,patch_overlay,('patch_overlay', 254, 326, 87, 87)
fake_01808.png,module_corruption,('module_corruption', 16, 9, 9)
fake_01809.png,patch_overlay,('patch_overlay', 229, 92, 72, 72)
fake_01810.png,module_corruption,('module_corruption', 1, 16, 12)
fake_01811.png,patch_overlay,('patch_overlay', 218, 26, 90, 90)
fake_01812.png,module_corruption,('module_corruption', 1, 22, 11)
fake_01813.png,patch_overlay,('patch_overlay', 247, 306, 90, 90)
fake_01814.png,module_corruption,('module_corruption', 3, 8, 13)
fake_01815.png,module_corruption,('module_corruption', 5, 10, 9)
fake_01816.png,patch_overlay,('patch_overlay', 290, 354, 69, 69)
fake_01817.png,module_corruption,('module_corruption', 12, 14, 10)
fake_01818.png,module_corruption,('module_corruption', 1, 9, 14)
fake_01819.png,module_corruption,('module_corruption', 12, 6, 10)
fake_01820.png,module_corruption,('module_corruption', 18, 19, 13)
fake_01821.png,patch_overlay,('patch_overlay', 254, 182, 78, 78)
fake_01822.png,patch_overlay,('patch_overlay', 321, 315, 69, 69)
fake_01823.png,patch_overlay,('patch_overlay', 76, 23, 69, 69)
fake_01824.png,module_corruption,('module_corruption', 12, 3, 10)
fake_01825.png,module_corruption,('module_corruption', 19, 25, 12)
fake_01826.png,patch_overlay,('patch_overlay', 273, 15, 77, 77)
fake_01827.png,module_corruption,('module_corruption', 5, 2, 11)
fake_01828.png,module_corruption,('module_corruption', 21, 9, 13)
fake_01829.png,module_corruption,('module_corruption', 6, 4, 11)
fake_01830.png,module_corruption,('module_corruption', 3, 16, 13)
fake_01831.png,module_corruption,('module_corruption', 18, 16, 12)
fake_01832.png,patch_overlay,('patch_overlay', 158, 226, 75, 75)
fake_01833.png,module_corruption,('module_corruption', 14, 20, 10)
fake_01834.png,patch_overlay,('patch_overlay', 110, 334, 77, 77)
fake_01835.png,patch_overlay,('patch_overlay', 298, 229, 84, 84)
fake_01836.png,module_corruption,('module_corruption', 16, 6, 10)
fake_01837.png,patch_overlay,('patch_overlay', 176, 124, 56, 56)
fake_01838.png,patch_overlay,('patch_overlay', 258, 250, 89, 89)
fake_01839.png,patch_overlay,('patch_overlay', 115, 53, 57, 57)
fake_01840.png,module_corruption,('module_corruption', 26, 0, 10)
fake_01841.png,patch_overlay,('patch_overlay', 225, 262, 83, 83)
fake_01842.png,module_corruption,('module_corruption', 12, 0, 12)
fake_01843.png,module_corruption,('module_corruption', 2, 24, 11)
fake_01844.png,module_corruption,('module_corruption', 6, 10, 11)
fake_01845.png,patch_overlay,('patch_overlay', 200, 151, 73, 73)
fake_01846.png,module_corruption,('module_corruption', 4, 4, 12)
fake_01847.png,patch_overlay,('patch_overlay', 54, 76, 95, 95)
fake_01848.png,module_corruption,('module_corruption', 13, 22, 14)
fake_01849.png,module_corruption,('module_corruption', 18, 4, 11)
fake_01850.png,module_corruption,('module_corruption', 15, 17, 10)
fake_01851.png,module_corruption,('module_corruption', 6, 4, 13)
fake_01852.png,module_corruption,('module_corruption', 23, 6, 11)
fake_01853.png,patch_overlay,('patch_overlay', 42, 390, 57, 57)
fake_01854.png,module_corruption,('module_corruption', 17, 11, 12)
fake_01855.png,module_corruption,('module_corruption', 8, 4, 13)
fake_01856.png,module_corruption,('module_corruption', 16, 19, 10)
fake_01857.png,module_corruption,('module_corruption', 12, 2, 12)
fake_01858.png,patch_overlay,('patch_overlay', 128, 192, 84, 84)
fake_01859.png,module_corruption,('module_corruption', 19, 26, 9)
fake_01860.png,module_corruption,('module_corruption', 11, 5, 12)
fake_01861.png,module_corruption,('module_corruption', 0, 8, 10)
fake_01862.png,patch_overlay,('patch_overlay', 296, 47, 79, 79)
fake_01863.png,module_corruption,('module_corruption', 20, 24, 10)
fake_01864.png,module_corruption,('module_corruption', 0, 3, 13)
fake_01865.png,patch_overlay,('patch_overlay', 325, 294, 70, 70)
fake_01866.png,module_corruption,('module_corruption', 3, 1, 13)
fake_01867.png,module_corruption,('module_corruption', 15, 9, 14)
fake_01868.png,module_corruption,('module_corruption', 6, 7, 13)
fake_01869.png,module_corruption,('module_corruption', 27, 14, 9)
fake_01870.png,module_corruption,('module_corruption', 13, 8, 9)
fake_01871.png,patch_overlay,('patch_overlay', 253, 119, 82, 82)
fake_01872.png,patch_overlay,('patch_overlay', 94, 0, 88, 88)
fake_01873.png,patch_overlay,('patch_overlay', 313, 154, 64, 64)
fake_01874.png,patch_overlay,('patch_overlay', 85, 218, 78, 78)
fake_01875.png,module_corruption,('module_corruption', 19, 17, 14)
fake_01876.png,module_corruption,('module_corruption', 23, 26, 11)
fake_01877.png,module_corruption,('module_corruption', 25, 24, 11)
fake_01878.png,module_corruption,('module_corruption', 1, 19, 11)
fake_01879.png,patch_overlay,('patch_overlay', 279, 44, 80, 80)
fake_01880.png,module_corruption,('module_corruption', 20, 18, 9)
fake_01881.png,patch_overlay,('patch_overlay', 183, 164, 67, 67)
fake_01882.png,patch_overlay,('patch_overlay', 239, 271, 73, 73)
fake_01883.png,patch_overlay,('patch_overlay', 351, 143, 97, 97)
fake_01884.png,module_corruption,('module_corruption', 17, 6, 10)
fake_01885.png,module_corruption,('module_corruption', 13, 25, 11)
fake_01886.png,module_corruption,('module_corruption', 24, 22, 12)
fake_01887.png,module_corruption,('module_corruption', 25, 16, 10)
fake_01888.png,patch_overlay,('patch_overlay', 250, 250, 61, 61)
fake_01889.png,patch_overlay,('patch_overlay', 91, 100, 60, 60)
fake_01890.png,patch_overlay,('patch_overlay', 233, 377, 68, 68)
fake_01891.png,patch_overlay,('patch_overlay', 159, 11, 66, 66)
fake_01892.png,module_corruption,('module_corruption', 20, 8, 12)
fake_01893.png,patch_overlay,('patch_overlay', 268, 139, 66, 66)
fake_01894.png,patch_overlay,('patch_overlay', 304, 327, 61, 61)
fake_01895.png,module_corruption,('module_corruption', 4, 19, 10)
fake_01896.png,module_corruption,('module_corruption', 11, 6, 12)
fake_01897.png,module_corruption,('module_corruption', 22, 13, 10)
fake_01898.png,patch_overlay,('patch_overlay', 356, 357, 69, 69)
fake_01899.png,module_corruption,('module_corruption', 14, 6, 10)
fake_01900.png,module_corruption,('module_corruption', 18, 25, 9)
fake_01901.png,patch_overlay,('patch_overlay', 215, 198, 71, 71)
fake_01902.png,module_corruption,('module_corruption', 7, 5, 13)
fake_01903.png,patch_overlay,('patch_overlay', 192, 46, 60, 60)
fake_01904.png,patch_overlay,('patch_overlay', 330, 219, 75, 75)
fake_01905.png,patch_overlay,('patch_overlay', 108, 242, 71, 71)
fake_01906.png,module_corruption,('module_corruption', 0, 23, 12)
fake_01907.png,module_corruption,('module_corruption', 6, 5, 12)
fake_01908.png,module_corruption,('module_corruption', 22, 6, 12)
fake_01909.png,patch_overlay,('patch_overlay', 141, 213, 74, 74)
fake_01910.png,patch_overlay,('patch_overlay', 88, 370, 77, 77)
fake_01911.png,module_corruption,('module_corruption', 17, 7, 10)
fake_01912.png,module_corruption,('module_corruption', 3, 1, 11)
fake_01913.png,module_corruption,('module_corruption', 19, 23, 10)
fake_01914.png,patch_overlay,('patch_overlay', 41, 106, 74, 74)
fake_01915.png,patch_overlay,('patch_overlay', 267, 274, 96, 96)
fake_01916.png,module_corruption,('module_corruption', 10, 5, 14)
fake_01917.png,module_corruption,('module_corruption', 25, 17, 10)
fake_01918.png,module_corruption,('module_corruption', 4, 13, 14)
fake_01919.png,patch_overlay,('patch_overlay', 154, 195, 84, 84)
fake_01920.png,patch_overlay,('patch_overlay', 183, 20, 85, 85)
fake_01921.png,patch_overlay,('patch_overlay', 239, 223, 78, 78)
fake_01922.png,patch_overlay,('patch_overlay', 294, 190, 82, 82)
fake_01923.png,module_corruption,('module_corruption', 2, 3, 14)
fake_01924.png,module_corruption,('module_corruption', 0, 24, 9)
fake_01925.png,patch_overlay,('patch_overlay', 57, 55, 84, 84)
fake_01926.png,patch_overlay,('patch_overlay', 218, 8, 81, 81)
fake_01927.png,module_corruption,('module_corruption', 17, 0, 12)
fake_01928.png,module_corruption,('module_corruption', 11, 6, 13)
fake_01929.png,patch_overlay,('patch_overlay', 235, 347, 67, 67)
fake_01930.png,patch_overlay,('patch_overlay', 229, 361, 59, 59)
fake_01931.png,module_corruption,('module_corruption', 9, 3, 10)
fake_01932.png,patch_overlay,('patch_overlay', 281, 183, 69, 69)
fake_01933.png,patch_overlay,('patch_overlay', 91, 124, 71, 71)
fake_01934.png,module_corruption,('module_corruption', 27, 26, 9)
fake_01935.png,patch_overlay,('patch_overlay', 296, 12, 58, 58)
fake_01936.png,patch_overlay,('patch_overlay', 66, 296, 78, 78)
fake_01937.png,module_corruption,('module_corruption', 13, 26, 11)
fake_01938.png,patch_overlay,('patch_overlay', 373, 74, 71, 71)
fake_01939.png,module_corruption,('module_corruption', 9, 13, 12)
fake_01940.png,module_corruption,('module_corruption', 26, 5, 9)
fake_01941.png,patch_overlay,('patch_overlay', 258, 157, 89, 89)
fake_01942.png,module_corruption,('module_corruption', 10, 8, 11)
fake_01943.png,module_corruption,('module_corruption', 20, 28, 9)
fake_01944.png,patch_overlay,('patch_overlay', 337, 289, 98, 98)
fake_01945.png,module_corruption,('module_corruption', 17, 0, 13)
fake_01946.png,patch_overlay,('patch_overlay', 145, 208, 74, 74)
fake_01947.png,module_corruption,('module_corruption', 19, 7, 11)
fake_01948.png,patch_overlay,('patch_overlay', 11, 86, 97, 97)
fake_01949.png,module_corruption,('module_corruption', 25, 23, 10)
fake_01950.png,module_corruption,('module_corruption', 24, 16, 10)
fake_01951.png,module_corruption,('module_corruption', 10, 17, 11)
fake_01952.png,patch_overlay,('patch_overlay', 242, 64, 92, 92)
fake_01953.png,patch_overlay,('patch_overlay', 280, 173, 82, 82)
fake_01954.png,patch_overlay,('patch_overlay', 74, 280, 88, 88)
fake_01955.png,patch_overlay,('patch_overlay', 66, 105, 55, 55)
fake_01956.png,module_corruption,('module_corruption', 4, 20, 13)
fake_01957.png,module_corruption,('module_corruption', 3, 11, 10)
fake_01958.png,patch_overlay,('patch_overlay', 113, 237, 85, 85)
fake_01959.png,patch_overlay,('patch_overlay', 159, 209, 55, 55)
fake_01960.png,patch_overlay,('patch_overlay', 145, 223, 96, 96)
fake_01961.png,module_corruption,('module_corruption', 0, 25, 11)
fake_01962.png,module_corruption,('module_corruption', 24, 13, 12)
fake_01963.png,patch_overlay,('patch_overlay', 347, 25, 73, 73)
fake_01964.png,module_corruption,('module_corruption', 15, 9, 9)
fake_01965.png,module_corruption,('module_corruption', 24, 9, 12)
fake_01966.png,module_corruption,('module_corruption', 23, 15, 12)
fake_01967.png,patch_overlay,('patch_overlay', 269, 58, 66, 66)
fake_01968.png,patch_overlay,('patch_overlay', 46, 38, 83, 83)
fake_01969.png,module_corruption,('module_corruption', 19, 21, 12)
fake_01970.png,patch_overlay,('patch_overlay', 188, 326, 73, 73)
fake_01971.png,patch_overlay,('patch_overlay', 185, 9, 91, 91)
fake_01972.png,patch_overlay,('patch_overlay', 171, 14, 95, 95)
fake_01973.png,patch_overlay,('patch_overlay', 272, 90, 60, 60)
fake_01974.png,module_corruption,('module_corruption', 20, 14, 9)
fake_01975.png,patch_overlay,('patch_overlay', 216, 346, 90, 90)
fake_01976.png,module_corruption,('module_corruption', 23, 13, 9)
fake_01977.png,patch_overlay,('patch_overlay', 113, 182, 76, 76)
fake_01978.png,patch_overlay,('patch_overlay', 342, 11, 63, 63)
fake_01979.png,module_corruption,('module_corruption', 14, 11, 10)
fake_01980.png,patch_overlay,('patch_overlay', 218, 339, 60, 60)
fake_01981.png,patch_overlay,('patch_overlay', 65, 221, 96, 96)
fake_01982.png,patch_overlay,('patch_overlay', 77, 282, 88, 88)
fake_01983.png,patch_overlay,('patch_overlay', 325, 225, 89, 89)
fake_01984.png,patch_overlay,('patch_overlay', 21, 351, 69, 69)
fake_01985.png,patch_overlay,('patch_overlay', 26, 5, 67, 67)
fake_01986.png,module_corruption,('module_corruption', 19, 4, 11)
fake_01987.png,patch_overlay,('patch_overlay', 299, 309, 89, 89)
fake_01988.png,module_corruption,('module_corruption', 3, 23, 12)
fake_01989.png,module_corruption,('module_corruption', 6, 16, 13)
fake_01990.png,patch_overlay,('patch_overlay', 54, 328, 60, 60)
fake_01991.png,patch_overlay,('patch_overlay', 311, 30, 91, 91)
fake_01992.png,patch_overlay,('patch_overlay', 328, 287, 82, 82)
fake_01993.png,module_corruption,('module_corruption', 20, 5, 13)
fake_01994.png,module_corruption,('module_corruption', 12, 10, 12)
fake_01995.png,module_corruption,('module_corruption', 5, 9, 13)
fake_01996.png,module_corruption,('module_corruption', 20, 2, 11)
fake_01997.png,patch_overlay,('patch_overlay', 286, 364, 68, 68)
fake_01998.png,module_corruption,('module_corruption', 24, 10, 11)
fake_01999.png,patch_overlay,('patch_overlay', 344, 118, 65, 65)
fake_02000.png,patch_overlay,('patch_overlay', 147, 204, 78, 78)
fake_02001.png,module_corruption,('module_corruption', 0, 17, 11)
fake_02002.png,patch_overlay,('patch_overlay', 126, 52, 90, 90)
fake_02003.png,patch_overlay,('patch_overlay', 140, 340, 87, 87)
fake_02004.png,patch_overlay,('patch_overlay', 238, 195, 93, 93)
fake_02005.png,module_corruption,('module_corruption', 7, 2, 13)
fake_02006.png,patch_overlay,('patch_overlay', 15, 156, 89, 89)
fake_02007.png,patch_overlay,('patch_overlay', 76, 165, 80, 80)
fake_02008.png,module_corruption,('module_corruption', 5, 23, 12)
fake_02009.png,module_corruption,('module_corruption', 22, 23, 14)
fake_02010.png,module_corruption,('module_corruption', 13, 16, 13)
fake_02011.png,patch_overlay,('patch_overlay', 107, 211, 87, 87)
fake_02012.png,module_corruption,('module_corruption', 8, 20, 12)
fake_02013.png,module_corruption,('module_corruption', 22, 7, 11)
fake_02014.png,module_corruption,('module_corruption', 23, 22, 14)
fake_02015.png,patch_overlay,('patch_overlay', 207, 4, 81, 81)
fake_02016.png,module_corruption,('module_corruption', 14, 17, 10)
fake_02017.png,patch_overlay,('patch_overlay', 73, 40, 63, 63)
fake_02018.png,patch_overlay,('patch_overlay', 212, 297, 64, 64)
fake_02019.png,patch_overlay,('patch_overlay', 306, 174, 57, 57)
fake_02020.png,module_corruption,('module_corruption', 24, 14, 12)
fake_02021.png,patch_overlay,('patch_overlay', 121, 333, 57, 57)
fake_02022.png,module_corruption,('module_corruption', 5, 14, 10)
fake_02023.png,module_corruption,('module_corruption', 2, 26, 10)
fake_02024.png,patch_overlay,('patch_overlay', 178, 329, 55, 55)
fake_02025.png,module_corruption,('module_corruption', 22, 14, 12)
fake_02026.png,module_corruption,('module_corruption', 10, 22, 9)
fake_02027.png,patch_overlay,('patch_overlay', 275, 60, 87, 87)
fake_02028.png,patch_overlay,('patch_overlay', 313, 181, 88, 88)
fake_02029.png,module_corruption,('module_corruption', 3, 16, 14)
fake_02030.png,module_corruption,('module_corruption', 18, 13, 12)
fake_02031.png,patch_overlay,('patch_overlay', 183, 303, 66, 66)
fake_02032.png,module_corruption,('module_corruption', 21, 21, 13)
fake_02033.png,module_corruption,('module_corruption', 22, 15, 14)
fake_02034.png,module_corruption,('module_corruption', 5, 11, 12)
fake_02035.png,module_corruption,('module_corruption', 1, 14, 12)
fake_02036.png,patch_overlay,('patch_overlay', 138, 3, 91, 91)
fake_02037.png,module_corruption,('module_corruption', 15, 23, 9)
fake_02038.png,module_corruption,('module_corruption', 17, 0, 13)
fake_02039.png,patch_overlay,('patch_overlay', 49, 121, 67, 67)
fake_02040.png,patch_overlay,('patch_overlay', 219, 10, 65, 65)
fake_02041.png,module_corruption,('module_corruption', 22, 6, 11)
fake_02042.png,module_corruption,('module_corruption', 20, 2, 9)
fake_02043.png,patch_overlay,('patch_overlay', 55, 340, 78, 78)
fake_02044.png,module_corruption,('module_corruption', 25, 22, 12)
fake_02045.png,module_corruption,('module_corruption', 24, 11, 13)
fake_02046.png,patch_overlay,('patch_overlay', 80, 322, 65, 65)
fake_02047.png,patch_overlay,('patch_overlay', 115, 325, 67, 67)
fake_02048.png,patch_overlay,('patch_overlay', 309, 242, 55, 55)
fake_02049.png,module_corruption,('module_corruption', 8, 13, 11)
fake_02050.png,patch_overlay,('patch_overlay', 373, 34, 70, 70)
fake_02051.png,module_corruption,('module_corruption', 14, 12, 11)
fake_02052.png,module_corruption,('module_corruption', 17, 7, 9)
fake_02053.png,patch_overlay,('patch_overlay', 74, 304, 67, 67)
fake_02054.png,patch_overlay,('patch_overlay', 109, 193, 95, 95)
fake_02055.png,module_corruption,('module_corruption', 21, 26, 11)
fake_02056.png,module_corruption,('module_corruption', 10, 22, 12)
fake_02057.png,module_corruption,('module_corruption', 7, 23, 13)
fake_02058.png,patch_overlay,('patch_overlay', 148, 13, 78, 78)
fake_02059.png,patch_overlay,('patch_overlay', 38, 372, 76, 76)
fake_02060.png,patch_overlay,('patch_overlay', 366, 331, 64, 64)
fake_02061.png,patch_overlay,('patch_overlay', 132, 189, 72, 72)
fake_02062.png,module_corruption,('module_corruption', 7, 1, 13)
fake_02063.png,module_corruption,('module_corruption', 19, 8, 11)
fake_02064.png,patch_overlay,('patch_overlay', 128, 138, 89, 89)
fake_02065.png,patch_overlay,('patch_overlay', 106, 182, 81, 81)
fake_02066.png,module_corruption,('module_corruption', 12, 16, 10)
fake_02067.png,module_corruption,('module_corruption', 14, 3, 12)
fake_02068.png,module_corruption,('module_corruption', 12, 11, 9)
fake_02069.png,patch_overlay,('patch_overlay', 14, 199, 63, 63)
fake_02070.png,patch_overlay,('patch_overlay', 1, 65, 84, 84)
fake_02071.png,module_corruption,('module_corruption', 14, 7, 13)
fake_02072.png,patch_overlay,('patch_overlay', 20, 306, 92, 92)
fake_02073.png,patch_overlay,('patch_overlay', 185, 33, 68, 68)
fake_02074.png,patch_overlay,('patch_overlay', 160, 57, 60, 60)
fake_02075.png,module_corruption,('module_corruption', 12, 0, 12)
fake_02076.png,module_corruption,('module_corruption', 7, 0, 11)
fake_02077.png,patch_overlay,('patch_overlay', 184, 42, 82, 82)
fake_02078.png,module_corruption,('module_corruption', 20, 0, 13)
fake_02079.png,patch_overlay,('patch_overlay', 252, 161, 70, 70)
fake_02080.png,patch_overlay,('patch_overlay', 220, 266, 94, 94)
fake_02081.png,module_corruption,('module_corruption', 25, 1, 9)
fake_02082.png,patch_overlay,('patch_overlay', 379, 38, 71, 71)
fake_02083.png,module_corruption,('module_corruption', 20, 7, 9)
fake_02084.png,module_corruption,('module_corruption', 7, 10, 12)
fake_02085.png,patch_overlay,('patch_overlay', 321, 323, 69, 69)
fake_02086.png,module_corruption,('module_corruption', 3, 9, 14)
fake_02087.png,patch_overlay,('patch_overlay', 195, 326, 84, 84)
fake_02088.png,module_corruption,('module_corruption', 24, 19, 13)
fake_02089.png,patch_overlay,('patch_overlay', 166, 185, 63, 63)
fake_02090.png,patch_overlay,('patch_overlay', 47, 3, 79, 79)
fake_02091.png,module_corruption,('module_corruption', 10, 14, 13)
fake_02092.png,module_corruption,('module_corruption', 11, 8, 10)
fake_02093.png,module_corruption,('module_corruption', 14, 1, 13)
fake_02094.png,patch_overlay,('patch_overlay', 71, 295, 84, 84)
fake_02095.png,patch_overlay,('patch_overlay', 278, 354, 54, 54)
fake_02096.png,module_corruption,('module_corruption', 13, 20, 12)
fake_02097.png,patch_overlay,('patch_overlay', 8, 241, 57, 57)
fake_02098.png,module_corruption,('module_corruption', 12, 9, 9)
fake_02099.png,patch_overlay,('patch_overlay', 363, 241, 78, 78)
fake_02100.png,module_corruption,('module_corruption', 17, 11, 12)
fake_02101.png,patch_overlay,('patch_overlay', 110, 31, 93, 93)
fake_02102.png,module_corruption,('module_corruption', 15, 19, 12)
fake_02103.png,module_corruption,('module_corruption', 23, 15, 11)
fake_02104.png,module_corruption,('module_corruption', 18, 25, 9)
fake_02105.png,module_corruption,('module_corruption', 6, 1, 13)
fake_02106.png,module_corruption,('module_corruption', 11, 23, 11)
fake_02107.png,module_corruption,('module_corruption', 15, 24, 13)
fake_02108.png,module_corruption,('module_corruption', 0, 24, 11)
fake_02109.png,patch_overlay,('patch_overlay', 7, 298, 68, 68)
fake_02110.png,module_corruption,('module_corruption', 17, 5, 12)
fake_02111.png,patch_overlay,('patch_overlay', 246, 83, 63, 63)
fake_02112.png,module_corruption,('module_corruption', 3, 22, 9)
fake_02113.png,module_corruption,('module_corruption', 19, 23, 10)
fake_02114.png,patch_overlay,('patch_overlay', 328, 174, 70, 70)
fake_02115.png,module_corruption,('module_corruption', 15, 11, 10)
fake_02116.png,module_corruption,('module_corruption', 8, 15, 14)
fake_02117.png,patch_overlay,('patch_overlay', 216, 251, 54, 54)
fake_02118.png,patch_overlay,('patch_overlay', 278, 323, 78, 78)
fake_02119.png,module_corruption,('module_corruption', 3, 16, 11)
fake_02120.png,patch_overlay,('patch_overlay', 101, 90, 74, 74)
fake_02121.png,patch_overlay,('patch_overlay', 190, 99, 65, 65)
fake_02122.png,patch_overlay,('patch_overlay', 337, 132, 56, 56)
fake_02123.png,module_corruption,('module_corruption', 18, 19, 13)
fake_02124.png,patch_overlay,('patch_overlay', 335, 2, 60, 60)
fake_02125.png,patch_overlay,('patch_overlay', 30, 281, 64, 64)
fake_02126.png,module_corruption,('module_corruption', 18, 20, 11)
fake_02127.png,module_corruption,('module_corruption', 15, 9, 13)
fake_02128.png,module_corruption,('module_corruption', 12, 3, 11)
fake_02129.png,patch_overlay,('patch_overlay', 209, 259, 94, 94)
fake_02130.png,patch_overlay,('patch_overlay', 168, 233, 61, 61)
fake_02131.png,module_corruption,('module_corruption', 0, 6, 13)
fake_02132.png,module_corruption,('module_corruption', 9, 22, 10)
fake_02133.png,patch_overlay,('patch_overlay', 16, 253, 85, 85)
fake_02134.png,module_corruption,('module_corruption', 15, 21, 13)
fake_02135.png,patch_overlay,('patch_overlay', 279, 338, 71, 71)
fake_02136.png,patch_overlay,('patch_overlay', 158, 249, 70, 70)
fake_02137.png,module_corruption,('module_corruption', 10, 18, 10)
fake_02138.png,module_corruption,('module_corruption', 8, 16, 10)
fake_02139.png,patch_overlay,('patch_overlay', 152, 156, 83, 83)
fake_02140.png,patch_overlay,('patch_overlay', 256, 121, 65, 65)
fake_02141.png,patch_overlay,('patch_overlay', 363, 297, 80, 80)
fake_02142.png,module_corruption,('module_corruption', 0, 12, 11)
fake_02143.png,patch_overlay,('patch_overlay', 222, 140, 85, 85)
fake_02144.png,module_corruption,('module_corruption', 0, 3, 10)
fake_02145.png,module_corruption,('module_corruption', 8, 1, 9)
fake_02146.png,module_corruption,('module_corruption', 20, 3, 13)
fake_02147.png,patch_overlay,('patch_overlay', 139, 11, 62, 62)
fake_02148.png,patch_overlay,('patch_overlay', 269, 91, 82, 82)
fake_02149.png,patch_overlay,('patch_overlay', 188, 243, 66, 66)
fake_02150.png,patch_overlay,('patch_overlay', 170, 7, 63, 63)
fake_02151.png,module_corruption,('module_corruption', 21, 11, 13)
fake_02152.png,module_corruption,('module_corruption', 12, 1, 13)
fake_02153.png,patch_overlay,('patch_overlay', 128, 244, 87, 87)
fake_02154.png,module_corruption,('module_corruption', 17, 3, 12)
fake_02155.png,module_corruption,('module_corruption', 1, 17, 13)
fake_02156.png,module_corruption,('module_corruption', 14, 24, 13)
fake_02157.png,patch_overlay,('patch_overlay', 2, 242, 89, 89)
fake_02158.png,module_corruption,('module_corruption', 11, 21, 11)
fake_02159.png,patch_overlay,('patch_overlay', 126, 133, 73, 73)
fake_02160.png,module_corruption,('module_corruption', 18, 21, 9)
fake_02161.png,patch_overlay,('patch_overlay', 20, 200, 90, 90)
fake_02162.png,patch_overlay,('patch_overlay', 111, 274, 75, 75)
fake_02163.png,module_corruption,('module_corruption', 6, 24, 12)
fake_02164.png,patch_overlay,('patch_overlay', 268, 228, 65, 65)
fake_02165.png,module_corruption,('module_corruption', 21, 6, 12)
fake_02166.png,patch_overlay,('patch_overlay', 152, 147, 93, 93)
fake_02167.png,module_corruption,('module_corruption', 0, 3, 9)
fake_02168.png,patch_overlay,('patch_overlay', 358, 115, 70, 70)
fake_02169.png,patch_overlay,('patch_overlay', 242, 242, 83, 83)
fake_02170.png,module_corruption,('module_corruption', 23, 11, 13)
fake_02171.png,module_corruption,('module_corruption', 21, 1, 9)
fake_02172.png,module_corruption,('module_corruption', 9, 5, 9)
fake_02173.png,patch_overlay,('patch_overlay', 98, 92, 87, 87)
fake_02174.png,module_corruption,('module_corruption', 26, 16, 11)
fake_02175.png,module_corruption,('module_corruption', 24, 10, 13)
fake_02176.png,patch_overlay,('patch_overlay', 195, 342, 68, 68)
fake_02177.png,module_corruption,('module_corruption', 22, 16, 12)
fake_02178.png,patch_overlay,('patch_overlay', 277, 248, 85, 85)
fake_02179.png,module_corruption,('module_corruption', 12, 2, 11)
fake_02180.png,patch_overlay,('patch_overlay', 48, 200, 57, 57)
fake_02181.png,patch_overlay,('patch_overlay', 199, 330, 73, 73)
fake_02182.png,module_corruption,('module_corruption', 18, 10, 12)
fake_02183.png,module_corruption,('module_corruption', 14, 1, 12)
fake_02184.png,module_corruption,('module_corruption', 17, 5, 12)
fake_02185.png,module_corruption,('module_corruption', 9, 0, 12)
fake_02186.png,module_corruption,('module_corruption', 6, 6, 10)
fake_02187.png,module_corruption,('module_corruption', 3, 19, 13)
fake_02188.png,module_corruption,('module_corruption', 3, 5, 9)
fake_02189.png,patch_overlay,('patch_overlay', 34, 352, 64, 64)
fake_02190.png,patch_overlay,('patch_overlay', 41, 261, 59, 59)
fake_02191.png,patch_overlay,('patch_overlay', 2, 16, 71, 71)
fake_02192.png,patch_overlay,('patch_overlay', 11, 226, 71, 71)
fake_02193.png,module_corruption,('module_corruption', 24, 4, 11)
fake_02194.png,patch_overlay,('patch_overlay', 317, 82, 82, 82)
fake_02195.png,module_corruption,('module_corruption', 8, 11, 12)
fake_02196.png,module_corruption,('module_corruption', 14, 7, 12)
fake_02197.png,module_corruption,('module_corruption', 16, 2, 14)
fake_02198.png,patch_overlay,('patch_overlay', 327, 248, 88, 88)
fake_02199.png,patch_overlay,('patch_overlay', 6, 239, 75, 75)
fake_02200.png,module_corruption,('module_corruption', 0, 24, 12)
fake_02201.png,patch_overlay,('patch_overlay', 81, 277, 76, 76)
fake_02202.png,module_corruption,('module_corruption', 8, 0, 13)
fake_02203.png,patch_overlay,('patch_overlay', 119, 165, 73, 73)
fake_02204.png,patch_overlay,('patch_overlay', 276, 205, 75, 75)
fake_02205.png,module_corruption,('module_corruption', 10, 2, 9)
fake_02206.png,patch_overlay,('patch_overlay', 152, 91, 65, 65)
fake_02207.png,patch_overlay,('patch_overlay', 90, 393, 55, 55)
fake_02208.png,patch_overlay,('patch_overlay', 0, 39, 91, 91)
fake_02209.png,module_corruption,('module_corruption', 6, 3, 14)
fake_02210.png,module_corruption,('module_corruption', 6, 5, 13)
fake_02211.png,module_corruption,('module_corruption', 21, 12, 10)
fake_02212.png,patch_overlay,('patch_overlay', 234, 95, 91, 91)
fake_02213.png,module_corruption,('module_corruption', 21, 14, 11)
fake_02214.png,module_corruption,('module_corruption', 6, 21, 13)
fake_02215.png,module_corruption,('module_corruption', 11, 6, 9)
fake_02216.png,patch_overlay,('patch_overlay', 35, 242, 63, 63)
fake_02217.png,module_corruption,('module_corruption', 16, 10, 10)
fake_02218.png,patch_overlay,('patch_overlay', 304, 27, 87, 87)
fake_02219.png,patch_overlay,('patch_overlay', 93, 147, 60, 60)
fake_02220.png,patch_overlay,('patch_overlay', 150, 314, 76, 76)
fake_02221.png,module_corruption,('module_corruption', 18, 0, 12)
fake_02222.png,patch_overlay,('patch_overlay', 224, 216, 68, 68)
fake_02223.png,module_corruption,('module_corruption', 11, 3, 13)
fake_02224.png,module_corruption,('module_corruption', 7, 24, 12)
fake_02225.png,module_corruption,('module_corruption', 12, 16, 11)
fake_02226.png,module_corruption,('module_corruption', 25, 2, 12)
fake_02227.png,patch_overlay,('patch_overlay', 285, 196, 90, 90)
fake_02228.png,module_corruption,('module_corruption', 16, 5, 13)
fake_02229.png,patch_overlay,('patch_overlay', 56, 176, 85, 85)
fake_02230.png,module_corruption,('module_corruption', 20, 12, 9)
fake_02231.png,patch_overlay,('patch_overlay', 100, 307, 55, 55)
fake_02232.png,module_corruption,('module_corruption', 10, 25, 11)
fake_02233.png,patch_overlay,('patch_overlay', 325, 128, 55, 55)
fake_02234.png,module_corruption,('module_corruption', 4, 16, 13)
fake_02235.png,patch_overlay,('patch_overlay', 320, 133, 77, 77)
fake_02236.png,patch_overlay,('patch_overlay', 0, 221, 83, 83)
fake_02237.png,patch_overlay,('patch_overlay', 147, 192, 94, 94)
fake_02238.png,module_corruption,('module_corruption', 27, 22, 10)
fake_02239.png,module_corruption,('module_corruption', 7, 11, 13)
fake_02240.png,module_corruption,('module_corruption', 22, 14, 11)
fake_02241.png,patch_overlay,('patch_overlay', 182, 368, 70, 70)
fake_02242.png,module_corruption,('module_corruption', 7, 16, 12)
fake_02243.png,patch_overlay,('patch_overlay', 102, 263, 72, 72)
fake_02244.png,module_corruption,('module_corruption', 18, 3, 12)
fake_02245.png,module_corruption,('module_corruption', 24, 19, 12)
fake_02246.png,module_corruption,('module_corruption', 9, 19, 11)
fake_02247.png,module_corruption,('module_corruption', 26, 19, 11)
fake_02248.png,module_corruption,('module_corruption', 10, 9, 10)
fake_02249.png,patch_overlay,('patch_overlay', 294, 46, 78, 78)
fake_02250.png,patch_overlay,('patch_overlay', 257, 12, 81, 81)
fake_02251.png,module_corruption,('module_corruption', 19, 19, 13)
fake_02252.png,patch_overlay,('patch_overlay', 196, 170, 82, 82)
fake_02253.png,module_corruption,('module_corruption', 6, 18, 13)
fake_02254.png,patch_overlay,('patch_overlay', 262, 284, 70, 70)
fake_02255.png,module_corruption,('module_corruption', 4, 9, 13)
fake_02256.png,module_corruption,('module_corruption', 9, 14, 13)
fake_02257.png,patch_overlay,('patch_overlay', 251, 145, 77, 77)
fake_02258.png,patch_overlay,('patch_overlay', 52, 260, 95, 95)
fake_02259.png,module_corruption,('module_corruption', 23, 22, 10)
fake_02260.png,module_corruption,('module_corruption', 19, 10, 13)
fake_02261.png,patch_overlay,('patch_overlay', 343, 273, 67, 67)
fake_02262.png,patch_overlay,('patch_overlay', 271, 253, 84, 84)
fake_02263.png,patch_overlay,('patch_overlay', 267, 62, 93, 93)
fake_02264.png,patch_overlay,('patch_overlay', 235, 22, 81, 81)
fake_02265.png,patch_overlay,('patch_overlay', 100, 164, 68, 68)
fake_02266.png,patch_overlay,('patch_overlay', 302, 109, 64, 64)
fake_02267.png,module_corruption,('module_corruption', 7, 13, 13)
fake_02268.png,patch_overlay,('patch_overlay', 344, 43, 87, 87)
fake_02269.png,module_corruption,('module_corruption', 12, 5, 11)
fake_02270.png,module_corruption,('module_corruption', 11, 7, 10)
fake_02271.png,module_corruption,('module_corruption', 17, 10, 14)
fake_02272.png,patch_overlay,('patch_overlay', 78, 200, 96, 96)
fake_02273.png,module_corruption,('module_corruption', 20, 20, 11)
fake_02274.png,module_corruption,('module_corruption', 6, 12, 11)
fake_02275.png,module_corruption,('module_corruption', 21, 20, 13)
fake_02276.png,module_corruption,('module_corruption', 17, 4, 9)
fake_02277.png,module_corruption,('module_corruption', 11, 24, 11)
fake_02278.png,module_corruption,('module_corruption', 5, 24, 10)
fake_02279.png,patch_overlay,('patch_overlay', 309, 74, 54, 54)
fake_02280.png,module_corruption,('module_corruption', 6, 19, 10)
fake_02281.png,module_corruption,('module_corruption', 17, 22, 14)
fake_02282.png,module_corruption,('module_corruption', 15, 8, 9)
fake_02283.png,module_corruption,('module_corruption', 22, 19, 10)
fake_02284.png,module_corruption,('module_corruption', 21, 18, 10)
fake_02285.png,module_corruption,('module_corruption', 0, 6, 13)
fake_02286.png,module_corruption,('module_corruption', 25, 26, 10)
fake_02287.png,module_corruption,('module_corruption', 6, 23, 11)
fake_02288.png,patch_overlay,('patch_overlay', 276, 254, 81, 81)
fake_02289.png,patch_overlay,('patch_overlay', 135, 188, 64, 64)
fake_02290.png,module_corruption,('module_corruption', 20, 11, 13)
fake_02291.png,patch_overlay,('patch_overlay', 57, 186, 85, 85)
fake_02292.png,module_corruption,('module_corruption', 0, 18, 11)
fake_02293.png,patch_overlay,('patch_overlay', 198, 141, 96, 96)
fake_02294.png,module_corruption,('module_corruption', 0, 14, 13)
fake_02295.png,module_corruption,('module_corruption', 15, 2, 13)
fake_02296.png,patch_overlay,('patch_overlay', 43, 121, 93, 93)
fake_02297.png,patch_overlay,('patch_overlay', 164, 249, 72, 72)
fake_02298.png,patch_overlay,('patch_overlay', 306, 84, 73, 73)
fake_02299.png,patch_overlay,('patch_overlay', 134, 318, 75, 75)
fake_02300.png,module_corruption,('module_corruption', 21, 3, 13)
fake_02301.png,module_corruption,('module_corruption', 5, 7, 13)
fake_02302.png,module_corruption,('module_corruption', 27, 22, 10)
fake_02303.png,patch_overlay,('patch_overlay', 326, 353, 62, 62)
fake_02304.png,patch_overlay,('patch_overlay', 363, 85, 65, 65)
fake_02305.png,patch_overlay,('patch_overlay', 202, 211, 78, 78)
fake_02306.png,module_corruption,('module_corruption', 22, 20, 14)
fake_02307.png,module_corruption,('module_corruption', 11, 7, 10)
fake_02308.png,module_corruption,('module_corruption', 12, 24, 12)
fake_02309.png,module_corruption,('module_corruption', 1, 5, 9)
fake_02310.png,module_corruption,('module_corruption', 17, 10, 12)
fake_02311.png,module_corruption,('module_corruption', 3, 14, 11)
fake_02312.png,module_corruption,('module_corruption', 3, 8, 9)
fake_02313.png,module_corruption,('module_corruption', 22, 13, 9)
fake_02314.png,module_corruption,('module_corruption', 25, 23, 9)
fake_02315.png,patch_overlay,('patch_overlay', 14, 209, 96, 96)
fake_02316.png,patch_overlay,('patch_overlay', 150, 324, 55, 55)
fake_02317.png,module_corruption,('module_corruption', 7, 25, 12)
fake_02318.png,module_corruption,('module_corruption', 5, 20, 14)
fake_02319.png,patch_overlay,('patch_overlay', 311, 225, 54, 54)
fake_02320.png,module_corruption,('module_corruption', 26, 16, 11)
fake_02321.png,patch_overlay,('patch_overlay', 5, 359, 66, 66)
fake_02322.png,patch_overlay,('patch_overlay', 274, 184, 56, 56)
fake_02323.png,module_corruption,('module_corruption', 21, 26, 9)
fake_02324.png,patch_overlay,('patch_overlay', 4, 328, 97, 97)
fake_02325.png,module_corruption,('module_corruption', 22, 14, 12)
fake_02326.png,module_corruption,('module_corruption', 15, 19, 11)
fake_02327.png,patch_overlay,('patch_overlay', 33, 253, 84, 84)
fake_02328.png,module_corruption,('module_corruption', 0, 16, 12)
fake_02329.png,module_corruption,('module_corruption', 18, 4, 12)
fake_02330.png,module_corruption,('module_corruption', 10, 6, 9)
fake_02331.png,patch_overlay,('patch_overlay', 262, 187, 77, 77)
fake_02332.png,patch_overlay,('patch_overlay', 305, 260, 65, 65)
fake_02333.png,patch_overlay,('patch_overlay', 157, 273, 83, 83)
fake_02334.png,module_corruption,('module_corruption', 11, 0, 12)
fake_02335.png,patch_overlay,('patch_overlay', 358, 322, 65, 65)
fake_02336.png,module_corruption,('module_corruption', 26, 17, 10)
fake_02337.png,patch_overlay,('patch_overlay', 125, 240, 90, 90)
fake_02338.png,module_corruption,('module_corruption', 5, 24, 12)
fake_02339.png,patch_overlay,('patch_overlay', 153, 72, 64, 64)
fake_02340.png,module_corruption,('module_corruption', 25, 20, 10)
fake_02341.png,patch_overlay,('patch_overlay', 340, 143, 67, 67)
fake_02342.png,module_corruption,('module_corruption', 19, 22, 11)
fake_02343.png,module_corruption,('module_corruption', 19, 0, 12)
fake_02344.png,patch_overlay,('patch_overlay', 228, 290, 91, 91)
fake_02345.png,module_corruption,('module_corruption', 13, 13, 13)
fake_02346.png,module_corruption,('module_corruption', 8, 19, 12)
fake_02347.png,module_corruption,('module_corruption', 11, 12, 13)
fake_02348.png,module_corruption,('module_corruption', 16, 10, 13)
fake_02349.png,patch_overlay,('patch_overlay', 283, 268, 94, 94)
fake_02350.png,patch_overlay,('patch_overlay', 88, 104, 82, 82)
fake_02351.png,patch_overlay,('patch_overlay', 326, 134, 80, 80)
fake_02352.png,module_corruption,('module_corruption', 18, 16, 13)
fake_02353.png,patch_overlay,('patch_overlay', 25, 350, 85, 85)
fake_02354.png,module_corruption,('module_corruption', 15, 6, 9)
fake_02355.png,patch_overlay,('patch_overlay', 297, 170, 97, 97)
fake_02356.png,patch_overlay,('patch_overlay', 17, 179, 92, 92)
fake_02357.png,patch_overlay,('patch_overlay', 230, 183, 58, 58)
fake_02358.png,module_corruption,('module_corruption', 16, 17, 12)
fake_02359.png,patch_overlay,('patch_overlay', 361, 1, 86, 86)
fake_02360.png,patch_overlay,('patch_overlay', 189, 11, 81, 81)
fake_02361.png,patch_overlay,('patch_overlay', 106, 322, 71, 71)
fake_02362.png,module_corruption,('module_corruption', 17, 12, 11)
fake_02363.png,patch_overlay,('patch_overlay', 276, 18, 64, 64)
fake_02364.png,patch_overlay,('patch_overlay', 261, 16, 96, 96)
fake_02365.png,patch_overlay,('patch_overlay', 54, 79, 85, 85)
fake_02366.png,patch_overlay,('patch_overlay', 121, 307, 56, 56)
fake_02367.png,module_corruption,('module_corruption', 7, 8, 13)
fake_02368.png,patch_overlay,('patch_overlay', 187, 132, 94, 94)
fake_02369.png,patch_overlay,('patch_overlay', 88, 145, 66, 66)
fake_02370.png,module_corruption,('module_corruption', 8, 19, 11)
fake_02371.png,module_corruption,('module_corruption', 23, 11, 12)
fake_02372.png,module_corruption,('module_corruption', 1, 20, 14)
fake_02373.png,patch_overlay,('patch_overlay', 199, 134, 93, 93)
fake_02374.png,module_corruption,('module_corruption', 15, 0, 13)
fake_02375.png,module_corruption,('module_corruption', 2, 10, 12)
fake_02376.png,patch_overlay,('patch_overlay', 348, 109, 67, 67)
fake_02377.png,module_corruption,('module_corruption', 1, 23, 10)
fake_02378.png,patch_overlay,('patch_overlay', 319, 297, 94, 94)
fake_02379.png,patch_overlay,('patch_overlay', 161, 324, 84, 84)
fake_02380.png,module_corruption,('module_corruption', 3, 5, 10)
fake_02381.png,module_corruption,('module_corruption', 28, 18, 9)
fake_02382.png,module_corruption,('module_corruption', 7, 20, 12)
fake_02383.png,patch_overlay,('patch_overlay', 301, 218, 55, 55)
fake_02384.png,patch_overlay,('patch_overlay', 135, 146, 86, 86)
fake_02385.png,module_corruption,('module_corruption', 4, 17, 14)
fake_02386.png,patch_overlay,('patch_overlay', 249, 73, 56, 56)
fake_02387.png,module_corruption,('module_corruption', 19, 24, 12)
fake_02388.png,patch_overlay,('patch_overlay', 90, 71, 91, 91)
fake_02389.png,module_corruption,('module_corruption', 19, 26, 10)
fake_02390.png,patch_overlay,('patch_overlay', 159, 0, 94, 94)
fake_02391.png,module_corruption,('module_corruption', 19, 0, 11)
fake_02392.png,module_corruption,('module_corruption', 2, 16, 9)
fake_02393.png,patch_overlay,('patch_overlay', 184, 81, 76, 76)
fake_02394.png,patch_overlay,('patch_overlay', 46, 122, 75, 75)
fake_02395.png,patch_overlay,('patch_overlay', 215, 203, 83, 83)
fake_02396.png,patch_overlay,('patch_overlay', 59, 197, 76, 76)
fake_02397.png,patch_overlay,('patch_overlay', 314, 323, 86, 86)
fake_02398.png,patch_overlay,('patch_overlay', 25, 12, 74, 74)
fake_02399.png,patch_overlay,('patch_overlay', 85, 192, 56, 56)
fake_02400.png,patch_overlay,('patch_overlay', 8, 116, 89, 89)
fake_02401.png,module_corruption,('module_corruption', 5, 18, 13)
fake_02402.png,patch_overlay,('patch_overlay', 225, 145, 81, 81)
fake_02403.png,module_corruption,('module_corruption', 5, 15, 10)
fake_02404.png,patch_overlay,('patch_overlay', 96, 70, 94, 94)
fake_02405.png,module_corruption,('module_corruption', 23, 1, 9)
fake_02406.png,patch_overlay,('patch_overlay', 181, 87, 74, 74)
fake_02407.png,patch_overlay,('patch_overlay', 0, 373, 59, 59)
fake_02408.png,module_corruption,('module_corruption', 24, 23, 12)
fake_02409.png,patch_overlay,('patch_overlay', 99, 9, 92, 92)
fake_02410.png,module_corruption,('module_corruption', 11, 19, 13)
fake_02411.png,patch_overlay,('patch_overlay', 258, 359, 79, 79)
fake_02412.png,module_corruption,('module_corruption', 7, 25, 12)
fake_02413.png,patch_overlay,('patch_overlay', 169, 105, 97, 97)
fake_02414.png,patch_overlay,('patch_overlay', 177, 85, 71, 71)
fake_02415.png,module_corruption,('module_corruption', 13, 3, 9)
fake_02416.png,module_corruption,('module_corruption', 9, 26, 9)
fake_02417.png,patch_overlay,('patch_overlay', 161, 142, 68, 68)
fake_02418.png,module_corruption,('module_corruption', 22, 7, 9)
fake_02419.png,module_corruption,('module_corruption', 18, 24, 10)
fake_02420.png,module_corruption,('module_corruption', 1, 2, 13)
fake_02421.png,module_corruption,('module_corruption', 12, 13, 10)
fake_02422.png,module_corruption,('module_corruption', 12, 19, 13)
fake_02423.png,module_corruption,('module_corruption', 9, 19, 9)
fake_02424.png,patch_overlay,('patch_overlay', 364, 118, 61, 61)
fake_02425.png,module_corruption,('module_corruption', 25, 5, 11)
fake_02426.png,patch_overlay,('patch_overlay', 45, 147, 84, 84)
fake_02427.png,patch_overlay,('patch_overlay', 134, 60, 81, 81)
fake_02428.png,patch_overlay,('patch_overlay', 182, 169, 96, 96)
fake_02429.png,module_corruption,('module_corruption', 8, 2, 11)
fake_02430.png,patch_overlay,('patch_overlay', 289, 142, 65, 65)
fake_02431.png,patch_overlay,('patch_overlay', 196, 303, 91, 91)
fake_02432.png,module_corruption,('module_corruption', 10, 0, 10)
fake_02433.png,patch_overlay,('patch_overlay', 209, 291, 58, 58)
fake_02434.png,module_corruption,('module_corruption', 1, 26, 9)
fake_02435.png,module_corruption,('module_corruption', 22, 12, 9)
fake_02436.png,patch_overlay,('patch_overlay', 129, 365, 65, 65)
fake_02437.png,patch_overlay,('patch_overlay', 186, 335, 77, 77)
fake_02438.png,module_corruption,('module_corruption', 8, 9, 13)
fake_02439.png,module_corruption,('module_corruption', 1, 4, 13)
fake_02440.png,module_corruption,('module_corruption', 1, 0, 11)
fake_02441.png,module_corruption,('module_corruption', 20, 13, 10)
fake_02442.png,module_corruption,('module_corruption', 23, 14, 12)
fake_02443.png,module_corruption,('module_corruption', 24, 14, 10)
fake_02444.png,patch_overlay,('patch_overlay', 92, 65, 62, 62)
fake_02445.png,module_corruption,('module_corruption', 2, 24, 10)
fake_02446.png,module_corruption,('module_corruption', 8, 20, 13)
fake_02447.png,patch_overlay,('patch_overlay', 307, 203, 86, 86)
fake_02448.png,module_corruption,('module_corruption', 17, 27, 9)
fake_02449.png,module_corruption,('module_corruption', 10, 9, 13)
fake_02450.png,module_corruption,('module_corruption', 22, 26, 10)
fake_02451.png,module_corruption,('module_corruption', 7, 10, 14)
fake_02452.png,module_corruption,('module_corruption', 17, 11, 13)
fake_02453.png,patch_overlay,('patch_overlay', 168, 3, 62, 62)
fake_02454.png,module_corruption,('module_corruption', 5, 0, 11)
fake_02455.png,patch_overlay,('patch_overlay', 271, 10, 61, 61)
fake_02456.png,module_corruption,('module_corruption', 7, 5, 13)
fake_02457.png,module_corruption,('module_corruption', 10, 12, 10)
fake_02458.png,patch_overlay,('patch_overlay', 320, 186, 54, 54)
fake_02459.png,patch_overlay,('patch_overlay', 74, 155, 86, 86)
fake_02460.png,patch_overlay,('patch_overlay', 276, 174, 80, 80)
fake_02461.png,patch_overlay,('patch_overlay', 301, 127, 90, 90)
fake_02462.png,module_corruption,('module_corruption', 11, 10, 12)
fake_02463.png,module_corruption,('module_corruption', 25, 23, 10)
fake_02464.png,patch_overlay,('patch_overlay', 49, 233, 68, 68)
fake_02465.png,module_corruption,('module_corruption', 26, 9, 9)
fake_02466.png,module_corruption,('module_corruption', 0, 20, 9)
fake_02467.png,module_corruption,('module_corruption', 2, 6, 13)
fake_02468.png,module_corruption,('module_corruption', 2, 14, 11)
fake_02469.png,module_corruption,('module_corruption', 0, 21, 14)
fake_02470.png,module_corruption,('module_corruption', 23, 2, 12)
fake_02471.png,module_corruption,('module_corruption', 1, 7, 9)
fake_02472.png,patch_overlay,('patch_overlay', 70, 313, 60, 60)
fake_02473.png,patch_overlay,('patch_overlay', 50, 10, 62, 62)
fake_02474.png,module_corruption,('module_corruption', 0, 2, 14)
fake_02475.png,patch_overlay,('patch_overlay', 50, 40, 62, 62)
fake_02476.png,module_corruption,('module_corruption', 25, 9, 11)
fake_02477.png,patch_overlay,('patch_overlay', 289, 348, 58, 58)
fake_02478.png,module_corruption,('module_corruption', 22, 13, 12)
fake_02479.png,patch_overlay,('patch_overlay', 197, 71, 94, 94)
fake_02480.png,module_corruption,('module_corruption', 5, 5, 13)
fake_02481.png,patch_overlay,('patch_overlay', 91, 363, 78, 78)
fake_02482.png,module_corruption,('module_corruption', 3, 24, 10)
fake_02483.png,patch_overlay,('patch_overlay', 97, 279, 54, 54)
fake_02484.png,patch_overlay,('patch_overlay', 15, 331, 60, 60)
fake_02485.png,module_corruption,('module_corruption', 18, 4, 13)
fake_02486.png,module_corruption,('module_corruption', 5, 2, 11)
fake_02487.png,patch_overlay,('patch_overlay', 166, 144, 97, 97)
fake_02488.png,patch_overlay,('patch_overlay', 157, 272, 86, 86)
fake_02489.png,module_corruption,('module_corruption', 15, 19, 10)
fake_02490.png,patch_overlay,('patch_overlay', 131, 277, 92, 92)
fake_02491.png,module_corruption,('module_corruption', 18, 0, 11)
fake_02492.png,patch_overlay,('patch_overlay', 359, 347, 79, 79)
fake_02493.png,patch_overlay,('patch_overlay', 96, 118, 72, 72)
fake_02494.png,patch_overlay,('patch_overlay', 124, 110, 86, 86)
fake_02495.png,patch_overlay,('patch_overlay', 111, 331, 66, 66)
fake_02496.png,module_corruption,('module_corruption', 21, 19, 12)
fake_02497.png,patch_overlay,('patch_overlay', 311, 351, 78, 78)
fake_02498.png,module_corruption,('module_corruption', 6, 17, 13)
fake_02499.png,patch_overlay,('patch_overlay', 170, 46, 87, 87)
fake_02500.png,module_corruption,('module_corruption', 25, 9, 11)
fake_02501.png,patch_overlay,('patch_overlay', 124, 332, 84, 84)
fake_02502.png,module_corruption,('module_corruption', 3, 10, 11)
fake_02503.png,module_corruption,('module_corruption', 26, 0, 11)
fake_02504.png,patch_overlay,('patch_overlay', 237, 256, 66, 66)
fake_02505.png,module_corruption,('module_corruption', 20, 16, 13)
fake_02506.png,patch_overlay,('patch_overlay', 166, 211, 85, 85)
fake_02507.png,patch_overlay,('patch_overlay', 270, 245, 63, 63)
fake_02508.png,module_corruption,('module_corruption', 22, 2, 13)
fake_02509.png,patch_overlay,('patch_overlay', 134, 275, 87, 87)
fake_02510.png,module_corruption,('module_corruption', 2, 18, 9)
fake_02511.png,patch_overlay,('patch_overlay', 57, 354, 57, 57)
fake_02512.png,patch_overlay,('patch_overlay', 239, 144, 55, 55)
fake_02513.png,patch_overlay,('patch_overlay', 5, 321, 60, 60)
fake_02514.png,module_corruption,('module_corruption', 16, 2, 13)
fake_02515.png,patch_overlay,('patch_overlay', 103, 156, 82, 82)
fake_02516.png,patch_overlay,('patch_overlay', 302, 276, 60, 60)
fake_02517.png,module_corruption,('module_corruption', 24, 10, 9)
fake_02518.png,patch_overlay,('patch_overlay', 332, 101, 71, 71)
fake_02519.png,module_corruption,('module_corruption', 3, 11, 12)
fake_02520.png,module_corruption,('module_corruption', 25, 12, 11)
fake_02521.png,module_corruption,('module_corruption', 14, 4, 14)
fake_02522.png,module_corruption,('module_corruption', 3, 22, 14)
fake_02523.png,module_corruption,('module_corruption', 20, 22, 9)
fake_02524.png,patch_overlay,('patch_overlay', 267, 71, 60, 60)
fake_02525.png,module_corruption,('module_corruption', 0, 9, 13)
fake_02526.png,patch_overlay,('patch_overlay', 151, 342, 81, 81)
fake_02527.png,patch_overlay,('patch_overlay', 132, 361, 62, 62)
fake_02528.png,module_corruption,('module_corruption', 9, 7, 10)
fake_02529.png,patch_overlay,('patch_overlay', 13, 180, 82, 82)
fake_02530.png,module_corruption,('module_corruption', 10, 16, 14)
fake_02531.png,module_corruption,('module_corruption', 6, 24, 13)
fake_02532.png,patch_overlay,('patch_overlay', 11, 265, 72, 72)
fake_02533.png,module_corruption,('module_corruption', 24, 9, 11)
fake_02534.png,module_corruption,('module_corruption', 24, 5, 13)
fake_02535.png,module_corruption,('module_corruption', 9, 22, 10)
fake_02536.png,module_corruption,('module_corruption', 6, 8, 13)
fake_02537.png,module_corruption,('module_corruption', 20, 18, 12)
fake_02538.png,module_corruption,('module_corruption', 15, 13, 10)
fake_02539.png,module_corruption,('module_corruption', 9, 10, 13)
fake_02540.png,patch_overlay,('patch_overlay', 86, 253, 72, 72)
fake_02541.png,module_corruption,('module_corruption', 13, 11, 13)
fake_02542.png,patch_overlay,('patch_overlay', 64, 13, 85, 85)
fake_02543.png,patch_overlay,('patch_overlay', 333, 100, 88, 88)
fake_02544.png,patch_overlay,('patch_overlay', 187, 8, 84, 84)
fake_02545.png,patch_overlay,('patch_overlay', 279, 355, 56, 56)
fake_02546.png,module_corruption,('module_corruption', 18, 2, 13)
fake_02547.png,patch_overlay,('patch_overlay', 294, 363, 72, 72)
fake_02548.png,patch_overlay,('patch_overlay', 248, 385, 63, 63)
fake_02549.png,patch_overlay,('patch_overlay', 363, 294, 85, 85)
fake_02550.png,patch_overlay,('patch_overlay', 251, 131, 65, 65)
fake_02551.png,module_corruption,('module_corruption', 5, 0, 11)
fake_02552.png,patch_overlay,('patch_overlay', 339, 194, 92, 92)
fake_02553.png,patch_overlay,('patch_overlay', 270, 13, 96, 96)
fake_02554.png,module_corruption,('module_corruption', 1, 3, 14)
fake_02555.png,patch_overlay,('patch_overlay', 101, 124, 59, 59)
fake_02556.png,patch_overlay,('patch_overlay', 149, 102, 85, 85)
fake_02557.png,patch_overlay,('patch_overlay', 347, 28, 87, 87)
fake_02558.png,patch_overlay,('patch_overlay', 92, 136, 93, 93)
fake_02559.png,module_corruption,('module_corruption', 23, 20, 13)
fake_02560.png,module_corruption,('module_corruption', 24, 10, 9)
fake_02561.png,patch_overlay,('patch_overlay', 145, 33, 74, 74)
fake_02562.png,patch_overlay,('patch_overlay', 42, 52, 75, 75)
fake_02563.png,module_corruption,('module_corruption', 18, 11, 13)
fake_02564.png,module_corruption,('module_corruption', 20, 19, 11)
fake_02565.png,module_corruption,('module_corruption', 10, 14, 11)
fake_02566.png,module_corruption,('module_corruption', 23, 24, 12)
fake_02567.png,patch_overlay,('patch_overlay', 250, 192, 78, 78)
fake_02568.png,module_corruption,('module_corruption', 6, 16, 12)
fake_02569.png,patch_overlay,('patch_overlay', 238, 95, 97, 97)
fake_02570.png,module_corruption,('module_corruption', 10, 12, 11)
fake_02571.png,patch_overlay,('patch_overlay', 148, 340, 92, 92)
fake_02572.png,module_corruption,('module_corruption', 24, 1, 10)
fake_02573.png,module_corruption,('module_corruption', 14, 2, 13)
fake_02574.png,patch_overlay,('patch_overlay', 84, 241, 97, 97)
fake_02575.png,patch_overlay,('patch_overlay', 105, 352, 65, 65)
fake_02576.png,patch_overlay,('patch_overlay', 280, 49, 66, 66)
fake_02577.png,module_corruption,('module_corruption', 20, 7, 12)
fake_02578.png,patch_overlay,('patch_overlay', 368, 82, 68, 68)
fake_02579.png,module_corruption,('module_corruption', 4, 13, 11)
fake_02580.png,module_corruption,('module_corruption', 9, 26, 10)
fake_02581.png,patch_overlay,('patch_overlay', 209, 288, 55, 55)
fake_02582.png,module_corruption,('module_corruption', 13, 6, 12)
fake_02583.png,patch_overlay,('patch_overlay', 158, 91, 97, 97)
fake_02584.png,patch_overlay,('patch_overlay', 64, 238, 73, 73)
fake_02585.png,patch_overlay,('patch_overlay', 52, 59, 69, 69)
fake_02586.png,patch_overlay,('patch_overlay', 266, 55, 62, 62)
fake_02587.png,module_corruption,('module_corruption', 10, 6, 13)
fake_02588.png,patch_overlay,('patch_overlay', 157, 68, 77, 77)
fake_02589.png,module_corruption,('module_corruption', 23, 0, 11)
fake_02590.png,module_corruption,('module_corruption', 0, 15, 13)
fake_02591.png,module_corruption,('module_corruption', 11, 7, 11)
fake_02592.png,patch_overlay,('patch_overlay', 89, 52, 69, 69)
fake_02593.png,patch_overlay,('patch_overlay', 173, 144, 54, 54)
fake_02594.png,patch_overlay,('patch_overlay', 319, 68, 84, 84)
fake_02595.png,module_corruption,('module_corruption', 20, 12, 10)
fake_02596.png,patch_overlay,('patch_overlay', 118, 258, 86, 86)
fake_02597.png,module_corruption,('module_corruption', 4, 5, 14)
fake_02598.png,patch_overlay,('patch_overlay', 124, 63, 61, 61)
fake_02599.png,module_corruption,('module_corruption', 5, 6, 12)
fake_02600.png,patch_overlay,('patch_overlay', 223, 165, 92, 92)
fake_02601.png,patch_overlay,('patch_overlay', 181, 266, 54, 54)
fake_02602.png,patch_overlay,('patch_overlay', 64, 292, 95, 95)
fake_02603.png,module_corruption,('module_corruption', 5, 27, 10)
fake_02604.png,module_corruption,('module_corruption', 4, 6, 12)
fake_02605.png,patch_overlay,('patch_overlay', 255, 122, 60, 60)
fake_02606.png,module_corruption,('module_corruption', 4, 10, 11)
fake_02607.png,module_corruption,('module_corruption', 21, 12, 12)
fake_02608.png,module_corruption,('module_corruption', 11, 10, 13)
fake_02609.png,module_corruption,('module_corruption', 0, 14, 12)
fake_02610.png,patch_overlay,('patch_overlay', 295, 316, 57, 57)
fake_02611.png,patch_overlay,('patch_overlay', 72, 253, 82, 82)
fake_02612.png,module_corruption,('module_corruption', 11, 17, 12)
fake_02613.png,module_corruption,('module_corruption', 21, 15, 13)
fake_02614.png,patch_overlay,('patch_overlay', 267, 139, 71, 71)
fake_02615.png,module_corruption,('module_corruption', 2, 19, 12)
fake_02616.png,module_corruption,('module_corruption', 4, 20, 10)
fake_02617.png,patch_overlay,('patch_overlay', 198, 328, 89, 89)
fake_02618.png,module_corruption,('module_corruption', 0, 6, 9)
fake_02619.png,module_corruption,('module_corruption', 23, 25, 10)
fake_02620.png,module_corruption,('module_corruption', 22, 17, 11)
fake_02621.png,module_corruption,('module_corruption', 16, 8, 11)
fake_02622.png,patch_overlay,('patch_overlay', 252, 295, 93, 93)
fake_02623.png,module_corruption,('module_corruption', 17, 16, 10)
fake_02624.png,patch_overlay,('patch_overlay', 77, 295, 83, 83)
fake_02625.png,module_corruption,('module_corruption', 2, 25, 9)
fake_02626.png,module_corruption,('module_corruption', 6, 12, 10)
fake_02627.png,patch_overlay,('patch_overlay', 247, 17, 65, 65)
fake_02628.png,patch_overlay,('patch_overlay', 155, 266, 86, 86)
fake_02629.png,patch_overlay,('patch_overlay', 366, 91, 80, 80)
fake_02630.png,module_corruption,('module_corruption', 7, 4, 13)
fake_02631.png,patch_overlay,('patch_overlay', 369, 341, 80, 80)
fake_02632.png,patch_overlay,('patch_overlay', 262, 42, 74, 74)
fake_02633.png,patch_overlay,('patch_overlay', 197, 129, 92, 92)
fake_02634.png,patch_overlay,('patch_overlay', 1, 24, 70, 70)
fake_02635.png,module_corruption,('module_corruption', 16, 15, 11)
fake_02636.png,module_corruption,('module_corruption', 16, 23, 12)
fake_02637.png,patch_overlay,('patch_overlay', 272, 236, 59, 59)
fake_02638.png,patch_overlay,('patch_overlay', 18, 296, 56, 56)
fake_02639.png,module_corruption,('module_corruption', 20, 10, 13)
fake_02640.png,module_corruption,('module_corruption', 24, 19, 13)
fake_02641.png,module_corruption,('module_corruption', 1, 17, 10)
fake_02642.png,module_corruption,('module_corruption', 26, 25, 9)
fake_02643.png,module_corruption,('module_corruption', 16, 18, 13)
fake_02644.png,patch_overlay,('patch_overlay', 99, 222, 90, 90)
fake_02645.png,patch_overlay,('patch_overlay', 15, 336, 83, 83)
fake_02646.png,patch_overlay,('patch_overlay', 291, 6, 93, 93)
fake_02647.png,patch_overlay,('patch_overlay', 371, 25, 63, 63)
fake_02648.png,module_corruption,('module_corruption', 14, 23, 9)
fake_02649.png,patch_overlay,('patch_overlay', 204, 111, 70, 70)
fake_02650.png,module_corruption,('module_corruption', 25, 21, 9)
fake_02651.png,patch_overlay,('patch_overlay', 137, 135, 68, 68)
fake_02652.png,patch_overlay,('patch_overlay', 310, 315, 68, 68)
fake_02653.png,patch_overlay,('patch_overlay', 188, 76, 93, 93)
fake_02654.png,module_corruption,('module_corruption', 2, 2, 11)
fake_02655.png,module_corruption,('module_corruption', 3, 0, 14)
fake_02656.png,patch_overlay,('patch_overlay', 331, 257, 62, 62)
fake_02657.png,module_corruption,('module_corruption', 2, 19, 13)
fake_02658.png,patch_overlay,('patch_overlay', 357, 129, 84, 84)
fake_02659.png,module_corruption,('module_corruption', 8, 15, 13)
fake_02660.png,module_corruption,('module_corruption', 3, 18, 14)
fake_02661.png,module_corruption,('module_corruption', 20, 9, 14)
fake_02662.png,patch_overlay,('patch_overlay', 82, 206, 98, 98)
fake_02663.png,patch_overlay,('patch_overlay', 314, 10, 93, 93)
fake_02664.png,patch_overlay,('patch_overlay', 351, 114, 61, 61)
fake_02665.png,module_corruption,('module_corruption', 3, 25, 11)
fake_02666.png,module_corruption,('module_corruption', 2, 25, 9)
fake_02667.png,module_corruption,('module_corruption', 5, 19, 12)
fake_02668.png,module_corruption,('module_corruption', 17, 5, 13)
fake_02669.png,patch_overlay,('patch_overlay', 222, 208, 91, 91)
fake_02670.png,patch_overlay,('patch_overlay', 294, 337, 78, 78)
fake_02671.png,patch_overlay,('patch_overlay', 13, 306, 89, 89)
fake_02672.png,module_corruption,('module_corruption', 7, 24, 13)
fake_02673.png,module_corruption,('module_corruption', 24, 16, 12)
fake_02674.png,patch_overlay,('patch_overlay', 308, 247, 59, 59)
fake_02675.png,module_corruption,('module_corruption', 9, 17, 13)
fake_02676.png,patch_overlay,('patch_overlay', 359, 76, 88, 88)
fake_02677.png,module_corruption,('module_corruption', 21, 16, 10)
fake_02678.png,patch_overlay,('patch_overlay', 73, 284, 71, 71)
fake_02679.png,module_corruption,('module_corruption', 6, 25, 10)
fake_02680.png,patch_overlay,('patch_overlay', 186, 180, 85, 85)
fake_02681.png,module_corruption,('module_corruption', 2, 2, 13)
fake_02682.png,patch_overlay,('patch_overlay', 271, 6, 94, 94)
fake_02683.png,module_corruption,('module_corruption', 24, 11, 12)
fake_02684.png,module_corruption,('module_corruption', 9, 21, 14)
fake_02685.png,patch_overlay,('patch_overlay', 68, 360, 55, 55)
fake_02686.png,module_corruption,('module_corruption', 2, 6, 12)
fake_02687.png,module_corruption,('module_corruption', 18, 2, 10)
fake_02688.png,patch_overlay,('patch_overlay', 325, 164, 83, 83)
fake_02689.png,module_corruption,('module_corruption', 19, 21, 14)
fake_02690.png,module_corruption,('module_corruption', 16, 13, 10)
fake_02691.png,module_corruption,('module_corruption', 12, 12, 13)
fake_02692.png,patch_overlay,('patch_overlay', 141, 208, 58, 58)
fake_02693.png,patch_overlay,('patch_overlay', 300, 125, 61, 61)
fake_02694.png,patch_overlay,('patch_overlay', 344, 138, 69, 69)
fake_02695.png,module_corruption,('module_corruption', 2, 12, 11)
fake_02696.png,module_corruption,('module_corruption', 19, 23, 13)
fake_02697.png,module_corruption,('module_corruption', 2, 17, 10)
fake_02698.png,patch_overlay,('patch_overlay', 31, 20, 95, 95)
fake_02699.png,patch_overlay,('patch_overlay', 129, 112, 73, 73)
fake_02700.png,patch_overlay,('patch_overlay', 248, 264, 85, 85)
fake_02701.png,module_corruption,('module_corruption', 16, 3, 13)
fake_02702.png,patch_overlay,('patch_overlay', 189, 170, 55, 55)
fake_02703.png,patch_overlay,('patch_overlay', 353, 325, 59, 59)
fake_02704.png,module_corruption,('module_corruption', 11, 11, 11)
fake_02705.png,patch_overlay,('patch_overlay', 338, 17, 93, 93)
fake_02706.png,patch_overlay,('patch_overlay', 64, 12, 85, 85)
fake_02707.png,patch_overlay,('patch_overlay', 147, 129, 95, 95)
fake_02708.png,patch_overlay,('patch_overlay', 205, 2, 74, 74)
fake_02709.png,module_corruption,('module_corruption', 12, 21, 9)
fake_02710.png,module_corruption,('module_corruption', 6, 11, 11)
fake_02711.png,patch_overlay,('patch_overlay', 69, 308, 93, 93)
fake_02712.png,module_corruption,('module_corruption', 18, 17, 12)
fake_02713.png,module_corruption,('module_corruption', 20, 12, 13)
fake_02714.png,patch_overlay,('patch_overlay', 228, 379, 71, 71)
fake_02715.png,patch_overlay,('patch_overlay', 325, 229, 85, 85)
fake_02716.png,patch_overlay,('patch_overlay', 208, 347, 70, 70)
fake_02717.png,module_corruption,('module_corruption', 7, 23, 9)
fake_02718.png,patch_overlay,('patch_overlay', 389, 150, 57, 57)
fake_02719.png,patch_overlay,('patch_overlay', 80, 335, 87, 87)
fake_02720.png,module_corruption,('module_corruption', 9, 0, 10)
fake_02721.png,patch_overlay,('patch_overlay', 54, 158, 97, 97)
fake_02722.png,module_corruption,('module_corruption', 4, 4, 12)
fake_02723.png,patch_overlay,('patch_overlay', 289, 269, 88, 88)
fake_02724.png,patch_overlay,('patch_overlay', 115, 43, 79, 79)
fake_02725.png,patch_overlay,('patch_overlay', 13, 28, 97, 97)
fake_02726.png,patch_overlay,('patch_overlay', 19, 338, 68, 68)
fake_02727.png,patch_overlay,('patch_overlay', 33, 63, 58, 58)
fake_02728.png,patch_overlay,('patch_overlay', 324, 41, 72, 72)
fake_02729.png,patch_overlay,('patch_overlay', 120, 276, 87, 87)
fake_02730.png,module_corruption,('module_corruption', 15, 12, 10)
fake_02731.png,patch_overlay,('patch_overlay', 371, 354, 73, 73)
fake_02732.png,module_corruption,('module_corruption', 10, 9, 12)
fake_02733.png,module_corruption,('module_corruption', 19, 7, 9)
fake_02734.png,module_corruption,('module_corruption', 7, 0, 12)
fake_02735.png,patch_overlay,('patch_overlay', 306, 89, 54, 54)
fake_02736.png,patch_overlay,('patch_overlay', 67, 307, 86, 86)
fake_02737.png,module_corruption,('module_corruption', 4, 17, 9)
fake_02738.png,module_corruption,('module_corruption', 17, 1, 13)
fake_02739.png,module_corruption,('module_corruption', 21, 12, 14)
fake_02740.png,patch_overlay,('patch_overlay', 289, 219, 96, 96)
fake_02741.png,module_corruption,('module_corruption', 9, 10, 12)
fake_02742.png,module_corruption,('module_corruption', 3, 4, 10)
fake_02743.png,module_corruption,('module_corruption', 20, 5, 13)
fake_02744.png,module_corruption,('module_corruption', 6, 13, 9)
fake_02745.png,patch_overlay,('patch_overlay', 263, 181, 56, 56)
fake_02746.png,module_corruption,('module_corruption', 4, 10, 10)
fake_02747.png,module_corruption,('module_corruption', 17, 3, 12)
fake_02748.png,module_corruption,('module_corruption', 2, 3, 9)
fake_02749.png,module_corruption,('module_corruption', 18, 2, 14)
fake_02750.png,patch_overlay,('patch_overlay', 363, 193, 74, 74)
fake_02751.png,module_corruption,('module_corruption', 19, 9, 13)
fake_02752.png,module_corruption,('module_corruption', 13, 15, 10)
fake_02753.png,patch_overlay,('patch_overlay', 153, 316, 85, 85)
fake_02754.png,module_corruption,('module_corruption', 25, 25, 12)
fake_02755.png,module_corruption,('module_corruption', 22, 23, 9)
fake_02756.png,module_corruption,('module_corruption', 12, 13, 13)
fake_02757.png,module_corruption,('module_corruption', 1, 4, 14)
fake_02758.png,patch_overlay,('patch_overlay', 242, 249, 71, 71)
fake_02759.png,patch_overlay,('patch_overlay', 85, 279, 72, 72)
fake_02760.png,patch_overlay,('patch_overlay', 165, 78, 62, 62)
fake_02761.png,module_corruption,('module_corruption', 17, 18, 12)
fake_02762.png,patch_overlay,('patch_overlay', 317, 291, 78, 78)
fake_02763.png,patch_overlay,('patch_overlay', 336, 228, 96, 96)
fake_02764.png,module_corruption,('module_corruption', 20, 21, 12)
fake_02765.png,module_corruption,('module_corruption', 7, 1, 9)
fake_02766.png,patch_overlay,('patch_overlay', 106, 20, 82, 82)
fake_02767.png,patch_overlay,('patch_overlay', 145, 78, 94, 94)
fake_02768.png,patch_overlay,('patch_overlay', 301, 369, 76, 76)
fake_02769.png,module_corruption,('module_corruption', 14, 10, 13)
fake_02770.png,patch_overlay,('patch_overlay', 8, 316, 71, 71)
fake_02771.png,module_corruption,('module_corruption', 17, 25, 10)
fake_02772.png,patch_overlay,('patch_overlay', 161, 63, 75, 75)
fake_02773.png,module_corruption,('module_corruption', 11, 1, 12)
fake_02774.png,module_corruption,('module_corruption', 23, 18, 9)
fake_02775.png,module_corruption,('module_corruption', 19, 3, 12)
fake_02776.png,module_corruption,('module_corruption', 7, 23, 13)
fake_02777.png,module_corruption,('module_corruption', 20, 15, 12)
fake_02778.png,module_corruption,('module_corruption', 1, 5, 12)
fake_02779.png,patch_overlay,('patch_overlay', 326, 84, 77, 77)
fake_02780.png,module_corruption,('module_corruption', 4, 24, 13)
fake_02781.png,patch_overlay,('patch_overlay', 12, 280, 83, 83)
fake_02782.png,patch_overlay,('patch_overlay', 25, 267, 55, 55)
fake_02783.png,patch_overlay,('patch_overlay', 214, 377, 66, 66)
fake_02784.png,module_corruption,('module_corruption', 3, 18, 10)
fake_02785.png,module_corruption,('module_corruption', 7, 0, 11)
fake_02786.png,patch_overlay,('patch_overlay', 350, 372, 64, 64)
fake_02787.png,module_corruption,('module_corruption', 25, 22, 11)
fake_02788.png,module_corruption,('module_corruption', 14, 13, 12)
fake_02789.png,module_corruption,('module_corruption', 16, 20, 11)
fake_02790.png,module_corruption,('module_corruption', 0, 4, 12)
fake_02791.png,module_corruption,('module_corruption', 14, 16, 13)
fake_02792.png,module_corruption,('module_corruption', 8, 0, 10)
fake_02793.png,patch_overlay,('patch_overlay', 60, 18, 73, 73)
fake_02794.png,module_corruption,('module_corruption', 8, 22, 13)
fake_02795.png,module_corruption,('module_corruption', 12, 24, 12)
fake_02796.png,module_corruption,('module_corruption', 18, 8, 12)
fake_02797.png,module_corruption,('module_corruption', 15, 13, 9)
fake_02798.png,patch_overlay,('patch_overlay', 24, 246, 87, 87)
fake_02799.png,patch_overlay,('patch_overlay', 68, 224, 92, 92)
fake_02800.png,module_corruption,('module_corruption', 8, 22, 12)
fake_02801.png,patch_overlay,('patch_overlay', 330, 162, 66, 66)
fake_02802.png,patch_overlay,('patch_overlay', 87, 345, 54, 54)
fake_02803.png,module_corruption,('module_corruption', 13, 22, 10)
fake_02804.png,module_corruption,('module_corruption', 11, 21, 13)
fake_02805.png,module_corruption,('module_corruption', 7, 27, 9)
fake_02806.png,patch_overlay,('patch_overlay', 277, 226, 90, 90)
fake_02807.png,module_corruption,('module_corruption', 16, 12, 14)
fake_02808.png,patch_overlay,('patch_overlay', 9, 74, 75, 75)
fake_02809.png,patch_overlay,('patch_overlay', 39, 59, 91, 91)
fake_02810.png,module_corruption,('module_corruption', 27, 1, 10)
fake_02811.png,module_corruption,('module_corruption', 1, 22, 11)
fake_02812.png,patch_overlay,('patch_overlay', 56, 179, 88, 88)
fake_02813.png,module_corruption,('module_corruption', 13, 11, 10)
fake_02814.png,patch_overlay,('patch_overlay', 324, 321, 63, 63)
fake_02815.png,module_corruption,('module_corruption', 4, 0, 14)
fake_02816.png,patch_overlay,('patch_overlay', 316, 295, 74, 74)
fake_02817.png,module_corruption,('module_corruption', 11, 4, 13)
fake_02818.png,module_corruption,('module_corruption', 2, 15, 9)
fake_02819.png,module_corruption,('module_corruption', 27, 25, 9)
fake_02820.png,patch_overlay,('patch_overlay', 378, 341, 65, 65)
fake_02821.png,patch_overlay,('patch_overlay', 143, 211, 72, 72)
fake_02822.png,module_corruption,('module_corruption', 2, 0, 13)
fake_02823.png,module_corruption,('module_corruption', 5, 24, 13)
fake_02824.png,module_corruption,('module_corruption', 16, 1, 11)
fake_02825.png,module_corruption,('module_corruption', 12, 26, 11)
fake_02826.png,module_corruption,('module_corruption', 15, 19, 9)
fake_02827.png,patch_overlay,('patch_overlay', 327, 36, 55, 55)
fake_02828.png,module_corruption,('module_corruption', 21, 21, 14)
fake_02829.png,patch_overlay,('patch_overlay', 114, 157, 72, 72)
fake_02830.png,patch_overlay,('patch_overlay', 79, 244, 74, 74)
fake_02831.png,module_corruption,('module_corruption', 6, 8, 12)
fake_02832.png,module_corruption,('module_corruption', 11, 19, 13)
fake_02833.png,module_corruption,('module_corruption', 10, 2, 13)
fake_02834.png,module_corruption,('module_corruption', 23, 17, 9)
fake_02835.png,module_corruption,('module_corruption', 25, 2, 10)
fake_02836.png,module_corruption,('module_corruption', 0, 2, 11)
fake_02837.png,patch_overlay,('patch_overlay', 380, 218, 70, 70)
fake_02838.png,patch_overlay,('patch_overlay', 278, 170, 92, 92)
fake_02839.png,module_corruption,('module_corruption', 4, 18, 11)
fake_02840.png,patch_overlay,('patch_overlay', 167, 329, 69, 69)
fake_02841.png,patch_overlay,('patch_overlay', 232, 27, 58, 58)
fake_02842.png,module_corruption,('module_corruption', 4, 13, 12)
fake_02843.png,module_corruption,('module_corruption', 26, 6, 10)
fake_02844.png,patch_overlay,('patch_overlay', 90, 284, 82, 82)
fake_02845.png,patch_overlay,('patch_overlay', 252, 107, 87, 87)
fake_02846.png,patch_overlay,('patch_overlay', 360, 58, 85, 85)
fake_02847.png,patch_overlay,('patch_overlay', 166, 268, 54, 54)
fake_02848.png,patch_overlay,('patch_overlay', 156, 32, 98, 98)
fake_02849.png,module_corruption,('module_corruption', 24, 6, 13)
fake_02850.png,module_corruption,('module_corruption', 23, 11, 11)
fake_02851.png,patch_overlay,('patch_overlay', 34, 162, 79, 79)
fake_02852.png,module_corruption,('module_corruption', 17, 15, 13)
fake_02853.png,module_corruption,('module_corruption', 20, 14, 12)
fake_02854.png,module_corruption,('module_corruption', 0, 9, 12)
fake_02855.png,module_corruption,('module_corruption', 13, 22, 10)
fake_02856.png,patch_overlay,('patch_overlay', 108, 64, 71, 71)
fake_02857.png,patch_overlay,('patch_overlay', 334, 130, 84, 84)
fake_02858.png,module_corruption,('module_corruption', 0, 11, 10)
fake_02859.png,module_corruption,('module_corruption', 2, 12, 11)
fake_02860.png,patch_overlay,('patch_overlay', 238, 309, 95, 95)
fake_02861.png,module_corruption,('module_corruption', 2, 0, 12)
fake_02862.png,patch_overlay,('patch_overlay', 70, 231, 91, 91)
fake_02863.png,patch_overlay,('patch_overlay', 99, 221, 72, 72)
fake_02864.png,module_corruption,('module_corruption', 7, 21, 13)
fake_02865.png,patch_overlay,('patch_overlay', 33, 80, 90, 90)
fake_02866.png,patch_overlay,('patch_overlay', 108, 113, 93, 93)
fake_02867.png,patch_overlay,('patch_overlay', 162, 128, 95, 95)
fake_02868.png,patch_overlay,('patch_overlay', 127, 68, 68, 68)
fake_02869.png,module_corruption,('module_corruption', 5, 4, 11)
fake_02870.png,module_corruption,('module_corruption', 8, 11, 11)
fake_02871.png,patch_overlay,('patch_overlay', 77, 211, 83, 83)
fake_02872.png,patch_overlay,('patch_overlay', 373, 118, 66, 66)
fake_02873.png,module_corruption,('module_corruption', 15, 9, 13)
fake_02874.png,module_corruption,('module_corruption', 12, 14, 12)
fake_02875.png,module_corruption,('module_corruption', 4, 24, 11)
fake_02876.png,module_corruption,('module_corruption', 10, 8, 13)
fake_02877.png,patch_overlay,('patch_overlay', 76, 165, 79, 79)
fake_02878.png,patch_overlay,('patch_overlay', 6, 136, 94, 94)
fake_02879.png,patch_overlay,('patch_overlay', 228, 112, 69, 69)
fake_02880.png,module_corruption,('module_corruption', 4, 4, 13)
fake_02881.png,module_corruption,('module_corruption', 21, 16, 9)
fake_02882.png,module_corruption,('module_corruption', 17, 21, 9)
fake_02883.png,module_corruption,('module_corruption', 16, 0, 10)
fake_02884.png,patch_overlay,('patch_overlay', 23, 174, 97, 97)
fake_02885.png,module_corruption,('module_corruption', 7, 24, 13)
fake_02886.png,module_corruption,('module_corruption', 18, 18, 11)
fake_02887.png,patch_overlay,('patch_overlay', 8, 207, 96, 96)
fake_02888.png,module_corruption,('module_corruption', 21, 4, 12)
fake_02889.png,module_corruption,('module_corruption', 24, 0, 10)
fake_02890.png,module_corruption,('module_corruption', 8, 5, 9)
fake_02891.png,module_corruption,('module_corruption', 5, 24, 9)
fake_02892.png,module_corruption,('module_corruption', 0, 3, 11)
fake_02893.png,module_corruption,('module_corruption', 21, 24, 9)
fake_02894.png,patch_overlay,('patch_overlay', 72, 315, 96, 96)
fake_02895.png,module_corruption,('module_corruption', 22, 10, 9)
fake_02896.png,patch_overlay,('patch_overlay', 1, 154, 70, 70)
fake_02897.png,module_corruption,('module_corruption', 5, 2, 11)
fake_02898.png,module_corruption,('module_corruption', 21, 8, 11)
fake_02899.png,module_corruption,('module_corruption', 0, 17, 9)
fake_02900.png,module_corruption,('module_corruption', 22, 19, 13)
fake_02901.png,module_corruption,('module_corruption', 11, 24, 13)
fake_02902.png,module_corruption,('module_corruption', 6, 12, 13)
fake_02903.png,patch_overlay,('patch_overlay', 319, 197, 92, 92)
fake_02904.png,patch_overlay,('patch_overlay', 236, 21, 95, 95)
fake_02905.png,module_corruption,('module_corruption', 14, 12, 12)
fake_02906.png,module_corruption,('module_corruption', 8, 25, 10)
fake_02907.png,patch_overlay,('patch_overlay', 301, 147, 85, 85)
fake_02908.png,module_corruption,('module_corruption', 17, 19, 12)
fake_02909.png,module_corruption,('module_corruption', 23, 23, 9)
fake_02910.png,module_corruption,('module_corruption', 21, 11, 12)
fake_02911.png,module_corruption,('module_corruption', 1, 19, 13)
fake_02912.png,patch_overlay,('patch_overlay', 321, 240, 84, 84)
fake_02913.png,module_corruption,('module_corruption', 15, 12, 13)
fake_02914.png,module_corruption,('module_corruption', 16, 25, 11)
fake_02915.png,module_corruption,('module_corruption', 2, 16, 13)
fake_02916.png,module_corruption,('module_corruption', 11, 1, 11)
fake_02917.png,patch_overlay,('patch_overlay', 127, 212, 74, 74)
fake_02918.png,module_corruption,('module_corruption', 14, 1, 14)
fake_02919.png,module_corruption,('module_corruption', 21, 16, 12)
fake_02920.png,module_corruption,('module_corruption', 13, 0, 12)
fake_02921.png,module_corruption,('module_corruption', 8, 2, 13)
fake_02922.png,patch_overlay,('patch_overlay', 161, 155, 90, 90)
fake_02923.png,patch_overlay,('patch_overlay', 73, 72, 89, 89)
fake_02924.png,patch_overlay,('patch_overlay', 75, 291, 62, 62)
fake_02925.png,patch_overlay,('patch_overlay', 220, 285, 54, 54)
fake_02926.png,patch_overlay,('patch_overlay', 27, 32, 97, 97)
fake_02927.png,module_corruption,('module_corruption', 22, 6, 13)
fake_02928.png,patch_overlay,('patch_overlay', 221, 109, 84, 84)
fake_02929.png,patch_overlay,('patch_overlay', 238, 26, 90, 90)
fake_02930.png,patch_overlay,('patch_overlay', 0, 138, 83, 83)
fake_02931.png,patch_overlay,('patch_overlay', 106, 110, 89, 89)
fake_02932.png,module_corruption,('module_corruption', 2, 16, 13)
fake_02933.png,module_corruption,('module_corruption', 19, 26, 10)
fake_02934.png,module_corruption,('module_corruption', 11, 8, 10)
fake_02935.png,patch_overlay,('patch_overlay', 270, 123, 71, 71)
fake_02936.png,module_corruption,('module_corruption', 9, 19, 13)
fake_02937.png,module_corruption,('module_corruption', 26, 13, 11)
fake_02938.png,module_corruption,('module_corruption', 14, 20, 12)
fake_02939.png,patch_overlay,('patch_overlay', 30, 246, 71, 71)
fake_02940.png,patch_overlay,('patch_overlay', 209, 25, 68, 68)
fake_02941.png,patch_overlay,('patch_overlay', 32, 352, 90, 90)
fake_02942.png,module_corruption,('module_corruption', 5, 21, 13)
fake_02943.png,patch_overlay,('patch_overlay', 314, 172, 72, 72)
fake_02944.png,patch_overlay,('patch_overlay', 192, 230, 94, 94)
fake_02945.png,module_corruption,('module_corruption', 0, 7, 11)
fake_02946.png,module_corruption,('module_corruption', 2, 2, 14)
fake_02947.png,module_corruption,('module_corruption', 2, 18, 13)
fake_02948.png,patch_overlay,('patch_overlay', 331, 73, 90, 90)
fake_02949.png,patch_overlay,('patch_overlay', 190, 240, 75, 75)
fake_02950.png,module_corruption,('module_corruption', 14, 13, 12)
fake_02951.png,patch_overlay,('patch_overlay', 252, 24, 66, 66)
fake_02952.png,module_corruption,('module_corruption', 16, 22, 12)
fake_02953.png,patch_overlay,('patch_overlay', 46, 0, 81, 81)
fake_02954.png,patch_overlay,('patch_overlay', 278, 273, 57, 57)
fake_02955.png,patch_overlay,('patch_overlay', 295, 136, 80, 80)
fake_02956.png,patch_overlay,('patch_overlay', 276, 316, 82, 82)
fake_02957.png,patch_overlay,('patch_overlay', 262, 60, 73, 73)
fake_02958.png,module_corruption,('module_corruption', 14, 16, 13)
fake_02959.png,module_corruption,('module_corruption', 23, 1, 13)
fake_02960.png,module_corruption,('module_corruption', 12, 17, 11)
fake_02961.png,patch_overlay,('patch_overlay', 122, 13, 81, 81)
fake_02962.png,patch_overlay,('patch_overlay', 69, 317, 90, 90)
fake_02963.png,patch_overlay,('patch_overlay', 235, 230, 71, 71)
fake_02964.png,module_corruption,('module_corruption', 14, 2, 14)
fake_02965.png,module_corruption,('module_corruption', 13, 16, 11)
fake_02966.png,patch_overlay,('patch_overlay', 26, 135, 93, 93)
fake_02967.png,module_corruption,('module_corruption', 25, 14, 11)
fake_02968.png,module_corruption,('module_corruption', 4, 8, 9)
fake_02969.png,patch_overlay,('patch_overlay', 287, 101, 82, 82)
fake_02970.png,patch_overlay,('patch_overlay', 332, 108, 58, 58)
fake_02971.png,patch_overlay,('patch_overlay', 327, 203, 86, 86)
fake_02972.png,patch_overlay,('patch_overlay', 156, 146, 73, 73)
fake_02973.png,patch_overlay,('patch_overlay', 37, 39, 96, 96)
fake_02974.png,patch_overlay,('patch_overlay', 382, 62, 61, 61)
fake_02975.png,module_corruption,('module_corruption', 17, 6, 13)
fake_02976.png,patch_overlay,('patch_overlay', 2, 167, 87, 87)
fake_02977.png,module_corruption,('module_corruption', 9, 6, 9)
fake_02978.png,module_corruption,('module_corruption', 15, 7, 12)
fake_02979.png,module_corruption,('module_corruption', 3, 21, 13)
fake_02980.png,module_corruption,('module_corruption', 20, 2, 11)
fake_02981.png,module_corruption,('module_corruption', 1, 16, 12)
fake_02982.png,module_corruption,('module_corruption', 2, 11, 11)
fake_02983.png,patch_overlay,('patch_overlay', 193, 184, 62, 62)
fake_02984.png,patch_overlay,('patch_overlay', 125, 307, 73, 73)
fake_02985.png,module_corruption,('module_corruption', 22, 9, 11)
fake_02986.png,module_corruption,('module_corruption', 14, 10, 12)
fake_02987.png,module_corruption,('module_corruption', 19, 25, 9)
fake_02988.png,module_corruption,('module_corruption', 19, 2, 9)
fake_02989.png,module_corruption,('module_corruption', 14, 9, 14)
fake_02990.png,module_corruption,('module_corruption', 11, 23, 13)
fake_02991.png,patch_overlay,('patch_overlay', 182, 356, 92, 92)
fake_02992.png,module_corruption,('module_corruption', 19, 20, 14)
fake_02993.png,patch_overlay,('patch_overlay', 102, 150, 94, 94)
fake_02994.png,patch_overlay,('patch_overlay', 190, 285, 58, 58)
fake_02995.png,patch_overlay,('patch_overlay', 238, 301, 65, 65)
fake_02996.png,patch_overlay,('patch_overlay', 280, 343, 92, 92)
fake_02997.png,module_corruption,('module_corruption', 14, 13, 12)
fake_02998.png,patch_overlay,('patch_overlay', 238, 54, 57, 57)
fake_02999.png,module_corruption,('module_corruption', 6, 13, 11)
fake_03000.png,module_corruption,('module_corruption', 23, 4, 12)
fake_03001.png,patch_overlay,('patch_overlay', 276, 382, 64, 64)
fake_03002.png,module_corruption,('module_corruption', 4, 0, 13)
fake_03003.png,patch_overlay,('patch_overlay', 4, 231, 76, 76)
fake_03004.png,module_corruption,('module_corruption', 1, 9, 13)
fake_03005.png,module_corruption,('module_corruption', 25, 11, 9)
fake_03006.png,module_corruption,('module_corruption', 13, 21, 13)
fake_03007.png,module_corruption,('module_corruption', 22, 12, 13)
fake_03008.png,patch_overlay,('patch_overlay', 150, 271, 90, 90)
fake_03009.png,patch_overlay,('patch_overlay', 219, 113, 93, 93)
fake_03010.png,module_corruption,('module_corruption', 18, 14, 9)
fake_03011.png,module_corruption,('module_corruption', 24, 17, 11)
fake_03012.png,module_corruption,('module_corruption', 19, 7, 11)
fake_03013.png,patch_overlay,('patch_overlay', 23, 348, 89, 89)
fake_03014.png,patch_overlay,('patch_overlay', 311, 214, 86, 86)
fake_03015.png,patch_overlay,('patch_overlay', 323, 135, 67, 67)
fake_03016.png,module_corruption,('module_corruption', 12, 16, 12)
fake_03017.png,patch_overlay,('patch_overlay', 173, 64, 94, 94)
fake_03018.png,module_corruption,('module_corruption', 15, 25, 11)
fake_03019.png,module_corruption,('module_corruption', 12, 10, 14)
fake_03020.png,patch_overlay,('patch_overlay', 289, 136, 88, 88)
fake_03021.png,patch_overlay,('patch_overlay', 149, 345, 68, 68)
fake_03022.png,module_corruption,('module_corruption', 12, 20, 14)
fake_03023.png,module_corruption,('module_corruption', 3, 23, 11)
fake_03024.png,module_corruption,('module_corruption', 7, 16, 13)
fake_03025.png,module_corruption,('module_corruption', 14, 24, 9)
fake_03026.png,patch_overlay,('patch_overlay', 261, 138, 93, 93)
fake_03027.png,patch_overlay,('patch_overlay', 101, 368, 69, 69)
fake_03028.png,patch_overlay,('patch_overlay', 215, 313, 71, 71)
fake_03029.png,patch_overlay,('patch_overlay', 354, 15, 60, 60)
fake_03030.png,module_corruption,('module_corruption', 25, 5, 10)
fake_03031.png,patch_overlay,('patch_overlay', 337, 311, 75, 75)
fake_03032.png,module_corruption,('module_corruption', 17, 22, 10)
fake_03033.png,patch_overlay,('patch_overlay', 150, 1, 67, 67)
fake_03034.png,patch_overlay,('patch_overlay', 300, 334, 87, 87)
fake_03035.png,patch_overlay,('patch_overlay', 4, 283, 82, 82)
fake_03036.png,patch_overlay,('patch_overlay', 216, 130, 90, 90)
fake_03037.png,module_corruption,('module_corruption', 11, 12, 10)
fake_03038.png,module_corruption,('module_corruption', 22, 9, 12)
fake_03039.png,patch_overlay,('patch_overlay', 222, 158, 78, 78)
fake_03040.png,patch_overlay,('patch_overlay', 375, 275, 62, 62)
fake_03041.png,patch_overlay,('patch_overlay', 331, 116, 73, 73)
fake_03042.png,module_corruption,('module_corruption', 5, 1, 9)
fake_03043.png,patch_overlay,('patch_overlay', 360, 233, 79, 79)
fake_03044.png,module_corruption,('module_corruption', 4, 4, 11)
fake_03045.png,module_corruption,('module_corruption', 14, 5, 13)
fake_03046.png,patch_overlay,('patch_overlay', 380, 96, 58, 58)
fake_03047.png,patch_overlay,('patch_overlay', 64, 22, 69, 69)
fake_03048.png,patch_overlay,('patch_overlay', 130, 199, 73, 73)
fake_03049.png,patch_overlay,('patch_overlay', 146, 202, 71, 71)
fake_03050.png,module_corruption,('module_corruption', 7, 20, 14)
fake_03051.png,module_corruption,('module_corruption', 11, 10, 14)
fake_03052.png,module_corruption,('module_corruption', 2, 13, 12)
fake_03053.png,module_corruption,('module_corruption', 11, 12, 11)
fake_03054.png,module_corruption,('module_corruption', 15, 5, 12)
fake_03055.png,patch_overlay,('patch_overlay', 146, 258, 89, 89)
fake_03056.png,patch_overlay,('patch_overlay', 45, 166, 58, 58)
fake_03057.png,patch_overlay,('patch_overlay', 164, 215, 70, 70)
fake_03058.png,patch_overlay,('patch_overlay', 332, 151, 79, 79)
fake_03059.png,patch_overlay,('patch_overlay', 278, 362, 81, 81)
fake_03060.png,module_corruption,('module_corruption', 14, 10, 11)
fake_03061.png,patch_overlay,('patch_overlay', 142, 94, 79, 79)
fake_03062.png,module_corruption,('module_corruption', 12, 23, 14)
fake_03063.png,module_corruption,('module_corruption', 19, 23, 13)
fake_03064.png,patch_overlay,('patch_overlay', 9, 156, 89, 89)
fake_03065.png,patch_overlay,('patch_overlay', 274, 22, 84, 84)
fake_03066.png,patch_overlay,('patch_overlay', 300, 1, 84, 84)
fake_03067.png,patch_overlay,('patch_overlay', 113, 161, 73, 73)
fake_03068.png,patch_overlay,('patch_overlay', 12, 155, 84, 84)
fake_03069.png,patch_overlay,('patch_overlay', 7, 27, 64, 64)
fake_03070.png,patch_overlay,('patch_overlay', 152, 304, 65, 65)
fake_03071.png,module_corruption,('module_corruption', 4, 21, 12)
fake_03072.png,patch_overlay,('patch_overlay', 234, 179, 89, 89)
fake_03073.png,module_corruption,('module_corruption', 7, 4, 13)
fake_03074.png,patch_overlay,('patch_overlay', 223, 218, 65, 65)
fake_03075.png,patch_overlay,('patch_overlay', 39, 193, 92, 92)
fake_03076.png,module_corruption,('module_corruption', 16, 14, 9)
fake_03077.png,patch_overlay,('patch_overlay', 287, 328, 77, 77)
fake_03078.png,patch_overlay,('patch_overlay', 378, 348, 60, 60)
fake_03079.png,module_corruption,('module_corruption', 6, 2, 11)
fake_03080.png,module_corruption,('module_corruption', 22, 3, 10)
fake_03081.png,patch_overlay,('patch_overlay', 246, 247, 76, 76)
fake_03082.png,patch_overlay,('patch_overlay', 338, 282, 68, 68)
fake_03083.png,module_corruption,('module_corruption', 9, 22, 11)
fake_03084.png,patch_overlay,('patch_overlay', 81, 118, 80, 80)
fake_03085.png,patch_overlay,('patch_overlay', 63, 275, 81, 81)
fake_03086.png,patch_overlay,('patch_overlay', 151, 285, 54, 54)
fake_03087.png,module_corruption,('module_corruption', 22, 2, 13)
fake_03088.png,patch_overlay,('patch_overlay', 299, 11, 90, 90)
fake_03089.png,module_corruption,('module_corruption', 15, 14, 9)
fake_03090.png,module_corruption,('module_corruption', 0, 21, 12)
fake_03091.png,patch_overlay,('patch_overlay', 201, 309, 76, 76)
fake_03092.png,patch_overlay,('patch_overlay', 323, 99, 89, 89)
fake_03093.png,patch_overlay,('patch_overlay', 132, 369, 66, 66)
fake_03094.png,module_corruption,('module_corruption', 7, 26, 9)
fake_03095.png,patch_overlay,('patch_overlay', 322, 375, 55, 55)
fake_03096.png,patch_overlay,('patch_overlay', 205, 88, 96, 96)
fake_03097.png,module_corruption,('module_corruption', 1, 16, 11)
fake_03098.png,patch_overlay,('patch_overlay', 196, 139, 68, 68)
fake_03099.png,module_corruption,('module_corruption', 0, 26, 10)
fake_03100.png,patch_overlay,('patch_overlay', 242, 67, 91, 91)
fake_03101.png,module_corruption,('module_corruption', 24, 0, 13)
fake_03102.png,module_corruption,('module_corruption', 9, 20, 11)
fake_03103.png,patch_overlay,('patch_overlay', 116, 263, 89, 89)
fake_03104.png,module_corruption,('module_corruption', 17, 8, 12)
fake_03105.png,module_corruption,('module_corruption', 21, 13, 13)
fake_03106.png,patch_overlay,('patch_overlay', 2, 215, 76, 76)
fake_03107.png,patch_overlay,('patch_overlay', 262, 36, 92, 92)
fake_03108.png,module_corruption,('module_corruption', 23, 25, 12)
fake_03109.png,patch_overlay,('patch_overlay', 13, 304, 66, 66)
fake_03110.png,module_corruption,('module_corruption', 15, 12, 9)
fake_03111.png,module_corruption,('module_corruption', 17, 11, 13)
fake_03112.png,module_corruption,('module_corruption', 21, 15, 12)
fake_03113.png,module_corruption,('module_corruption', 15, 8, 10)
fake_03114.png,module_corruption,('module_corruption', 19, 2, 12)
fake_03115.png,module_corruption,('module_corruption', 14, 19, 11)
fake_03116.png,patch_overlay,('patch_overlay', 337, 357, 62, 62)
fake_03117.png,module_corruption,('module_corruption', 0, 14, 14)
fake_03118.png,patch_overlay,('patch_overlay', 215, 235, 77, 77)
fake_03119.png,patch_overlay,('patch_overlay', 67, 181, 80, 80)
fake_03120.png,module_corruption,('module_corruption', 2, 5, 10)
fake_03121.png,module_corruption,('module_corruption', 21, 7, 13)
fake_03122.png,patch_overlay,('patch_overlay', 197, 258, 70, 70)
fake_03123.png,patch_overlay,('patch_overlay', 100, 364, 77, 77)
fake_03124.png,module_corruption,('module_corruption', 1, 13, 13)
fake_03125.png,patch_overlay,('patch_overlay', 297, 128, 91, 91)
fake_03126.png,patch_overlay,('patch_overlay', 333, 304, 59, 59)
fake_03127.png,patch_overlay,('patch_overlay', 125, 137, 62, 62)
fake_03128.png,module_corruption,('module_corruption', 1, 9, 11)
fake_03129.png,module_corruption,('module_corruption', 9, 26, 10)
fake_03130.png,patch_overlay,('patch_overlay', 231, 248, 94, 94)
fake_03131.png,module_corruption,('module_corruption', 27, 15, 10)
fake_03132.png,module_corruption,('module_corruption', 7, 22, 10)
fake_03133.png,module_corruption,('module_corruption', 11, 5, 9)
fake_03134.png,module_corruption,('module_corruption', 6, 10, 10)
fake_03135.png,patch_overlay,('patch_overlay', 128, 264, 80, 80)
fake_03136.png,patch_overlay,('patch_overlay', 146, 252, 87, 87)
fake_03137.png,patch_overlay,('patch_overlay', 190, 324, 62, 62)
fake_03138.png,module_corruption,('module_corruption', 23, 18, 12)
fake_03139.png,patch_overlay,('patch_overlay', 147, 214, 75, 75)
fake_03140.png,module_corruption,('module_corruption', 2, 11, 10)
fake_03141.png,patch_overlay,('patch_overlay', 50, 202, 92, 92)
fake_03142.png,patch_overlay,('patch_overlay', 218, 270, 69, 69)
fake_03143.png,module_corruption,('module_corruption', 12, 15, 10)
fake_03144.png,patch_overlay,('patch_overlay', 326, 46, 92, 92)
fake_03145.png,module_corruption,('module_corruption', 14, 24, 9)
fake_03146.png,module_corruption,('module_corruption', 11, 11, 11)
fake_03147.png,patch_overlay,('patch_overlay', 280, 265, 71, 71)
fake_03148.png,patch_overlay,('patch_overlay', 342, 178, 60, 60)
fake_03149.png,module_corruption,('module_corruption', 23, 11, 13)
fake_03150.png,module_corruption,('module_corruption', 16, 5, 13)
fake_03151.png,module_corruption,('module_corruption', 17, 3, 12)
fake_03152.png,patch_overlay,('patch_overlay', 164, 263, 62, 62)
fake_03153.png,module_corruption,('module_corruption', 20, 11, 12)
fake_03154.png,module_corruption,('module_corruption', 3, 24, 12)
fake_03155.png,module_corruption,('module_corruption', 2, 5, 12)
fake_03156.png,patch_overlay,('patch_overlay', 108, 157, 93, 93)
fake_03157.png,patch_overlay,('patch_overlay', 229, 115, 75, 75)
fake_03158.png,module_corruption,('module_corruption', 18, 23, 9)
fake_03159.png,patch_overlay,('patch_overlay', 193, 350, 91, 91)
fake_03160.png,patch_overlay,('patch_overlay', 203, 67, 67, 67)
fake_03161.png,patch_overlay,('patch_overlay', 142, 278, 89, 89)
fake_03162.png,patch_overlay,('patch_overlay', 108, 392, 54, 54)
fake_03163.png,module_corruption,('module_corruption', 21, 1, 9)
fake_03164.png,patch_overlay,('patch_overlay', 119, 133, 89, 89)
fake_03165.png,module_corruption,('module_corruption', 26, 27, 10)
fake_03166.png,patch_overlay,('patch_overlay', 177, 168, 87, 87)
fake_03167.png,patch_overlay,('patch_overlay', 135, 303, 89, 89)
fake_03168.png,patch_overlay,('patch_overlay', 331, 192, 56, 56)
fake_03169.png,module_corruption,('module_corruption', 13, 23, 10)
fake_03170.png,patch_overlay,('patch_overlay', 188, 49, 66, 66)
fake_03171.png,module_corruption,('module_corruption', 11, 8, 10)
fake_03172.png,module_corruption,('module_corruption', 0, 2, 13)
fake_03173.png,module_corruption,('module_corruption', 18, 13, 14)
fake_03174.png,patch_overlay,('patch_overlay', 30, 290, 67, 67)
fake_03175.png,module_corruption,('module_corruption', 4, 17, 10)
fake_03176.png,module_corruption,('module_corruption', 23, 6, 13)
fake_03177.png,module_corruption,('module_corruption', 9, 9, 13)
fake_03178.png,patch_overlay,('patch_overlay', 193, 230, 71, 71)
fake_03179.png,module_corruption,('module_corruption', 23, 3, 14)
fake_03180.png,patch_overlay,('patch_overlay', 235, 60, 69, 69)
fake_03181.png,patch_overlay,('patch_overlay', 157, 73, 92, 92)
fake_03182.png,patch_overlay,('patch_overlay', 57, 45, 86, 86)
fake_03183.png,patch_overlay,('patch_overlay', 147, 83, 55, 55)
fake_03184.png,module_corruption,('module_corruption', 23, 22, 9)
fake_03185.png,module_corruption,('module_corruption', 6, 7, 14)
fake_03186.png,module_corruption,('module_corruption', 22, 13, 12)
fake_03187.png,module_corruption,('module_corruption', 22, 1, 12)
fake_03188.png,patch_overlay,('patch_overlay', 226, 356, 64, 64)
fake_03189.png,module_corruption,('module_corruption', 27, 1, 10)
fake_03190.png,patch_overlay,('patch_overlay', 58, 281, 73, 73)
fake_03191.png,patch_overlay,('patch_overlay', 35, 217, 63, 63)
fake_03192.png,module_corruption,('module_corruption', 16, 12, 11)
fake_03193.png,module_corruption,('module_corruption', 10, 13, 13)
fake_03194.png,patch_overlay,('patch_overlay', 90, 101, 94, 94)
fake_03195.png,module_corruption,('module_corruption', 7, 18, 11)
fake_03196.png,module_corruption,('module_corruption', 13, 21, 10)
fake_03197.png,patch_overlay,('patch_overlay', 95, 277, 87, 87)
fake_03198.png,patch_overlay,('patch_overlay', 201, 215, 87, 87)
fake_03199.png,patch_overlay,('patch_overlay', 323, 284, 88, 88)
fake_03200.png,patch_overlay,('patch_overlay', 170, 230, 96, 96)
fake_03201.png,module_corruption,('module_corruption', 16, 8, 11)
fake_03202.png,patch_overlay,('patch_overlay', 166, 310, 86, 86)
fake_03203.png,patch_overlay,('patch_overlay', 104, 75, 63, 63)
fake_03204.png,patch_overlay,('patch_overlay', 375, 159, 54, 54)
fake_03205.png,patch_overlay,('patch_overlay', 248, 160, 73, 73)
fake_03206.png,module_corruption,('module_corruption', 23, 12, 13)
fake_03207.png,module_corruption,('module_corruption', 25, 12, 11)
fake_03208.png,module_corruption,('module_corruption', 1, 18, 12)
fake_03209.png,patch_overlay,('patch_overlay', 337, 115, 82, 82)
fake_03210.png,module_corruption,('module_corruption', 24, 10, 9)
fake_03211.png,patch_overlay,('patch_overlay', 111, 208, 77, 77)
fake_03212.png,module_corruption,('module_corruption', 15, 10, 9)
fake_03213.png,patch_overlay,('patch_overlay', 359, 226, 83, 83)
fake_03214.png,module_corruption,('module_corruption', 11, 4, 11)
fake_03215.png,patch_overlay,('patch_overlay', 82, 329, 59, 59)
fake_03216.png,patch_overlay,('patch_overlay', 37, 365, 85, 85)
fake_03217.png,module_corruption,('module_corruption', 3, 26, 9)
fake_03218.png,patch_overlay,('patch_overlay', 360, 234, 67, 67)
fake_03219.png,module_corruption,('module_corruption', 20, 25, 10)
fake_03220.png,module_corruption,('module_corruption', 6, 3, 12)
fake_03221.png,patch_overlay,('patch_overlay', 120, 71, 85, 85)
fake_03222.png,module_corruption,('module_corruption', 28, 17, 9)
fake_03223.png,patch_overlay,('patch_overlay', 80, 26, 59, 59)
fake_03224.png,module_corruption,('module_corruption', 7, 2, 12)
fake_03225.png,module_corruption,('module_corruption', 26, 7, 10)
fake_03226.png,patch_overlay,('patch_overlay', 200, 14, 91, 91)
fake_03227.png,module_corruption,('module_corruption', 26, 4, 9)
fake_03228.png,patch_overlay,('patch_overlay', 216, 321, 89, 89)
fake_03229.png,module_corruption,('module_corruption', 4, 7, 9)
fake_03230.png,module_corruption,('module_corruption', 10, 23, 14)
fake_03231.png,patch_overlay,('patch_overlay', 297, 267, 83, 83)
fake_03232.png,module_corruption,('module_corruption', 20, 10, 12)
fake_03233.png,module_corruption,('module_corruption', 3, 17, 12)
fake_03234.png,module_corruption,('module_corruption', 18, 24, 13)
fake_03235.png,module_corruption,('module_corruption', 21, 19, 10)
fake_03236.png,patch_overlay,('patch_overlay', 183, 11, 61, 61)
fake_03237.png,module_corruption,('module_corruption', 5, 15, 9)
fake_03238.png,patch_overlay,('patch_overlay', 290, 248, 87, 87)
fake_03239.png,module_corruption,('module_corruption', 12, 27, 10)
fake_03240.png,patch_overlay,('patch_overlay', 215, 347, 59, 59)
fake_03241.png,patch_overlay,('patch_overlay', 152, 64, 62, 62)
fake_03242.png,module_corruption,('module_corruption', 0, 9, 11)
fake_03243.png,module_corruption,('module_corruption', 21, 3, 9)
fake_03244.png,patch_overlay,('patch_overlay', 359, 352, 54, 54)
fake_03245.png,patch_overlay,('patch_overlay', 195, 31, 62, 62)
fake_03246.png,module_corruption,('module_corruption', 1, 13, 11)
fake_03247.png,module_corruption,('module_corruption', 14, 0, 10)
fake_03248.png,module_corruption,('module_corruption', 2, 24, 10)
fake_03249.png,module_corruption,('module_corruption', 12, 1, 11)
fake_03250.png,patch_overlay,('patch_overlay', 92, 50, 87, 87)
fake_03251.png,module_corruption,('module_corruption', 8, 4, 10)
fake_03252.png,patch_overlay,('patch_overlay', 208, 73, 67, 67)
fake_03253.png,patch_overlay,('patch_overlay', 90, 328, 95, 95)
fake_03254.png,patch_overlay,('patch_overlay', 278, 40, 84, 84)
fake_03255.png,patch_overlay,('patch_overlay', 117, 267, 80, 80)
fake_03256.png,patch_overlay,('patch_overlay', 23, 253, 58, 58)
fake_03257.png,module_corruption,('module_corruption', 16, 21, 11)
fake_03258.png,module_corruption,('module_corruption', 24, 20, 13)
fake_03259.png,patch_overlay,('patch_overlay', 77, 235, 79, 79)
fake_03260.png,module_corruption,('module_corruption', 10, 7, 11)
fake_03261.png,module_corruption,('module_corruption', 18, 9, 13)
fake_03262.png,module_corruption,('module_corruption', 9, 20, 12)
fake_03263.png,patch_overlay,('patch_overlay', 123, 199, 94, 94)
fake_03264.png,module_corruption,('module_corruption', 2, 26, 11)
fake_03265.png,patch_overlay,('patch_overlay', 162, 53, 74, 74)
fake_03266.png,patch_overlay,('patch_overlay', 206, 326, 65, 65)
fake_03267.png,patch_overlay,('patch_overlay', 120, 214, 61, 61)
fake_03268.png,patch_overlay,('patch_overlay', 339, 98, 60, 60)
fake_03269.png,patch_overlay,('patch_overlay', 150, 212, 59, 59)
fake_03270.png,module_corruption,('module_corruption', 4, 0, 12)
fake_03271.png,patch_overlay,('patch_overlay', 313, 296, 65, 65)
fake_03272.png,module_corruption,('module_corruption', 22, 24, 11)
fake_03273.png,patch_overlay,('patch_overlay', 186, 31, 82, 82)
fake_03274.png,patch_overlay,('patch_overlay', 211, 99, 80, 80)
fake_03275.png,patch_overlay,('patch_overlay', 288, 364, 74, 74)
fake_03276.png,module_corruption,('module_corruption', 10, 21, 12)
fake_03277.png,patch_overlay,('patch_overlay', 281, 294, 82, 82)
fake_03278.png,patch_overlay,('patch_overlay', 27, 37, 73, 73)
fake_03279.png,module_corruption,('module_corruption', 16, 22, 12)
fake_03280.png,module_corruption,('module_corruption', 21, 11, 12)
fake_03281.png,module_corruption,('module_corruption', 16, 13, 9)
fake_03282.png,module_corruption,('module_corruption', 19, 15, 10)
fake_03283.png,module_corruption,('module_corruption', 10, 6, 13)
fake_03284.png,patch_overlay,('patch_overlay', 246, 338, 63, 63)
fake_03285.png,module_corruption,('module_corruption', 15, 10, 13)
fake_03286.png,patch_overlay,('patch_overlay', 99, 1, 59, 59)
fake_03287.png,module_corruption,('module_corruption', 9, 2, 10)
fake_03288.png,module_corruption,('module_corruption', 12, 6, 12)
fake_03289.png,module_corruption,('module_corruption', 13, 26, 9)
fake_03290.png,module_corruption,('module_corruption', 1, 2, 10)
fake_03291.png,patch_overlay,('patch_overlay', 238, 71, 65, 65)
fake_03292.png,module_corruption,('module_corruption', 16, 15, 11)
fake_03293.png,patch_overlay,('patch_overlay', 321, 384, 55, 55)
fake_03294.png,patch_overlay,('patch_overlay', 222, 48, 86, 86)
fake_03295.png,patch_overlay,('patch_overlay', 368, 2, 79, 79)
fake_03296.png,module_corruption,('module_corruption', 1, 19, 11)
fake_03297.png,module_corruption,('module_corruption', 11, 22, 10)
fake_03298.png,patch_overlay,('patch_overlay', 218, 126, 69, 69)
fake_03299.png,module_corruption,('module_corruption', 18, 26, 9)
fake_03300.png,patch_overlay,('patch_overlay', 26, 27, 78, 78)
fake_03301.png,patch_overlay,('patch_overlay', 298, 130, 77, 77)
fake_03302.png,module_corruption,('module_corruption', 5, 21, 13)
fake_03303.png,patch_overlay,('patch_overlay', 260, 129, 94, 94)
fake_03304.png,module_corruption,('module_corruption', 7, 12, 11)
fake_03305.png,patch_overlay,('patch_overlay', 138, 378, 69, 69)
fake_03306.png,patch_overlay,('patch_overlay', 12, 280, 98, 98)
fake_03307.png,module_corruption,('module_corruption', 18, 14, 13)
fake_03308.png,module_corruption,('module_corruption', 12, 10, 14)
fake_03309.png,patch_overlay,('patch_overlay', 126, 74, 65, 65)
fake_03310.png,patch_overlay,('patch_overlay', 340, 265, 62, 62)
fake_03311.png,module_corruption,('module_corruption', 16, 20, 10)
fake_03312.png,patch_overlay,('patch_overlay', 193, 188, 54, 54)
fake_03313.png,patch_overlay,('patch_overlay', 204, 291, 60, 60)
fake_03314.png,patch_overlay,('patch_overlay', 326, 265, 90, 90)
fake_03315.png,module_corruption,('module_corruption', 21, 8, 13)
fake_03316.png,patch_overlay,('patch_overlay', 285, 76, 58, 58)
fake_03317.png,module_corruption,('module_corruption', 11, 13, 9)
fake_03318.png,module_corruption,('module_corruption', 24, 23, 13)
fake_03319.png,patch_overlay,('patch_overlay', 105, 88, 93, 93)
fake_03320.png,patch_overlay,('patch_overlay', 112, 195, 79, 79)
fake_03321.png,module_corruption,('module_corruption', 6, 10, 9)
fake_03322.png,patch_overlay,('patch_overlay', 36, 110, 96, 96)
fake_03323.png,patch_overlay,('patch_overlay', 301, 231, 97, 97)
fake_03324.png,patch_overlay,('patch_overlay', 142, 344, 62, 62)
fake_03325.png,patch_overlay,('patch_overlay', 195, 58, 79, 79)
fake_03326.png,module_corruption,('module_corruption', 13, 5, 12)
fake_03327.png,patch_overlay,('patch_overlay', 196, 66, 59, 59)
fake_03328.png,module_corruption,('module_corruption', 14, 10, 9)
fake_03329.png,module_corruption,('module_corruption', 22, 16, 9)
fake_03330.png,module_corruption,('module_corruption', 22, 8, 13)
fake_03331.png,module_corruption,('module_corruption', 14, 15, 10)
fake_03332.png,patch_overlay,('patch_overlay', 144, 274, 61, 61)
fake_03333.png,module_corruption,('module_corruption', 3, 12, 12)
fake_03334.png,patch_overlay,('patch_overlay', 220, 69, 83, 83)
fake_03335.png,patch_overlay,('patch_overlay', 234, 229, 81, 81)
fake_03336.png,patch_overlay,('patch_overlay', 340, 210, 77, 77)
fake_03337.png,patch_overlay,('patch_overlay', 160, 112, 86, 86)
fake_03338.png,patch_overlay,('patch_overlay', 329, 50, 82, 82)
fake_03339.png,patch_overlay,('patch_overlay', 392, 368, 56, 56)
fake_03340.png,patch_overlay,('patch_overlay', 18, 321, 79, 79)
fake_03341.png,patch_overlay,('patch_overlay', 62, 357, 90, 90)
fake_03342.png,patch_overlay,('patch_overlay', 317, 303, 82, 82)
fake_03343.png,patch_overlay,('patch_overlay', 5, 202, 56, 56)
fake_03344.png,patch_overlay,('patch_overlay', 343, 249, 64, 64)
fake_03345.png,module_corruption,('module_corruption', 14, 23, 9)
fake_03346.png,module_corruption,('module_corruption', 2, 7, 11)
fake_03347.png,patch_overlay,('patch_overlay', 223, 120, 95, 95)
fake_03348.png,patch_overlay,('patch_overlay', 295, 159, 61, 61)
fake_03349.png,module_corruption,('module_corruption', 5, 18, 11)
fake_03350.png,patch_overlay,('patch_overlay', 144, 330, 90, 90)
fake_03351.png,patch_overlay,('patch_overlay', 185, 101, 93, 93)
fake_03352.png,module_corruption,('module_corruption', 13, 2, 10)
fake_03353.png,module_corruption,('module_corruption', 2, 17, 13)
fake_03354.png,patch_overlay,('patch_overlay', 44, 310, 84, 84)
fake_03355.png,patch_overlay,('patch_overlay', 299, 56, 85, 85)
fake_03356.png,module_corruption,('module_corruption', 12, 19, 12)
fake_03357.png,patch_overlay,('patch_overlay', 183, 216, 98, 98)
fake_03358.png,patch_overlay,('patch_overlay', 79, 37, 57, 57)
fake_03359.png,module_corruption,('module_corruption', 23, 18, 12)
fake_03360.png,module_corruption,('module_corruption', 19, 22, 14)
fake_03361.png,module_corruption,('module_corruption', 16, 1, 14)
fake_03362.png,patch_overlay,('patch_overlay', 238, 118, 73, 73)
fake_03363.png,module_corruption,('module_corruption', 1, 10, 13)
fake_03364.png,patch_overlay,('patch_overlay', 224, 168, 58, 58)
fake_03365.png,module_corruption,('module_corruption', 10, 22, 12)
fake_03366.png,module_corruption,('module_corruption', 14, 2, 10)
fake_03367.png,patch_overlay,('patch_overlay', 354, 376, 56, 56)
fake_03368.png,patch_overlay,('patch_overlay', 119, 281, 68, 68)
fake_03369.png,module_corruption,('module_corruption', 13, 15, 13)
fake_03370.png,patch_overlay,('patch_overlay', 330, 18, 92, 92)
fake_03371.png,module_corruption,('module_corruption', 18, 5, 9)
fake_03372.png,module_corruption,('module_corruption', 11, 24, 12)
fake_03373.png,patch_overlay,('patch_overlay', 219, 28, 78, 78)
fake_03374.png,patch_overlay,('patch_overlay', 48, 87, 94, 94)
fake_03375.png,module_corruption,('module_corruption', 24, 23, 10)
fake_03376.png,patch_overlay,('patch_overlay', 291, 92, 94, 94)
fake_03377.png,module_corruption,('module_corruption', 6, 15, 10)
fake_03378.png,module_corruption,('module_corruption', 9, 20, 9)
fake_03379.png,module_corruption,('module_corruption', 12, 10, 14)
fake_03380.png,module_corruption,('module_corruption', 0, 4, 13)
fake_03381.png,module_corruption,('module_corruption', 0, 2, 12)
fake_03382.png,module_corruption,('module_corruption', 4, 21, 9)
fake_03383.png,module_corruption,('module_corruption', 20, 10, 12)
fake_03384.png,module_corruption,('module_corruption', 24, 24, 13)
fake_03385.png,module_corruption,('module_corruption', 8, 9, 11)
fake_03386.png,patch_overlay,('patch_overlay', 381, 183, 61, 61)
fake_03387.png,patch_overlay,('patch_overlay', 216, 36, 62, 62)
fake_03388.png,patch_overlay,('patch_overlay', 46, 38, 91, 91)
fake_03389.png,module_corruption,('module_corruption', 11, 2, 11)
fake_03390.png,patch_overlay,('patch_overlay', 27, 87, 74, 74)
fake_03391.png,patch_overlay,('patch_overlay', 308, 103, 77, 77)
fake_03392.png,patch_overlay,('patch_overlay', 346, 14, 56, 56)
fake_03393.png,patch_overlay,('patch_overlay', 195, 267, 66, 66)
fake_03394.png,patch_overlay,('patch_overlay', 363, 144, 62, 62)
fake_03395.png,module_corruption,('module_corruption', 12, 22, 11)
fake_03396.png,module_corruption,('module_corruption', 17, 18, 13)
fake_03397.png,patch_overlay,('patch_overlay', 38, 133, 70, 70)
fake_03398.png,patch_overlay,('patch_overlay', 160, 235, 71, 71)
fake_03399.png,patch_overlay,('patch_overlay', 322, 141, 56, 56)
fake_03400.png,module_corruption,('module_corruption', 7, 20, 13)
fake_03401.png,patch_overlay,('patch_overlay', 187, 302, 89, 89)
fake_03402.png,patch_overlay,('patch_overlay', 372, 62, 68, 68)
fake_03403.png,module_corruption,('module_corruption', 1, 14, 9)
fake_03404.png,module_corruption,('module_corruption', 21, 15, 9)
fake_03405.png,module_corruption,('module_corruption', 10, 10, 11)
fake_03406.png,module_corruption,('module_corruption', 10, 13, 11)
fake_03407.png,patch_overlay,('patch_overlay', 242, 339, 83, 83)
fake_03408.png,module_corruption,('module_corruption', 17, 9, 9)
fake_03409.png,patch_overlay,('patch_overlay', 191, 373, 60, 60)
fake_03410.png,patch_overlay,('patch_overlay', 292, 290, 91, 91)
fake_03411.png,patch_overlay,('patch_overlay', 204, 300, 85, 85)
fake_03412.png,patch_overlay,('patch_overlay', 358, 341, 82, 82)
fake_03413.png,module_corruption,('module_corruption', 19, 23, 13)
fake_03414.png,module_corruption,('module_corruption', 3, 7, 11)
fake_03415.png,patch_overlay,('patch_overlay', 87, 268, 62, 62)
fake_03416.png,module_corruption,('module_corruption', 0, 27, 10)
fake_03417.png,patch_overlay,('patch_overlay', 111, 79, 56, 56)
fake_03418.png,patch_overlay,('patch_overlay', 344, 325, 71, 71)
fake_03419.png,module_corruption,('module_corruption', 2, 4, 11)
fake_03420.png,module_corruption,('module_corruption', 4, 12, 14)
fake_03421.png,patch_overlay,('patch_overlay', 354, 100, 60, 60)
fake_03422.png,module_corruption,('module_corruption', 7, 27, 10)
fake_03423.png,patch_overlay,('patch_overlay', 69, 292, 94, 94)
fake_03424.png,module_corruption,('module_corruption', 1, 19, 9)
fake_03425.png,module_corruption,('module_corruption', 23, 16, 14)
fake_03426.png,patch_overlay,('patch_overlay', 109, 270, 82, 82)
fake_03427.png,patch_overlay,('patch_overlay', 238, 85, 81, 81)
fake_03428.png,module_corruption,('module_corruption', 2, 25, 11)
fake_03429.png,patch_overlay,('patch_overlay', 321, 88, 66, 66)
fake_03430.png,patch_overlay,('patch_overlay', 45, 310, 88, 88)
fake_03431.png,patch_overlay,('patch_overlay', 221, 349, 91, 91)
fake_03432.png,module_corruption,('module_corruption', 7, 16, 14)
fake_03433.png,module_corruption,('module_corruption', 15, 26, 11)
fake_03434.png,patch_overlay,('patch_overlay', 210, 75, 94, 94)
fake_03435.png,patch_overlay,('patch_overlay', 155, 226, 80, 80)
fake_03436.png,module_corruption,('module_corruption', 16, 5, 11)
fake_03437.png,patch_overlay,('patch_overlay', 284, 194, 60, 60)
fake_03438.png,patch_overlay,('patch_overlay', 154, 331, 97, 97)
fake_03439.png,module_corruption,('module_corruption', 10, 7, 9)
fake_03440.png,patch_overlay,('patch_overlay', 310, 112, 82, 82)
fake_03441.png,module_corruption,('module_corruption', 6, 7, 11)
fake_03442.png,patch_overlay,('patch_overlay', 134, 67, 70, 70)
fake_03443.png,module_corruption,('module_corruption', 9, 8, 11)
fake_03444.png,module_corruption,('module_corruption', 18, 15, 14)
fake_03445.png,patch_overlay,('patch_overlay', 347, 108, 98, 98)
fake_03446.png,module_corruption,('module_corruption', 24, 26, 9)
fake_03447.png,module_corruption,('module_corruption', 22, 15, 13)
fake_03448.png,patch_overlay,('patch_overlay', 188, 154, 82, 82)
fake_03449.png,module_corruption,('module_corruption', 26, 25, 9)
fake_03450.png,module_corruption,('module_corruption', 8, 19, 9)
fake_03451.png,patch_overlay,('patch_overlay', 176, 330, 58, 58)
fake_03452.png,module_corruption,('module_corruption', 19, 14, 12)
fake_03453.png,patch_overlay,('patch_overlay', 20, 229, 67, 67)
fake_03454.png,patch_overlay,('patch_overlay', 55, 157, 76, 76)
fake_03455.png,patch_overlay,('patch_overlay', 295, 332, 71, 71)
fake_03456.png,module_corruption,('module_corruption', 13, 23, 14)
fake_03457.png,module_corruption,('module_corruption', 5, 4, 13)
fake_03458.png,patch_overlay,('patch_overlay', 141, 377, 56, 56)
fake_03459.png,module_corruption,('module_corruption', 10, 3, 13)
fake_03460.png,module_corruption,('module_corruption', 22, 25, 10)
fake_03461.png,module_corruption,('module_corruption', 5, 24, 9)
fake_03462.png,patch_overlay,('patch_overlay', 259, 97, 63, 63)
fake_03463.png,module_corruption,('module_corruption', 19, 1, 13)
fake_03464.png,module_corruption,('module_corruption', 15, 1, 10)
fake_03465.png,patch_overlay,('patch_overlay', 60, 175, 82, 82)
fake_03466.png,module_corruption,('module_corruption', 15, 12, 12)
fake_03467.png,patch_overlay,('patch_overlay', 194, 203, 79, 79)
fake_03468.png,patch_overlay,('patch_overlay', 321, 165, 73, 73)
fake_03469.png,module_corruption,('module_corruption', 23, 24, 12)
fake_03470.png,patch_overlay,('patch_overlay', 54, 148, 95, 95)
fake_03471.png,patch_overlay,('patch_overlay', 64, 57, 70, 70)
fake_03472.png,patch_overlay,('patch_overlay', 208, 92, 60, 60)
fake_03473.png,patch_overlay,('patch_overlay', 107, 147, 63, 63)
fake_03474.png,module_corruption,('module_corruption', 2, 17, 13)
fake_03475.png,patch_overlay,('patch_overlay', 349, 262, 62, 62)
fake_03476.png,patch_overlay,('patch_overlay', 286, 288, 76, 76)
fake_03477.png,module_corruption,('module_corruption', 1, 1, 10)
fake_03478.png,module_corruption,('module_corruption', 14, 25, 11)
fake_03479.png,patch_overlay,('patch_overlay', 252, 386, 55, 55)
fake_03480.png,patch_overlay,('patch_overlay', 209, 235, 83, 83)
fake_03481.png,patch_overlay,('patch_overlay', 210, 348, 68, 68)
fake_03482.png,patch_overlay,('patch_overlay', 76, 148, 64, 64)
fake_03483.png,patch_overlay,('patch_overlay', 152, 271, 57, 57)
fake_03484.png,module_corruption,('module_corruption', 19, 14, 9)
fake_03485.png,patch_overlay,('patch_overlay', 3, 232, 96, 96)
fake_03486.png,module_corruption,('module_corruption', 4, 21, 14)
fake_03487.png,module_corruption,('module_corruption', 13, 16, 9)
fake_03488.png,patch_overlay,('patch_overlay', 225, 210, 86, 86)
fake_03489.png,patch_overlay,('patch_overlay', 27, 296, 55, 55)
fake_03490.png,module_corruption,('module_corruption', 19, 0, 9)
fake_03491.png,module_corruption,('module_corruption', 0, 8, 14)
fake_03492.png,module_corruption,('module_corruption', 14, 14, 10)
fake_03493.png,patch_overlay,('patch_overlay', 332, 268, 98, 98)
fake_03494.png,patch_overlay,('patch_overlay', 262, 267, 85, 85)
fake_03495.png,patch_overlay,('patch_overlay', 161, 38, 96, 96)
fake_03496.png,patch_overlay,('patch_overlay', 209, 161, 62, 62)
fake_03497.png,patch_overlay,('patch_overlay', 346, 279, 63, 63)
fake_03498.png,patch_overlay,('patch_overlay', 59, 374, 76, 76)
fake_03499.png,patch_overlay,('patch_overlay', 243, 183, 59, 59)
fake_03500.png,patch_overlay,('patch_overlay', 327, 355, 84, 84)
fake_03501.png,patch_overlay,('patch_overlay', 312, 354, 71, 71)
fake_03502.png,patch_overlay,('patch_overlay', 261, 31, 62, 62)
fake_03503.png,module_corruption,('module_corruption', 9, 2, 10)
fake_03504.png,module_corruption,('module_corruption', 5, 3, 12)
fake_03505.png,module_corruption,('module_corruption', 19, 20, 10)
fake_03506.png,patch_overlay,('patch_overlay', 126, 295, 70, 70)
fake_03507.png,module_corruption,('module_corruption', 20, 23, 9)
fake_03508.png,patch_overlay,('patch_overlay', 171, 88, 81, 81)
fake_03509.png,module_corruption,('module_corruption', 4, 23, 12)
fake_03510.png,patch_overlay,('patch_overlay', 352, 368, 79, 79)
fake_03511.png,module_corruption,('module_corruption', 6, 19, 14)
fake_03512.png,patch_overlay,('patch_overlay', 97, 79, 55, 55)
fake_03513.png,patch_overlay,('patch_overlay', 294, 135, 87, 87)
fake_03514.png,patch_overlay,('patch_overlay', 112, 15, 94, 94)
fake_03515.png,module_corruption,('module_corruption', 23, 9, 9)
fake_03516.png,module_corruption,('module_corruption', 14, 5, 13)
fake_03517.png,module_corruption,('module_corruption', 5, 20, 13)
fake_03518.png,patch_overlay,('patch_overlay', 139, 48, 98, 98)
fake_03519.png,patch_overlay,('patch_overlay', 57, 282, 67, 67)
fake_03520.png,patch_overlay,('patch_overlay', 79, 85, 55, 55)
fake_03521.png,module_corruption,('module_corruption', 2, 12, 14)
fake_03522.png,module_corruption,('module_corruption', 22, 5, 13)
fake_03523.png,patch_overlay,('patch_overlay', 39, 105, 66, 66)
fake_03524.png,module_corruption,('module_corruption', 24, 21, 13)
fake_03525.png,patch_overlay,('patch_overlay', 299, 105, 96, 96)
fake_03526.png,patch_overlay,('patch_overlay', 121, 253, 76, 76)
fake_03527.png,module_corruption,('module_corruption', 1, 7, 10)
fake_03528.png,module_corruption,('module_corruption', 21, 16, 11)
fake_03529.png,module_corruption,('module_corruption', 16, 19, 11)
fake_03530.png,patch_overlay,('patch_overlay', 207, 63, 85, 85)
fake_03531.png,patch_overlay,('patch_overlay', 261, 76, 87, 87)
fake_03532.png,module_corruption,('module_corruption', 21, 8, 12)
fake_03533.png,module_corruption,('module_corruption', 8, 0, 13)
fake_03534.png,patch_overlay,('patch_overlay', 160, 325, 70, 70)
fake_03535.png,module_corruption,('module_corruption', 1, 25, 9)
fake_03536.png,module_corruption,('module_corruption', 4, 20, 13)
fake_03537.png,patch_overlay,('patch_overlay', 334, 305, 62, 62)
fake_03538.png,patch_overlay,('patch_overlay', 357, 64, 54, 54)
fake_03539.png,patch_overlay,('patch_overlay', 202, 153, 93, 93)
fake_03540.png,module_corruption,('module_corruption', 19, 12, 9)
fake_03541.png,module_corruption,('module_corruption', 1, 20, 14)
fake_03542.png,module_corruption,('module_corruption', 2, 15, 12)
fake_03543.png,module_corruption,('module_corruption', 23, 13, 9)
fake_03544.png,patch_overlay,('patch_overlay', 274, 264, 95, 95)
fake_03545.png,module_corruption,('module_corruption', 0, 1, 13)
fake_03546.png,module_corruption,('module_corruption', 13, 11, 12)
fake_03547.png,patch_overlay,('patch_overlay', 318, 5, 82, 82)
fake_03548.png,module_corruption,('module_corruption', 23, 7, 13)
fake_03549.png,patch_overlay,('patch_overlay', 9, 138, 55, 55)
fake_03550.png,patch_overlay,('patch_overlay', 185, 262, 55, 55)
fake_03551.png,patch_overlay,('patch_overlay', 159, 353, 95, 95)
fake_03552.png,module_corruption,('module_corruption', 23, 17, 12)
fake_03553.png,module_corruption,('module_corruption', 18, 25, 11)
fake_03554.png,patch_overlay,('patch_overlay', 109, 120, 67, 67)
fake_03555.png,module_corruption,('module_corruption', 6, 23, 11)
fake_03556.png,patch_overlay,('patch_overlay', 203, 188, 71, 71)
fake_03557.png,module_corruption,('module_corruption', 20, 19, 13)
fake_03558.png,module_corruption,('module_corruption', 21, 28, 9)
fake_03559.png,patch_overlay,('patch_overlay', 199, 26, 55, 55)
fake_03560.png,module_corruption,('module_corruption', 10, 8, 11)
fake_03561.png,patch_overlay,('patch_overlay', 6, 303, 66, 66)
fake_03562.png,module_corruption,('module_corruption', 3, 3, 12)
fake_03563.png,module_corruption,('module_corruption', 3, 17, 11)
fake_03564.png,patch_overlay,('patch_overlay', 373, 215, 75, 75)
fake_03565.png,patch_overlay,('patch_overlay', 243, 80, 58, 58)
fake_03566.png,patch_overlay,('patch_overlay', 41, 101, 65, 65)
fake_03567.png,module_corruption,('module_corruption', 21, 16, 9)
fake_03568.png,module_corruption,('module_corruption', 2, 19, 13)
fake_03569.png,patch_overlay,('patch_overlay', 68, 44, 86, 86)
fake_03570.png,module_corruption,('module_corruption', 24, 22, 10)
fake_03571.png,module_corruption,('module_corruption', 13, 21, 9)
fake_03572.png,patch_overlay,('patch_overlay', 339, 241, 89, 89)
fake_03573.png,module_corruption,('module_corruption', 4, 1, 13)
fake_03574.png,patch_overlay,('patch_overlay', 8, 40, 63, 63)
fake_03575.png,patch_overlay,('patch_overlay', 203, 232, 86, 86)
fake_03576.png,patch_overlay,('patch_overlay', 35, 78, 82, 82)
fake_03577.png,patch_overlay,('patch_overlay', 353, 36, 64, 64)
fake_03578.png,module_corruption,('module_corruption', 14, 13, 12)
fake_03579.png,module_corruption,('module_corruption', 19, 26, 11)
fake_03580.png,patch_overlay,('patch_overlay', 220, 174, 67, 67)
fake_03581.png,module_corruption,('module_corruption', 18, 17, 12)
fake_03582.png,patch_overlay,('patch_overlay', 203, 223, 66, 66)
fake_03583.png,patch_overlay,('patch_overlay', 10, 65, 98, 98)
fake_03584.png,patch_overlay,('patch_overlay', 123, 64, 73, 73)
fake_03585.png,patch_overlay,('patch_overlay', 316, 6, 77, 77)
fake_03586.png,patch_overlay,('patch_overlay', 330, 300, 96, 96)
fake_03587.png,module_corruption,('module_corruption', 5, 6, 11)
fake_03588.png,patch_overlay,('patch_overlay', 328, 31, 87, 87)
fake_03589.png,patch_overlay,('patch_overlay', 66, 272, 68, 68)
fake_03590.png,module_corruption,('module_corruption', 5, 8, 10)
fake_03591.png,module_corruption,('module_corruption', 4, 12, 13)
fake_03592.png,patch_overlay,('patch_overlay', 344, 129, 92, 92)
fake_03593.png,module_corruption,('module_corruption', 20, 14, 11)
fake_03594.png,patch_overlay,('patch_overlay', 126, 129, 97, 97)
fake_03595.png,module_corruption,('module_corruption', 18, 9, 9)
fake_03596.png,module_corruption,('module_corruption', 13, 25, 11)
fake_03597.png,module_corruption,('module_corruption', 16, 25, 11)
fake_03598.png,patch_overlay,('patch_overlay', 182, 182, 76, 76)
fake_03599.png,patch_overlay,('patch_overlay', 109, 121, 76, 76)
fake_03600.png,patch_overlay,('patch_overlay', 65, 349, 65, 65)
fake_03601.png,module_corruption,('module_corruption', 21, 0, 12)
fake_03602.png,module_corruption,('module_corruption', 5, 1, 10)
fake_03603.png,patch_overlay,('patch_overlay', 234, 142, 76, 76)
fake_03604.png,module_corruption,('module_corruption', 25, 8, 12)
fake_03605.png,module_corruption,('module_corruption', 21, 18, 11)
fake_03606.png,patch_overlay,('patch_overlay', 248, 317, 66, 66)
fake_03607.png,module_corruption,('module_corruption', 6, 17, 14)
fake_03608.png,module_corruption,('module_corruption', 4, 8, 13)
fake_03609.png,patch_overlay,('patch_overlay', 242, 317, 86, 86)
fake_03610.png,patch_overlay,('patch_overlay', 55, 333, 78, 78)
fake_03611.png,module_corruption,('module_corruption', 8, 2, 10)
fake_03612.png,module_corruption,('module_corruption', 7, 21, 11)
fake_03613.png,patch_overlay,('patch_overlay', 108, 254, 59, 59)
fake_03614.png,module_corruption,('module_corruption', 25, 4, 10)
fake_03615.png,patch_overlay,('patch_overlay', 45, 300, 72, 72)
fake_03616.png,patch_overlay,('patch_overlay', 232, 202, 93, 93)
fake_03617.png,module_corruption,('module_corruption', 22, 10, 11)
fake_03618.png,module_corruption,('module_corruption', 6, 21, 13)
fake_03619.png,patch_overlay,('patch_overlay', 179, 100, 81, 81)
fake_03620.png,module_corruption,('module_corruption', 10, 15, 10)
fake_03621.png,module_corruption,('module_corruption', 27, 23, 10)
fake_03622.png,patch_overlay,('patch_overlay', 212, 293, 69, 69)
fake_03623.png,patch_overlay,('patch_overlay', 21, 343, 70, 70)
fake_03624.png,module_corruption,('module_corruption', 14, 9, 10)
fake_03625.png,patch_overlay,('patch_overlay', 262, 192, 58, 58)
fake_03626.png,module_corruption,('module_corruption', 8, 2, 10)
fake_03627.png,patch_overlay,('patch_overlay', 289, 235, 85, 85)
fake_03628.png,patch_overlay,('patch_overlay', 305, 191, 76, 76)
fake_03629.png,module_corruption,('module_corruption', 4, 12, 12)
fake_03630.png,module_corruption,('module_corruption', 15, 0, 11)
fake_03631.png,module_corruption,('module_corruption', 15, 4, 10)
fake_03632.png,patch_overlay,('patch_overlay', 203, 176, 92, 92)
fake_03633.png,patch_overlay,('patch_overlay', 342, 118, 98, 98)
fake_03634.png,patch_overlay,('patch_overlay', 220, 170, 87, 87)
fake_03635.png,module_corruption,('module_corruption', 20, 10, 11)
fake_03636.png,patch_overlay,('patch_overlay', 164, 217, 61, 61)
fake_03637.png,patch_overlay,('patch_overlay', 65, 211, 97, 97)
fake_03638.png,module_corruption,('module_corruption', 25, 0, 12)
fake_03639.png,module_corruption,('module_corruption', 24, 22, 13)
fake_03640.png,patch_overlay,('patch_overlay', 37, 325, 94, 94)
fake_03641.png,patch_overlay,('patch_overlay', 79, 224, 85, 85)
fake_03642.png,module_corruption,('module_corruption', 2, 9, 13)
fake_03643.png,patch_overlay,('patch_overlay', 98, 300, 88, 88)
fake_03644.png,patch_overlay,('patch_overlay', 332, 228, 92, 92)
fake_03645.png,module_corruption,('module_corruption', 11, 5, 14)
fake_03646.png,module_corruption,('module_corruption', 18, 22, 12)
fake_03647.png,patch_overlay,('patch_overlay', 285, 302, 78, 78)
fake_03648.png,patch_overlay,('patch_overlay', 173, 124, 64, 64)
fake_03649.png,patch_overlay,('patch_overlay', 6, 59, 94, 94)
fake_03650.png,module_corruption,('module_corruption', 5, 12, 11)
fake_03651.png,module_corruption,('module_corruption', 8, 7, 13)
fake_03652.png,module_corruption,('module_corruption', 5, 8, 9)
fake_03653.png,patch_overlay,('patch_overlay', 329, 275, 83, 83)
fake_03654.png,module_corruption,('module_corruption', 3, 16, 13)
fake_03655.png,patch_overlay,('patch_overlay', 129, 245, 81, 81)
fake_03656.png,module_corruption,('module_corruption', 13, 20, 11)
fake_03657.png,patch_overlay,('patch_overlay', 358, 94, 66, 66)
fake_03658.png,patch_overlay,('patch_overlay', 320, 195, 56, 56)
fake_03659.png,patch_overlay,('patch_overlay', 270, 280, 96, 96)
fake_03660.png,patch_overlay,('patch_overlay', 277, 329, 60, 60)
fake_03661.png,module_corruption,('module_corruption', 1, 18, 12)
fake_03662.png,module_corruption,('module_corruption', 15, 25, 9)
fake_03663.png,patch_overlay,('patch_overlay', 296, 129, 62, 62)
fake_03664.png,module_corruption,('module_corruption', 11, 21, 12)
fake_03665.png,patch_overlay,('patch_overlay', 356, 270, 91, 91)
fake_03666.png,patch_overlay,('patch_overlay', 298, 133, 89, 89)
fake_03667.png,module_corruption,('module_corruption', 22, 13, 14)
fake_03668.png,patch_overlay,('patch_overlay', 222, 165, 58, 58)
fake_03669.png,module_corruption,('module_corruption', 3, 13, 13)
fake_03670.png,patch_overlay,('patch_overlay', 256, 222, 80, 80)
fake_03671.png,patch_overlay,('patch_overlay', 153, 215, 69, 69)
fake_03672.png,module_corruption,('module_corruption', 24, 16, 12)
fake_03673.png,module_corruption,('module_corruption', 12, 20, 9)
fake_03674.png,patch_overlay,('patch_overlay', 362, 181, 57, 57)
fake_03675.png,module_corruption,('module_corruption', 6, 4, 9)
fake_03676.png,patch_overlay,('patch_overlay', 325, 69, 96, 96)
fake_03677.png,module_corruption,('module_corruption', 19, 15, 12)
fake_03678.png,patch_overlay,('patch_overlay', 133, 109, 78, 78)
fake_03679.png,patch_overlay,('patch_overlay', 202, 3, 69, 69)
fake_03680.png,module_corruption,('module_corruption', 18, 26, 10)
fake_03681.png,module_corruption,('module_corruption', 27, 6, 10)
fake_03682.png,module_corruption,('module_corruption', 23, 5, 13)
fake_03683.png,patch_overlay,('patch_overlay', 92, 35, 76, 76)
fake_03684.png,module_corruption,('module_corruption', 8, 9, 10)
fake_03685.png,module_corruption,('module_corruption', 21, 4, 12)
fake_03686.png,patch_overlay,('patch_overlay', 165, 155, 94, 94)
fake_03687.png,module_corruption,('module_corruption', 13, 14, 9)
fake_03688.png,patch_overlay,('patch_overlay', 224, 166, 75, 75)
fake_03689.png,patch_overlay,('patch_overlay', 93, 342, 86, 86)
fake_03690.png,patch_overlay,('patch_overlay', 6, 128, 61, 61)
fake_03691.png,patch_overlay,('patch_overlay', 159, 105, 78, 78)
fake_03692.png,patch_overlay,('patch_overlay', 292, 358, 71, 71)
fake_03693.png,module_corruption,('module_corruption', 3, 20, 11)
fake_03694.png,patch_overlay,('patch_overlay', 17, 65, 73, 73)
fake_03695.png,patch_overlay,('patch_overlay', 362, 56, 68, 68)
fake_03696.png,patch_overlay,('patch_overlay', 261, 18, 67, 67)
fake_03697.png,module_corruption,('module_corruption', 12, 10, 12)
fake_03698.png,module_corruption,('module_corruption', 12, 19, 13)
fake_03699.png,module_corruption,('module_corruption', 4, 4, 14)
fake_03700.png,module_corruption,('module_corruption', 8, 6, 9)
fake_03701.png,patch_overlay,('patch_overlay', 182, 196, 98, 98)
fake_03702.png,patch_overlay,('patch_overlay', 161, 50, 74, 74)
fake_03703.png,patch_overlay,('patch_overlay', 31, 64, 71, 71)
fake_03704.png,module_corruption,('module_corruption', 16, 23, 11)
fake_03705.png,patch_overlay,('patch_overlay', 294, 52, 84, 84)
fake_03706.png,patch_overlay,('patch_overlay', 200, 146, 87, 87)
fake_03707.png,patch_overlay,('patch_overlay', 291, 312, 81, 81)
fake_03708.png,module_corruption,('module_corruption', 12, 3, 12)
fake_03709.png,patch_overlay,('patch_overlay', 83, 254, 78, 78)
fake_03710.png,module_corruption,('module_corruption', 20, 8, 10)
fake_03711.png,module_corruption,('module_corruption', 3, 9, 12)
fake_03712.png,module_corruption,('module_corruption', 21, 22, 11)
fake_03713.png,patch_overlay,('patch_overlay', 299, 76, 76, 76)
fake_03714.png,patch_overlay,('patch_overlay', 338, 83, 92, 92)
fake_03715.png,module_corruption,('module_corruption', 26, 1, 9)
fake_03716.png,patch_overlay,('patch_overlay', 185, 337, 72, 72)
fake_03717.png,patch_overlay,('patch_overlay', 334, 259, 72, 72)
fake_03718.png,patch_overlay,('patch_overlay', 122, 189, 64, 64)
fake_03719.png,patch_overlay,('patch_overlay', 35, 104, 82, 82)
fake_03720.png,module_corruption,('module_corruption', 13, 13, 11)
fake_03721.png,module_corruption,('module_corruption', 18, 20, 11)
fake_03722.png,module_corruption,('module_corruption', 3, 26, 10)
fake_03723.png,patch_overlay,('patch_overlay', 88, 157, 87, 87)
fake_03724.png,patch_overlay,('patch_overlay', 224, 261, 78, 78)
fake_03725.png,patch_overlay,('patch_overlay', 169, 114, 84, 84)
fake_03726.png,patch_overlay,('patch_overlay', 391, 316, 56, 56)
fake_03727.png,module_corruption,('module_corruption', 24, 3, 10)
fake_03728.png,module_corruption,('module_corruption', 23, 25, 10)
fake_03729.png,module_corruption,('module_corruption', 1, 11, 12)
fake_03730.png,module_corruption,('module_corruption', 0, 18, 9)
fake_03731.png,module_corruption,('module_corruption', 2, 9, 11)
fake_03732.png,module_corruption,('module_corruption', 20, 20, 9)
fake_03733.png,module_corruption,('module_corruption', 0, 10, 12)
fake_03734.png,patch_overlay,('patch_overlay', 367, 325, 76, 76)
fake_03735.png,module_corruption,('module_corruption', 18, 22, 13)
fake_03736.png,patch_overlay,('patch_overlay', 220, 230, 81, 81)
fake_03737.png,patch_overlay,('patch_overlay', 67, 92, 77, 77)
fake_03738.png,patch_overlay,('patch_overlay', 181, 277, 97, 97)
fake_03739.png,patch_overlay,('patch_overlay', 238, 194, 54, 54)
fake_03740.png,module_corruption,('module_corruption', 9, 18, 10)
fake_03741.png,patch_overlay,('patch_overlay', 314, 103, 80, 80)
fake_03742.png,module_corruption,('module_corruption', 26, 1, 11)
fake_03743.png,module_corruption,('module_corruption', 1, 22, 14)
fake_03744.png,patch_overlay,('patch_overlay', 185, 143, 76, 76)
fake_03745.png,module_corruption,('module_corruption', 23, 15, 12)
fake_03746.png,module_corruption,('module_corruption', 11, 5, 12)
fake_03747.png,module_corruption,('module_corruption', 25, 1, 11)
fake_03748.png,module_corruption,('module_corruption', 12, 3, 14)
fake_03749.png,module_corruption,('module_corruption', 5, 16, 14)
fake_03750.png,module_corruption,('module_corruption', 18, 26, 11)
fake_03751.png,module_corruption,('module_corruption', 3, 13, 11)
fake_03752.png,patch_overlay,('patch_overlay', 55, 323, 85, 85)
fake_03753.png,patch_overlay,('patch_overlay', 84, 67, 83, 83)
fake_03754.png,module_corruption,('module_corruption', 24, 5, 9)
fake_03755.png,patch_overlay,('patch_overlay', 7, 57, 87, 87)
fake_03756.png,patch_overlay,('patch_overlay', 167, 350, 79, 79)
fake_03757.png,module_corruption,('module_corruption', 12, 7, 10)
fake_03758.png,patch_overlay,('patch_overlay', 267, 115, 59, 59)
fake_03759.png,module_corruption,('module_corruption', 15, 7, 14)
fake_03760.png,patch_overlay,('patch_overlay', 22, 190, 96, 96)
fake_03761.png,module_corruption,('module_corruption', 18, 7, 13)
fake_03762.png,patch_overlay,('patch_overlay', 363, 93, 70, 70)
fake_03763.png,module_corruption,('module_corruption', 27, 19, 9)
fake_03764.png,module_corruption,('module_corruption', 20, 23, 13)
fake_03765.png,patch_overlay,('patch_overlay', 259, 103, 91, 91)
fake_03766.png,module_corruption,('module_corruption', 15, 21, 13)
fake_03767.png,patch_overlay,('patch_overlay', 82, 147, 63, 63)
fake_03768.png,patch_overlay,('patch_overlay', 218, 213, 62, 62)
fake_03769.png,patch_overlay,('patch_overlay', 111, 107, 86, 86)
fake_03770.png,module_corruption,('module_corruption', 9, 4, 13)
fake_03771.png,patch_overlay,('patch_overlay', 101, 74, 79, 79)
fake_03772.png,module_corruption,('module_corruption', 21, 1, 10)
fake_03773.png,module_corruption,('module_corruption', 19, 24, 11)
fake_03774.png,patch_overlay,('patch_overlay', 213, 117, 95, 95)
fake_03775.png,module_corruption,('module_corruption', 6, 5, 11)
fake_03776.png,module_corruption,('module_corruption', 19, 13, 9)
fake_03777.png,patch_overlay,('patch_overlay', 126, 279, 69, 69)
fake_03778.png,module_corruption,('module_corruption', 16, 4, 13)
fake_03779.png,module_corruption,('module_corruption', 18, 22, 9)
fake_03780.png,patch_overlay,('patch_overlay', 133, 266, 88, 88)
fake_03781.png,patch_overlay,('patch_overlay', 221, 234, 74, 74)
fake_03782.png,patch_overlay,('patch_overlay', 27, 11, 73, 73)
fake_03783.png,module_corruption,('module_corruption', 5, 25, 12)
fake_03784.png,module_corruption,('module_corruption', 11, 13, 9)
fake_03785.png,patch_overlay,('patch_overlay', 197, 323, 70, 70)
fake_03786.png,module_corruption,('module_corruption', 25, 9, 12)
fake_03787.png,module_corruption,('module_corruption', 18, 21, 14)
fake_03788.png,patch_overlay,('patch_overlay', 135, 41, 67, 67)
fake_03789.png,patch_overlay,('patch_overlay', 258, 261, 90, 90)
fake_03790.png,patch_overlay,('patch_overlay', 35, 201, 80, 80)
fake_03791.png,module_corruption,('module_corruption', 11, 4, 13)
fake_03792.png,patch_overlay,('patch_overlay', 196, 260, 84, 84)
fake_03793.png,module_corruption,('module_corruption', 15, 1, 11)
fake_03794.png,patch_overlay,('patch_overlay', 182, 305, 86, 86)
fake_03795.png,patch_overlay,('patch_overlay', 347, 97, 93, 93)
fake_03796.png,patch_overlay,('patch_overlay', 165, 338, 63, 63)
fake_03797.png,module_corruption,('module_corruption', 14, 2, 11)
fake_03798.png,module_corruption,('module_corruption', 21, 10, 12)
fake_03799.png,module_corruption,('module_corruption', 21, 12, 11)
fake_03800.png,patch_overlay,('patch_overlay', 43, 282, 94, 94)
fake_03801.png,module_corruption,('module_corruption', 5, 5, 13)
fake_03802.png,patch_overlay,('patch_overlay', 159, 317, 82, 82)
fake_03803.png,module_corruption,('module_corruption', 14, 22, 11)
fake_03804.png,module_corruption,('module_corruption', 22, 8, 9)
fake_03805.png,patch_overlay,('patch_overlay', 390, 208, 54, 54)
fake_03806.png,module_corruption,('module_corruption', 10, 18, 10)
fake_03807.png,module_corruption,('module_corruption', 5, 15, 14)
fake_03808.png,patch_overlay,('patch_overlay', 46, 357, 85, 85)
fake_03809.png,patch_overlay,('patch_overlay', 84, 295, 57, 57)
fake_03810.png,module_corruption,('module_corruption', 23, 23, 12)
fake_03811.png,module_corruption,('module_corruption', 10, 25, 12)
fake_03812.png,patch_overlay,('patch_overlay', 132, 206, 89, 89)
fake_03813.png,patch_overlay,('patch_overlay', 161, 38, 95, 95)
fake_03814.png,patch_overlay,('patch_overlay', 316, 42, 98, 98)
fake_03815.png,module_corruption,('module_corruption', 13, 7, 13)
fake_03816.png,module_corruption,('module_corruption', 6, 13, 13)
fake_03817.png,module_corruption,('module_corruption', 19, 17, 13)
fake_03818.png,patch_overlay,('patch_overlay', 86, 232, 70, 70)
fake_03819.png,module_corruption,('module_corruption', 21, 18, 14)
fake_03820.png,module_corruption,('module_corruption', 6, 11, 10)
fake_03821.png,module_corruption,('module_corruption', 23, 3, 11)
fake_03822.png,patch_overlay,('patch_overlay', 343, 271, 87, 87)
fake_03823.png,patch_overlay,('patch_overlay', 392, 296, 55, 55)
fake_03824.png,patch_overlay,('patch_overlay', 74, 10, 79, 79)
fake_03825.png,patch_overlay,('patch_overlay', 271, 90, 54, 54)
fake_03826.png,patch_overlay,('patch_overlay', 97, 321, 66, 66)
fake_03827.png,patch_overlay,('patch_overlay', 363, 242, 62, 62)
fake_03828.png,patch_overlay,('patch_overlay', 264, 1, 69, 69)
fake_03829.png,patch_overlay,('patch_overlay', 66, 148, 76, 76)
fake_03830.png,module_corruption,('module_corruption', 21, 0, 13)
fake_03831.png,module_corruption,('module_corruption', 22, 17, 12)
fake_03832.png,patch_overlay,('patch_overlay', 218, 260, 78, 78)
fake_03833.png,patch_overlay,('patch_overlay', 333, 177, 89, 89)
fake_03834.png,patch_overlay,('patch_overlay', 95, 351, 60, 60)
fake_03835.png,patch_overlay,('patch_overlay', 181, 205, 58, 58)
fake_03836.png,patch_overlay,('patch_overlay', 313, 377, 71, 71)
fake_03837.png,patch_overlay,('patch_overlay', 111, 342, 98, 98)
fake_03838.png,module_corruption,('module_corruption', 0, 14, 9)
fake_03839.png,patch_overlay,('patch_overlay', 219, 79, 86, 86)
fake_03840.png,patch_overlay,('patch_overlay', 259, 235, 84, 84)
fake_03841.png,module_corruption,('module_corruption', 22, 16, 13)
fake_03842.png,module_corruption,('module_corruption', 13, 13, 12)
fake_03843.png,module_corruption,('module_corruption', 19, 15, 11)
fake_03844.png,patch_overlay,('patch_overlay', 218, 284, 84, 84)
fake_03845.png,patch_overlay,('patch_overlay', 43, 358, 58, 58)
fake_03846.png,patch_overlay,('patch_overlay', 340, 179, 81, 81)
fake_03847.png,module_corruption,('module_corruption', 21, 9, 12)
fake_03848.png,module_corruption,('module_corruption', 4, 23, 9)
fake_03849.png,module_corruption,('module_corruption', 1, 0, 12)
fake_03850.png,module_corruption,('module_corruption', 20, 8, 12)
fake_03851.png,module_corruption,('module_corruption', 3, 4, 12)
fake_03852.png,patch_overlay,('patch_overlay', 273, 220, 54, 54)
fake_03853.png,module_corruption,('module_corruption', 20, 24, 12)
fake_03854.png,module_corruption,('module_corruption', 2, 3, 11)
fake_03855.png,module_corruption,('module_corruption', 8, 9, 12)
fake_03856.png,module_corruption,('module_corruption', 10, 4, 14)
fake_03857.png,patch_overlay,('patch_overlay', 170, 295, 87, 87)
fake_03858.png,patch_overlay,('patch_overlay', 286, 207, 70, 70)
fake_03859.png,module_corruption,('module_corruption', 23, 20, 13)
fake_03860.png,module_corruption,('module_corruption', 14, 21, 13)
fake_03861.png,module_corruption,('module_corruption', 16, 10, 11)
fake_03862.png,patch_overlay,('patch_overlay', 217, 338, 56, 56)
fake_03863.png,module_corruption,('module_corruption', 15, 20, 12)
fake_03864.png,module_corruption,('module_corruption', 7, 10, 12)
fake_03865.png,patch_overlay,('patch_overlay', 173, 21, 70, 70)
fake_03866.png,patch_overlay,('patch_overlay', 336, 1, 93, 93)
fake_03867.png,patch_overlay,('patch_overlay', 287, 258, 84, 84)
fake_03868.png,module_corruption,('module_corruption', 7, 19, 13)
fake_03869.png,module_corruption,('module_corruption', 9, 25, 11)
fake_03870.png,patch_overlay,('patch_overlay', 22, 339, 70, 70)
fake_03871.png,patch_overlay,('patch_overlay', 352, 351, 66, 66)
fake_03872.png,patch_overlay,('patch_overlay', 78, 182, 61, 61)
fake_03873.png,patch_overlay,('patch_overlay', 243, 132, 74, 74)
fake_03874.png,module_corruption,('module_corruption', 9, 19, 12)
fake_03875.png,module_corruption,('module_corruption', 19, 22, 10)
fake_03876.png,patch_overlay,('patch_overlay', 103, 40, 90, 90)
fake_03877.png,module_corruption,('module_corruption', 12, 15, 10)
fake_03878.png,patch_overlay,('patch_overlay', 172, 284, 91, 91)
fake_03879.png,module_corruption,('module_corruption', 19, 17, 12)
fake_03880.png,module_corruption,('module_corruption', 3, 16, 11)
fake_03881.png,patch_overlay,('patch_overlay', 331, 194, 66, 66)
fake_03882.png,module_corruption,('module_corruption', 20, 16, 14)
fake_03883.png,module_corruption,('module_corruption', 14, 4, 11)
fake_03884.png,module_corruption,('module_corruption', 14, 21, 11)
fake_03885.png,module_corruption,('module_corruption', 5, 21, 11)
fake_03886.png,patch_overlay,('patch_overlay', 3, 248, 69, 69)
fake_03887.png,patch_overlay,('patch_overlay', 228, 46, 69, 69)
fake_03888.png,patch_overlay,('patch_overlay', 143, 287, 67, 67)
fake_03889.png,module_corruption,('module_corruption', 22, 24, 12)
fake_03890.png,patch_overlay,('patch_overlay', 160, 281, 68, 68)
fake_03891.png,module_corruption,('module_corruption', 17, 9, 10)
fake_03892.png,patch_overlay,('patch_overlay', 151, 50, 77, 77)
fake_03893.png,module_corruption,('module_corruption', 14, 9, 11)
fake_03894.png,module_corruption,('module_corruption', 23, 1, 11)
fake_03895.png,patch_overlay,('patch_overlay', 87, 42, 82, 82)
fake_03896.png,patch_overlay,('patch_overlay', 40, 234, 90, 90)
fake_03897.png,patch_overlay,('patch_overlay', 60, 167, 70, 70)
fake_03898.png,module_corruption,('module_corruption', 7, 23, 10)
fake_03899.png,module_corruption,('module_corruption', 1, 18, 14)
fake_03900.png,module_corruption,('module_corruption', 21, 8, 14)
fake_03901.png,module_corruption,('module_corruption', 27, 14, 10)
fake_03902.png,module_corruption,('module_corruption', 25, 3, 12)
fake_03903.png,patch_overlay,('patch_overlay', 210, 316, 86, 86)
fake_03904.png,module_corruption,('module_corruption', 19, 17, 13)
fake_03905.png,patch_overlay,('patch_overlay', 81, 121, 65, 65)
fake_03906.png,patch_overlay,('patch_overlay', 316, 308, 96, 96)
fake_03907.png,patch_overlay,('patch_overlay', 221, 220, 82, 82)
fake_03908.png,module_corruption,('module_corruption', 13, 16, 13)
fake_03909.png,patch_overlay,('patch_overlay', 176, 342, 71, 71)
fake_03910.png,module_corruption,('module_corruption', 18, 16, 11)
fake_03911.png,patch_overlay,('patch_overlay', 228, 293, 95, 95)
fake_03912.png,module_corruption,('module_corruption', 12, 20, 9)
fake_03913.png,module_corruption,('module_corruption', 20, 16, 9)
fake_03914.png,module_corruption,('module_corruption', 12, 7, 13)
fake_03915.png,module_corruption,('module_corruption', 2, 11, 12)
fake_03916.png,patch_overlay,('patch_overlay', 321, 214, 92, 92)
fake_03917.png,patch_overlay,('patch_overlay', 175, 203, 81, 81)
fake_03918.png,patch_overlay,('patch_overlay', 251, 7, 56, 56)
fake_03919.png,patch_overlay,('patch_overlay', 104, 150, 69, 69)
fake_03920.png,module_corruption,('module_corruption', 12, 0, 9)
fake_03921.png,module_corruption,('module_corruption', 8, 12, 13)
fake_03922.png,patch_overlay,('patch_overlay', 30, 244, 81, 81)
fake_03923.png,patch_overlay,('patch_overlay', 119, 314, 57, 57)
fake_03924.png,patch_overlay,('patch_overlay', 96, 163, 94, 94)
fake_03925.png,patch_overlay,('patch_overlay', 306, 262, 94, 94)
fake_03926.png,patch_overlay,('patch_overlay', 322, 160, 82, 82)
fake_03927.png,module_corruption,('module_corruption', 4, 5, 14)
fake_03928.png,patch_overlay,('patch_overlay', 286, 75, 83, 83)
fake_03929.png,module_corruption,('module_corruption', 24, 27, 10)
fake_03930.png,module_corruption,('module_corruption', 18, 8, 11)
fake_03931.png,module_corruption,('module_corruption', 20, 23, 10)
fake_03932.png,patch_overlay,('patch_overlay', 330, 342, 66, 66)
fake_03933.png,module_corruption,('module_corruption', 25, 20, 12)
fake_03934.png,patch_overlay,('patch_overlay', 342, 316, 92, 92)
fake_03935.png,module_corruption,('module_corruption', 15, 19, 12)
fake_03936.png,module_corruption,('module_corruption', 24, 23, 13)
fake_03937.png,module_corruption,('module_corruption', 13, 24, 12)
fake_03938.png,module_corruption,('module_corruption', 7, 1, 11)
fake_03939.png,patch_overlay,('patch_overlay', 175, 246, 77, 77)
fake_03940.png,module_corruption,('module_corruption', 16, 17, 12)
fake_03941.png,patch_overlay,('patch_overlay', 288, 121, 98, 98)
fake_03942.png,patch_overlay,('patch_overlay', 379, 370, 60, 60)
fake_03943.png,patch_overlay,('patch_overlay', 171, 122, 92, 92)
fake_03944.png,module_corruption,('module_corruption', 1, 26, 10)
fake_03945.png,patch_overlay,('patch_overlay', 297, 228, 65, 65)
fake_03946.png,patch_overlay,('patch_overlay', 189, 352, 57, 57)
fake_03947.png,module_corruption,('module_corruption', 10, 22, 11)
fake_03948.png,patch_overlay,('patch_overlay', 13, 98, 86, 86)
fake_03949.png,patch_overlay,('patch_overlay', 207, 81, 91, 91)
fake_03950.png,module_corruption,('module_corruption', 7, 20, 13)
fake_03951.png,patch_overlay,('patch_overlay', 50, 357, 55, 55)
fake_03952.png,module_corruption,('module_corruption', 13, 17, 11)
fake_03953.png,patch_overlay,('patch_overlay', 312, 240, 91, 91)
fake_03954.png,module_corruption,('module_corruption', 27, 27, 9)
fake_03955.png,module_corruption,('module_corruption', 13, 23, 9)
fake_03956.png,patch_overlay,('patch_overlay', 271, 285, 88, 88)
fake_03957.png,patch_overlay,('patch_overlay', 133, 74, 81, 81)
fake_03958.png,patch_overlay,('patch_overlay', 171, 286, 92, 92)
fake_03959.png,module_corruption,('module_corruption', 11, 20, 13)
fake_03960.png,module_corruption,('module_corruption', 13, 1, 13)
fake_03961.png,patch_overlay,('patch_overlay', 270, 266, 68, 68)
fake_03962.png,patch_overlay,('patch_overlay', 75, 63, 72, 72)
fake_03963.png,module_corruption,('module_corruption', 17, 3, 13)
fake_03964.png,patch_overlay,('patch_overlay', 86, 308, 82, 82)
fake_03965.png,patch_overlay,('patch_overlay', 61, 121, 92, 92)
fake_03966.png,module_corruption,('module_corruption', 2, 12, 13)
fake_03967.png,patch_overlay,('patch_overlay', 326, 350, 60, 60)
fake_03968.png,module_corruption,('module_corruption', 17, 11, 13)
fake_03969.png,module_corruption,('module_corruption', 24, 24, 12)
fake_03970.png,module_corruption,('module_corruption', 2, 23, 13)
fake_03971.png,module_corruption,('module_corruption', 23, 20, 11)
fake_03972.png,patch_overlay,('patch_overlay', 58, 207, 88, 88)
fake_03973.png,patch_overlay,('patch_overlay', 272, 27, 91, 91)
fake_03974.png,patch_overlay,('patch_overlay', 254, 353, 68, 68)
fake_03975.png,module_corruption,('module_corruption', 16, 17, 13)
fake_03976.png,module_corruption,('module_corruption', 15, 16, 11)
fake_03977.png,module_corruption,('module_corruption', 3, 9, 12)
fake_03978.png,patch_overlay,('patch_overlay', 268, 328, 86, 86)
fake_03979.png,module_corruption,('module_corruption', 11, 4, 12)
fake_03980.png,module_corruption,('module_corruption', 11, 14, 11)
fake_03981.png,patch_overlay,('patch_overlay', 116, 232, 81, 81)
fake_03982.png,patch_overlay,('patch_overlay', 216, 172, 83, 83)
fake_03983.png,patch_overlay,('patch_overlay', 300, 178, 80, 80)
fake_03984.png,patch_overlay,('patch_overlay', 279, 160, 69, 69)
fake_03985.png,module_corruption,('module_corruption', 27, 27, 10)
fake_03986.png,patch_overlay,('patch_overlay', 374, 19, 62, 62)
fake_03987.png,module_corruption,('module_corruption', 13, 17, 13)
fake_03988.png,module_corruption,('module_corruption', 1, 10, 10)
fake_03989.png,module_corruption,('module_corruption', 15, 18, 10)
fake_03990.png,patch_overlay,('patch_overlay', 367, 369, 68, 68)
fake_03991.png,module_corruption,('module_corruption', 1, 0, 10)
fake_03992.png,patch_overlay,('patch_overlay', 210, 279, 84, 84)
fake_03993.png,module_corruption,('module_corruption', 3, 3, 12)
fake_03994.png,patch_overlay,('patch_overlay', 77, 252, 83, 83)
fake_03995.png,module_corruption,('module_corruption', 8, 9, 11)
fake_03996.png,patch_overlay,('patch_overlay', 96, 5, 87, 87)
fake_03997.png,patch_overlay,('patch_overlay', 332, 307, 81, 81)
fake_03998.png,patch_overlay,('patch_overlay', 117, 218, 55, 55)
fake_03999.png,module_corruption,('module_corruption', 15, 24, 11)
fake_04000.png,module_corruption,('module_corruption', 5, 15, 11)
fake_04001.png,patch_overlay,('patch_overlay', 71, 208, 73, 73)
fake_04002.png,module_corruption,('module_corruption', 18, 20, 13)
fake_04003.png,patch_overlay,('patch_overlay', 184, 124, 85, 85)
fake_04004.png,patch_overlay,('patch_overlay', 208, 323, 87, 87)
fake_04005.png,patch_overlay,('patch_overlay', 273, 331, 69, 69)
fake_04006.png,patch_overlay,('patch_overlay', 32, 84, 73, 73)
fake_04007.png,patch_overlay,('patch_overlay', 142, 29, 65, 65)
fake_04008.png,module_corruption,('module_corruption', 22, 13, 12)
fake_04009.png,module_corruption,('module_corruption', 5, 10, 12)
fake_04010.png,module_corruption,('module_corruption', 10, 18, 13)
fake_04011.png,module_corruption,('module_corruption', 11, 11, 11)
fake_04012.png,module_corruption,('module_corruption', 4, 9, 9)
fake_04013.png,module_corruption,('module_corruption', 0, 13, 12)
fake_04014.png,module_corruption,('module_corruption', 7, 13, 13)
fake_04015.png,module_corruption,('module_corruption', 13, 5, 13)
fake_04016.png,module_corruption,('module_corruption', 17, 4, 12)
fake_04017.png,module_corruption,('module_corruption', 18, 20, 11)
fake_04018.png,module_corruption,('module_corruption', 23, 24, 13)
fake_04019.png,patch_overlay,('patch_overlay', 390, 136, 57, 57)
fake_04020.png,patch_overlay,('patch_overlay', 36, 291, 63, 63)
fake_04021.png,module_corruption,('module_corruption', 19, 25, 11)
fake_04022.png,patch_overlay,('patch_overlay', 183, 344, 72, 72)
fake_04023.png,patch_overlay,('patch_overlay', 122, 261, 87, 87)
fake_04024.png,patch_overlay,('patch_overlay', 286, 51, 57, 57)
fake_04025.png,patch_overlay,('patch_overlay', 322, 239, 65, 65)
fake_04026.png,module_corruption,('module_corruption', 19, 16, 12)
fake_04027.png,module_corruption,('module_corruption', 13, 7, 10)
fake_04028.png,patch_overlay,('patch_overlay', 318, 260, 83, 83)
fake_04029.png,patch_overlay,('patch_overlay', 330, 214, 57, 57)
fake_04030.png,patch_overlay,('patch_overlay', 325, 285, 88, 88)
fake_04031.png,patch_overlay,('patch_overlay', 259, 105, 56, 56)
fake_04032.png,patch_overlay,('patch_overlay', 295, 198, 79, 79)
fake_04033.png,patch_overlay,('patch_overlay', 28, 270, 63, 63)
fake_04034.png,module_corruption,('module_corruption', 21, 20, 9)
fake_04035.png,patch_overlay,('patch_overlay', 208, 210, 94, 94)
fake_04036.png,module_corruption,('module_corruption', 6, 23, 9)
fake_04037.png,patch_overlay,('patch_overlay', 179, 69, 87, 87)
fake_04038.png,patch_overlay,('patch_overlay', 75, 165, 91, 91)
fake_04039.png,module_corruption,('module_corruption', 20, 1, 13)
fake_04040.png,module_corruption,('module_corruption', 18, 0, 13)
fake_04041.png,patch_overlay,('patch_overlay', 21, 200, 80, 80)
fake_04042.png,patch_overlay,('patch_overlay', 338, 154, 69, 69)
fake_04043.png,patch_overlay,('patch_overlay', 186, 7, 92, 92)
fake_04044.png,patch_overlay,('patch_overlay', 55, 300, 58, 58)
fake_04045.png,module_corruption,('module_corruption', 7, 14, 12)
fake_04046.png,module_corruption,('module_corruption', 0, 21, 10)
fake_04047.png,patch_overlay,('patch_overlay', 354, 197, 65, 65)
fake_04048.png,module_corruption,('module_corruption', 10, 6, 13)
fake_04049.png,module_corruption,('module_corruption', 6, 2, 11)
fake_04050.png,patch_overlay,('patch_overlay', 357, 336, 75, 75)
fake_04051.png,module_corruption,('module_corruption', 1, 14, 10)
fake_04052.png,patch_overlay,('patch_overlay', 19, 36, 89, 89)
fake_04053.png,module_corruption,('module_corruption', 1, 27, 10)
fake_04054.png,patch_overlay,('patch_overlay', 105, 230, 93, 93)
fake_04055.png,patch_overlay,('patch_overlay', 284, 74, 88, 88)
fake_04056.png,module_corruption,('module_corruption', 18, 4, 14)
fake_04057.png,module_corruption,('module_corruption', 16, 22, 10)
fake_04058.png,module_corruption,('module_corruption', 15, 26, 10)
fake_04059.png,module_corruption,('module_corruption', 18, 2, 10)
fake_04060.png,module_corruption,('module_corruption', 20, 17, 9)
fake_04061.png,module_corruption,('module_corruption', 5, 8, 9)
fake_04062.png,module_corruption,('module_corruption', 4, 18, 13)
fake_04063.png,patch_overlay,('patch_overlay', 10, 259, 60, 60)
fake_04064.png,module_corruption,('module_corruption', 12, 12, 13)
fake_04065.png,module_corruption,('module_corruption', 21, 7, 12)
fake_04066.png,module_corruption,('module_corruption', 22, 19, 13)
fake_04067.png,patch_overlay,('patch_overlay', 326, 110, 96, 96)
fake_04068.png,patch_overlay,('patch_overlay', 93, 104, 68, 68)
fake_04069.png,module_corruption,('module_corruption', 3, 3, 12)
fake_04070.png,patch_overlay,('patch_overlay', 209, 10, 86, 86)
fake_04071.png,module_corruption,('module_corruption', 2, 0, 12)
fake_04072.png,patch_overlay,('patch_overlay', 235, 250, 59, 59)
fake_04073.png,patch_overlay,('patch_overlay', 327, 325, 61, 61)
fake_04074.png,patch_overlay,('patch_overlay', 140, 304, 89, 89)
fake_04075.png,patch_overlay,('patch_overlay', 247, 233, 87, 87)
fake_04076.png,patch_overlay,('patch_overlay', 230, 159, 56, 56)
fake_04077.png,patch_overlay,('patch_overlay', 122, 291, 55, 55)
fake_04078.png,patch_overlay,('patch_overlay', 244, 199, 82, 82)
fake_04079.png,patch_overlay,('patch_overlay', 41, 229, 61, 61)
fake_04080.png,module_corruption,('module_corruption', 8, 18, 10)
fake_04081.png,module_corruption,('module_corruption', 6, 5, 11)
fake_04082.png,patch_overlay,('patch_overlay', 130, 233, 62, 62)
fake_04083.png,module_corruption,('module_corruption', 7, 7, 14)
fake_04084.png,patch_overlay,('patch_overlay', 307, 102, 59, 59)
fake_04085.png,module_corruption,('module_corruption', 15, 14, 9)
fake_04086.png,module_corruption,('module_corruption', 19, 6, 10)
fake_04087.png,patch_overlay,('patch_overlay', 274, 8, 64, 64)
fake_04088.png,patch_overlay,('patch_overlay', 351, 121, 96, 96)
fake_04089.png,module_corruption,('module_corruption', 24, 25, 10)
fake_04090.png,module_corruption,('module_corruption', 7, 22, 9)
fake_04091.png,patch_overlay,('patch_overlay', 105, 3, 89, 89)
fake_04092.png,module_corruption,('module_corruption', 7, 20, 9)
fake_04093.png,patch_overlay,('patch_overlay', 82, 152, 73, 73)
fake_04094.png,patch_overlay,('patch_overlay', 257, 311, 78, 78)
fake_04095.png,module_corruption,('module_corruption', 4, 8, 11)
fake_04096.png,patch_overlay,('patch_overlay', 369, 257, 57, 57)
fake_04097.png,patch_overlay,('patch_overlay', 268, 377, 58, 58)
fake_04098.png,patch_overlay,('patch_overlay', 43, 307, 97, 97)
fake_04099.png,patch_overlay,('patch_overlay', 81, 300, 79, 79)
fake_04100.png,module_corruption,('module_corruption', 10, 10, 9)
fake_04101.png,patch_overlay,('patch_overlay', 173, 306, 80, 80)
fake_04102.png,patch_overlay,('patch_overlay', 96, 212, 61, 61)
fake_04103.png,patch_overlay,('patch_overlay', 327, 144, 67, 67)
fake_04104.png,patch_overlay,('patch_overlay', 246, 194, 95, 95)
fake_04105.png,module_corruption,('module_corruption', 24, 2, 12)
fake_04106.png,module_corruption,('module_corruption', 25, 13, 10)
fake_04107.png,patch_overlay,('patch_overlay', 250, 195, 90, 90)
fake_04108.png,patch_overlay,('patch_overlay', 120, 147, 95, 95)
fake_04109.png,module_corruption,('module_corruption', 23, 10, 13)
fake_04110.png,patch_overlay,('patch_overlay', 114, 64, 72, 72)
fake_04111.png,module_corruption,('module_corruption', 0, 17, 9)
fake_04112.png,patch_overlay,('patch_overlay', 0, 360, 73, 73)
fake_04113.png,module_corruption,('module_corruption', 23, 17, 10)
fake_04114.png,patch_overlay,('patch_overlay', 173, 272, 61, 61)
fake_04115.png,patch_overlay,('patch_overlay', 91, 161, 85, 85)
fake_04116.png,module_corruption,('module_corruption', 6, 4, 12)
fake_04117.png,module_corruption,('module_corruption', 25, 24, 11)
fake_04118.png,module_corruption,('module_corruption', 7, 16, 10)
fake_04119.png,patch_overlay,('patch_overlay', 310, 139, 64, 64)
fake_04120.png,patch_overlay,('patch_overlay', 165, 223, 87, 87)
fake_04121.png,patch_overlay,('patch_overlay', 352, 37, 74, 74)
fake_04122.png,module_corruption,('module_corruption', 1, 21, 12)
fake_04123.png,patch_overlay,('patch_overlay', 162, 77, 87, 87)
fake_04124.png,patch_overlay,('patch_overlay', 183, 236, 67, 67)
fake_04125.png,patch_overlay,('patch_overlay', 316, 189, 78, 78)
fake_04126.png,module_corruption,('module_corruption', 23, 13, 12)
fake_04127.png,patch_overlay,('patch_overlay', 4, 53, 54, 54)
fake_04128.png,module_corruption,('module_corruption', 13, 16, 12)
fake_04129.png,module_corruption,('module_corruption', 9, 0, 12)
fake_04130.png,patch_overlay,('patch_overlay', 184, 339, 55, 55)
fake_04131.png,module_corruption,('module_corruption', 10, 22, 13)
fake_04132.png,module_corruption,('module_corruption', 14, 5, 11)
fake_04133.png,module_corruption,('module_corruption', 25, 17, 10)
fake_04134.png,patch_overlay,('patch_overlay', 100, 335, 73, 73)
fake_04135.png,module_corruption,('module_corruption', 17, 14, 9)
fake_04136.png,module_corruption,('module_corruption', 11, 15, 11)
fake_04137.png,patch_overlay,('patch_overlay', 203, 185, 68, 68)
fake_04138.png,module_corruption,('module_corruption', 3, 2, 11)
fake_04139.png,patch_overlay,('patch_overlay', 82, 202, 77, 77)
fake_04140.png,patch_overlay,('patch_overlay', 41, 347, 78, 78)
fake_04141.png,module_corruption,('module_corruption', 23, 15, 12)
fake_04142.png,module_corruption,('module_corruption', 5, 11, 13)
fake_04143.png,module_corruption,('module_corruption', 8, 19, 9)
fake_04144.png,patch_overlay,('patch_overlay', 325, 115, 66, 66)
fake_04145.png,module_corruption,('module_corruption', 0, 12, 13)
fake_04146.png,module_corruption,('module_corruption', 20, 25, 9)
fake_04147.png,patch_overlay,('patch_overlay', 195, 27, 78, 78)
fake_04148.png,module_corruption,('module_corruption', 6, 13, 12)
fake_04149.png,module_corruption,('module_corruption', 22, 13, 14)
fake_04150.png,module_corruption,('module_corruption', 20, 3, 11)
fake_04151.png,patch_overlay,('patch_overlay', 138, 170, 90, 90)
fake_04152.png,module_corruption,('module_corruption', 1, 0, 10)
fake_04153.png,module_corruption,('module_corruption', 24, 20, 12)
fake_04154.png,module_corruption,('module_corruption', 19, 5, 9)
fake_04155.png,module_corruption,('module_corruption', 0, 17, 14)
fake_04156.png,patch_overlay,('patch_overlay', 319, 346, 78, 78)
fake_04157.png,patch_overlay,('patch_overlay', 62, 355, 59, 59)
fake_04158.png,patch_overlay,('patch_overlay', 88, 196, 86, 86)
fake_04159.png,patch_overlay,('patch_overlay', 161, 287, 89, 89)
fake_04160.png,module_corruption,('module_corruption', 6, 1, 9)
fake_04161.png,patch_overlay,('patch_overlay', 276, 196, 75, 75)
fake_04162.png,module_corruption,('module_corruption', 1, 13, 9)
fake_04163.png,patch_overlay,('patch_overlay', 353, 40, 89, 89)
fake_04164.png,module_corruption,('module_corruption', 17, 3, 13)
fake_04165.png,module_corruption,('module_corruption', 9, 14, 11)
fake_04166.png,module_corruption,('module_corruption', 15, 3, 10)
fake_04167.png,module_corruption,('module_corruption', 20, 21, 9)
fake_04168.png,patch_overlay,('patch_overlay', 134, 316, 64, 64)
fake_04169.png,module_corruption,('module_corruption', 25, 24, 12)
fake_04170.png,patch_overlay,('patch_overlay', 117, 129, 74, 74)
fake_04171.png,patch_overlay,('patch_overlay', 47, 220, 67, 67)
fake_04172.png,patch_overlay,('patch_overlay', 1, 169, 93, 93)
fake_04173.png,module_corruption,('module_corruption', 11, 19, 13)
fake_04174.png,module_corruption,('module_corruption', 18, 0, 12)
fake_04175.png,patch_overlay,('patch_overlay', 12, 328, 73, 73)
fake_04176.png,patch_overlay,('patch_overlay', 118, 218, 76, 76)
fake_04177.png,patch_overlay,('patch_overlay', 161, 269, 89, 89)
fake_04178.png,module_corruption,('module_corruption', 13, 25, 10)
fake_04179.png,module_corruption,('module_corruption', 19, 24, 9)
fake_04180.png,module_corruption,('module_corruption', 20, 3, 13)
fake_04181.png,patch_overlay,('patch_overlay', 304, 268, 96, 96)
fake_04182.png,module_corruption,('module_corruption', 22, 2, 13)
fake_04183.png,patch_overlay,('patch_overlay', 236, 118, 60, 60)
fake_04184.png,module_corruption,('module_corruption', 16, 0, 12)
fake_04185.png,module_corruption,('module_corruption', 11, 7, 12)
fake_04186.png,module_corruption,('module_corruption', 26, 11, 10)
fake_04187.png,patch_overlay,('patch_overlay', 130, 120, 86, 86)
fake_04188.png,patch_overlay,('patch_overlay', 335, 277, 80, 80)
fake_04189.png,patch_overlay,('patch_overlay', 167, 120, 84, 84)
fake_04190.png,patch_overlay,('patch_overlay', 29, 288, 65, 65)
fake_04191.png,module_corruption,('module_corruption', 9, 6, 12)
fake_04192.png,module_corruption,('module_corruption', 23, 8, 13)
fake_04193.png,patch_overlay,('patch_overlay', 323, 274, 80, 80)
fake_04194.png,patch_overlay,('patch_overlay', 278, 281, 98, 98)
fake_04195.png,module_corruption,('module_corruption', 3, 1, 11)
fake_04196.png,module_corruption,('module_corruption', 26, 8, 11)
fake_04197.png,patch_overlay,('patch_overlay', 323, 130, 86, 86)
fake_04198.png,patch_overlay,('patch_overlay', 124, 158, 72, 72)
fake_04199.png,module_corruption,('module_corruption', 14, 11, 13)
fake_04200.png,module_corruption,('module_corruption', 26, 17, 11)
fake_04201.png,patch_overlay,('patch_overlay', 235, 272, 95, 95)
fake_04202.png,patch_overlay,('patch_overlay', 186, 107, 79, 79)
fake_04203.png,module_corruption,('module_corruption', 9, 7, 11)
fake_04204.png,module_corruption,('module_corruption', 12, 0, 13)
fake_04205.png,patch_overlay,('patch_overlay', 257, 134, 63, 63)
fake_04206.png,module_corruption,('module_corruption', 5, 26, 11)
fake_04207.png,module_corruption,('module_corruption', 11, 10, 11)
fake_04208.png,module_corruption,('module_corruption', 21, 19, 13)
fake_04209.png,module_corruption,('module_corruption', 8, 15, 10)
fake_04210.png,patch_overlay,('patch_overlay', 317, 348, 89, 89)
fake_04211.png,module_corruption,('module_corruption', 6, 15, 9)
fake_04212.png,patch_overlay,('patch_overlay', 366, 147, 79, 79)
fake_04213.png,module_corruption,('module_corruption', 17, 4, 13)
fake_04214.png,module_corruption,('module_corruption', 23, 16, 13)
fake_04215.png,patch_overlay,('patch_overlay', 228, 89, 90, 90)
fake_04216.png,patch_overlay,('patch_overlay', 142, 149, 78, 78)
fake_04217.png,module_corruption,('module_corruption', 17, 13, 12)
fake_04218.png,module_corruption,('module_corruption', 18, 22, 10)
fake_04219.png,patch_overlay,('patch_overlay', 257, 273, 77, 77)
fake_04220.png,patch_overlay,('patch_overlay', 345, 349, 98, 98)
fake_04221.png,patch_overlay,('patch_overlay', 13, 247, 72, 72)
fake_04222.png,module_corruption,('module_corruption', 0, 19, 13)
fake_04223.png,patch_overlay,('patch_overlay', 91, 108, 64, 64)
fake_04224.png,patch_overlay,('patch_overlay', 10, 293, 67, 67)
fake_04225.png,patch_overlay,('patch_overlay', 304, 302, 97, 97)
fake_04226.png,module_corruption,('module_corruption', 12, 18, 13)
fake_04227.png,patch_overlay,('patch_overlay', 193, 270, 82, 82)
fake_04228.png,patch_overlay,('patch_overlay', 242, 89, 89, 89)
fake_04229.png,patch_overlay,('patch_overlay', 310, 287, 59, 59)
fake_04230.png,patch_overlay,('patch_overlay', 198, 246, 82, 82)
fake_04231.png,patch_overlay,('patch_overlay', 287, 163, 74, 74)
fake_04232.png,module_corruption,('module_corruption', 8, 6, 10)
fake_04233.png,patch_overlay,('patch_overlay', 74, 103, 84, 84)
fake_04234.png,module_corruption,('module_corruption', 15, 2, 10)
fake_04235.png,patch_overlay,('patch_overlay', 53, 193, 81, 81)
fake_04236.png,module_corruption,('module_corruption', 25, 18, 11)
fake_04237.png,patch_overlay,('patch_overlay', 275, 383, 66, 66)
fake_04238.png,module_corruption,('module_corruption', 5, 19, 9)
fake_04239.png,patch_overlay,('patch_overlay', 218, 13, 69, 69)
fake_04240.png,module_corruption,('module_corruption', 8, 16, 10)
fake_04241.png,patch_overlay,('patch_overlay', 98, 280, 74, 74)
fake_04242.png,patch_overlay,('patch_overlay', 61, 366, 82, 82)
fake_04243.png,patch_overlay,('patch_overlay', 343, 147, 97, 97)
fake_04244.png,module_corruption,('module_corruption', 2, 21, 12)
fake_04245.png,patch_overlay,('patch_overlay', 250, 231, 81, 81)
fake_04246.png,module_corruption,('module_corruption', 7, 14, 12)
fake_04247.png,patch_overlay,('patch_overlay', 306, 307, 88, 88)
fake_04248.png,module_corruption,('module_corruption', 8, 13, 13)
fake_04249.png,module_corruption,('module_corruption', 12, 20, 10)
fake_04250.png,module_corruption,('module_corruption', 19, 25, 10)
fake_04251.png,module_corruption,('module_corruption', 4, 19, 10)
fake_04252.png,patch_overlay,('patch_overlay', 81, 47, 58, 58)
fake_04253.png,module_corruption,('module_corruption', 4, 18, 10)
fake_04254.png,module_corruption,('module_corruption', 11, 9, 11)
fake_04255.png,patch_overlay,('patch_overlay', 108, 46, 76, 76)
fake_04256.png,patch_overlay,('patch_overlay', 284, 137, 76, 76)
fake_04257.png,patch_overlay,('patch_overlay', 342, 176, 62, 62)
fake_04258.png,patch_overlay,('patch_overlay', 331, 369, 77, 77)
fake_04259.png,patch_overlay,('patch_overlay', 280, 86, 65, 65)
fake_04260.png,patch_overlay,('patch_overlay', 180, 293, 65, 65)
fake_04261.png,patch_overlay,('patch_overlay', 316, 4, 66, 66)
fake_04262.png,module_corruption,('module_corruption', 16, 19, 13)
fake_04263.png,patch_overlay,('patch_overlay', 351, 238, 60, 60)
fake_04264.png,patch_overlay,('patch_overlay', 249, 348, 95, 95)
fake_04265.png,module_corruption,('module_corruption', 10, 15, 13)
fake_04266.png,patch_overlay,('patch_overlay', 317, 220, 79, 79)
fake_04267.png,patch_overlay,('patch_overlay', 361, 255, 64, 64)
fake_04268.png,module_corruption,('module_corruption', 0, 4, 9)
fake_04269.png,patch_overlay,('patch_overlay', 252, 272, 54, 54)
fake_04270.png,patch_overlay,('patch_overlay', 142, 205, 54, 54)
fake_04271.png,patch_overlay,('patch_overlay', 6, 25, 82, 82)
fake_04272.png,module_corruption,('module_corruption', 1, 25, 12)
fake_04273.png,patch_overlay,('patch_overlay', 73, 143, 76, 76)
fake_04274.png,patch_overlay,('patch_overlay', 360, 369, 66, 66)
fake_04275.png,module_corruption,('module_corruption', 18, 7, 10)
fake_04276.png,patch_overlay,('patch_overlay', 122, 238, 75, 75)
fake_04277.png,patch_overlay,('patch_overlay', 354, 304, 95, 95)
fake_04278.png,patch_overlay,('patch_overlay', 2, 247, 71, 71)
fake_04279.png,patch_overlay,('patch_overlay', 231, 149, 98, 98)
fake_04280.png,patch_overlay,('patch_overlay', 320, 0, 60, 60)
fake_04281.png,module_corruption,('module_corruption', 19, 16, 11)
fake_04282.png,patch_overlay,('patch_overlay', 102, 158, 90, 90)
fake_04283.png,module_corruption,('module_corruption', 5, 9, 13)
fake_04284.png,patch_overlay,('patch_overlay', 217, 86, 93, 93)
fake_04285.png,module_corruption,('module_corruption', 3, 28, 9)
fake_04286.png,patch_overlay,('patch_overlay', 290, 240, 87, 87)
fake_04287.png,module_corruption,('module_corruption', 9, 8, 13)
fake_04288.png,patch_overlay,('patch_overlay', 95, 300, 91, 91)
fake_04289.png,module_corruption,('module_corruption', 21, 17, 11)
fake_04290.png,module_corruption,('module_corruption', 11, 27, 9)
fake_04291.png,module_corruption,('module_corruption', 8, 23, 12)
fake_04292.png,module_corruption,('module_corruption', 6, 2, 13)
fake_04293.png,module_corruption,('module_corruption', 1, 17, 12)
fake_04294.png,patch_overlay,('patch_overlay', 90, 290, 77, 77)
fake_04295.png,module_corruption,('module_corruption', 23, 4, 13)
fake_04296.png,module_corruption,('module_corruption', 0, 1, 10)
fake_04297.png,patch_overlay,('patch_overlay', 86, 158, 68, 68)
fake_04298.png,module_corruption,('module_corruption', 14, 18, 13)
fake_04299.png,module_corruption,('module_corruption', 13, 1, 13)
fake_04300.png,patch_overlay,('patch_overlay', 365, 283, 66, 66)
fake_04301.png,module_corruption,('module_corruption', 19, 23, 9)
fake_04302.png,module_corruption,('module_corruption', 2, 25, 10)
fake_04303.png,patch_overlay,('patch_overlay', 170, 206, 58, 58)
fake_04304.png,patch_overlay,('patch_overlay', 314, 344, 54, 54)
fake_04305.png,patch_overlay,('patch_overlay', 217, 284, 79, 79)
fake_04306.png,module_corruption,('module_corruption', 1, 17, 9)
fake_04307.png,patch_overlay,('patch_overlay', 244, 75, 56, 56)
fake_04308.png,patch_overlay,('patch_overlay', 289, 142, 54, 54)
fake_04309.png,patch_overlay,('patch_overlay', 215, 323, 76, 76)
fake_04310.png,module_corruption,('module_corruption', 10, 22, 11)
fake_04311.png,module_corruption,('module_corruption', 20, 18, 9)
fake_04312.png,module_corruption,('module_corruption', 11, 6, 11)
fake_04313.png,patch_overlay,('patch_overlay', 311, 106, 75, 75)
fake_04314.png,module_corruption,('module_corruption', 13, 6, 12)
fake_04315.png,patch_overlay,('patch_overlay', 210, 113, 73, 73)
fake_04316.png,patch_overlay,('patch_overlay', 256, 164, 57, 57)
fake_04317.png,patch_overlay,('patch_overlay', 210, 209, 89, 89)
fake_04318.png,patch_overlay,('patch_overlay', 173, 90, 79, 79)
fake_04319.png,module_corruption,('module_corruption', 12, 3, 9)
fake_04320.png,module_corruption,('module_corruption', 17, 0, 10)
fake_04321.png,module_corruption,('module_corruption', 13, 13, 9)
fake_04322.png,patch_overlay,('patch_overlay', 354, 136, 96, 96)
fake_04323.png,patch_overlay,('patch_overlay', 244, 100, 74, 74)
fake_04324.png,module_corruption,('module_corruption', 6, 2, 9)
fake_04325.png,module_corruption,('module_corruption', 16, 13, 12)
fake_04326.png,patch_overlay,('patch_overlay', 365, 306, 84, 84)
fake_04327.png,module_corruption,('module_corruption', 2, 6, 14)
fake_04328.png,module_corruption,('module_corruption', 16, 13, 9)
fake_04329.png,module_corruption,('module_corruption', 7, 10, 11)
fake_04330.png,module_corruption,('module_corruption', 21, 17, 13)
fake_04331.png,module_corruption,('module_corruption', 20, 23, 14)
fake_04332.png,module_corruption,('module_corruption', 16, 10, 12)
fake_04333.png,patch_overlay,('patch_overlay', 297, 125, 55, 55)
fake_04334.png,patch_overlay,('patch_overlay', 229, 80, 86, 86)
fake_04335.png,patch_overlay,('patch_overlay', 356, 118, 91, 91)
fake_04336.png,module_corruption,('module_corruption', 14, 10, 10)
fake_04337.png,module_corruption,('module_corruption', 18, 3, 12)
fake_04338.png,module_corruption,('module_corruption', 9, 19, 14)
fake_04339.png,module_corruption,('module_corruption', 17, 13, 13)
fake_04340.png,patch_overlay,('patch_overlay', 71, 137, 55, 55)
fake_04341.png,module_corruption,('module_corruption', 10, 18, 12)
fake_04342.png,patch_overlay,('patch_overlay', 51, 73, 71, 71)
fake_04343.png,module_corruption,('module_corruption', 15, 11, 10)
fake_04344.png,patch_overlay,('patch_overlay', 15, 196, 89, 89)
fake_04345.png,patch_overlay,('patch_overlay', 295, 6, 61, 61)
fake_04346.png,module_corruption,('module_corruption', 21, 2, 14)
fake_04347.png,patch_overlay,('patch_overlay', 215, 14, 87, 87)
fake_04348.png,module_corruption,('module_corruption', 13, 10, 14)
fake_04349.png,module_corruption,('module_corruption', 12, 23, 12)
fake_04350.png,patch_overlay,('patch_overlay', 92, 107, 89, 89)
fake_04351.png,patch_overlay,('patch_overlay', 5, 105, 74, 74)
fake_04352.png,patch_overlay,('patch_overlay', 226, 106, 70, 70)
fake_04353.png,module_corruption,('module_corruption', 8, 18, 9)
fake_04354.png,patch_overlay,('patch_overlay', 289, 4, 76, 76)
fake_04355.png,patch_overlay,('patch_overlay', 291, 295, 85, 85)
fake_04356.png,patch_overlay,('patch_overlay', 154, 260, 72, 72)
fake_04357.png,patch_overlay,('patch_overlay', 333, 128, 93, 93)
fake_04358.png,patch_overlay,('patch_overlay', 278, 281, 78, 78)
fake_04359.png,patch_overlay,('patch_overlay', 0, 190, 79, 79)
fake_04360.png,patch_overlay,('patch_overlay', 299, 313, 60, 60)
fake_04361.png,patch_overlay,('patch_overlay', 108, 176, 80, 80)
fake_04362.png,patch_overlay,('patch_overlay', 371, 118, 78, 78)
fake_04363.png,module_corruption,('module_corruption', 4, 7, 13)
fake_04364.png,patch_overlay,('patch_overlay', 75, 12, 98, 98)
fake_04365.png,patch_overlay,('patch_overlay', 295, 9, 76, 76)
fake_04366.png,module_corruption,('module_corruption', 9, 1, 9)
fake_04367.png,module_corruption,('module_corruption', 17, 23, 13)
fake_04368.png,patch_overlay,('patch_overlay', 0, 219, 56, 56)
fake_04369.png,patch_overlay,('patch_overlay', 259, 110, 75, 75)
fake_04370.png,patch_overlay,('patch_overlay', 335, 176, 58, 58)
fake_04371.png,patch_overlay,('patch_overlay', 309, 282, 62, 62)
fake_04372.png,patch_overlay,('patch_overlay', 135, 5, 72, 72)
fake_04373.png,module_corruption,('module_corruption', 27, 7, 10)
fake_04374.png,patch_overlay,('patch_overlay', 180, 277, 91, 91)
fake_04375.png,patch_overlay,('patch_overlay', 6, 117, 84, 84)
fake_04376.png,module_corruption,('module_corruption', 11, 27, 10)
fake_04377.png,module_corruption,('module_corruption', 17, 26, 10)
fake_04378.png,module_corruption,('module_corruption', 10, 22, 13)
fake_04379.png,module_corruption,('module_corruption', 17, 2, 10)
fake_04380.png,module_corruption,('module_corruption', 21, 9, 9)
fake_04381.png,module_corruption,('module_corruption', 8, 2, 14)
fake_04382.png,module_corruption,('module_corruption', 11, 24, 10)
fake_04383.png,patch_overlay,('patch_overlay', 118, 96, 65, 65)
fake_04384.png,module_corruption,('module_corruption', 9, 13, 13)
fake_04385.png,module_corruption,('module_corruption', 10, 20, 11)
fake_04386.png,patch_overlay,('patch_overlay', 101, 58, 95, 95)
fake_04387.png,patch_overlay,('patch_overlay', 99, 30, 63, 63)
fake_04388.png,module_corruption,('module_corruption', 12, 23, 14)
fake_04389.png,module_corruption,('module_corruption', 25, 7, 10)
fake_04390.png,patch_overlay,('patch_overlay', 115, 43, 86, 86)
fake_04391.png,module_corruption,('module_corruption', 23, 11, 13)
fake_04392.png,patch_overlay,('patch_overlay', 81, 49, 83, 83)
fake_04393.png,module_corruption,('module_corruption', 19, 6, 12)
fake_04394.png,module_corruption,('module_corruption', 5, 22, 9)
fake_04395.png,patch_overlay,('patch_overlay', 243, 19, 88, 88)
fake_04396.png,module_corruption,('module_corruption', 12, 13, 9)
fake_04397.png,patch_overlay,('patch_overlay', 380, 310, 64, 64)
fake_04398.png,patch_overlay,('patch_overlay', 27, 256, 78, 78)
fake_04399.png,module_corruption,('module_corruption', 23, 21, 13)
fake_04400.png,patch_overlay,('patch_overlay', 26, 385, 61, 61)
fake_04401.png,module_corruption,('module_corruption', 7, 28, 9)
fake_04402.png,patch_overlay,('patch_overlay', 199, 35, 72, 72)
fake_04403.png,patch_overlay,('patch_overlay', 202, 295, 86, 86)
fake_04404.png,module_corruption,('module_corruption', 23, 0, 12)
fake_04405.png,module_corruption,('module_corruption', 4, 0, 12)
fake_04406.png,patch_overlay,('patch_overlay', 30, 37, 59, 59)
fake_04407.png,patch_overlay,('patch_overlay', 245, 262, 61, 61)
fake_04408.png,patch_overlay,('patch_overlay', 379, 90, 58, 58)
fake_04409.png,module_corruption,('module_corruption', 17, 23, 13)
fake_04410.png,module_corruption,('module_corruption', 21, 13, 14)
fake_04411.png,patch_overlay,('patch_overlay', 219, 241, 63, 63)
fake_04412.png,module_corruption,('module_corruption', 19, 21, 13)
fake_04413.png,module_corruption,('module_corruption', 10, 25, 10)
fake_04414.png,module_corruption,('module_corruption', 18, 14, 13)
fake_04415.png,module_corruption,('module_corruption', 23, 6, 14)
fake_04416.png,module_corruption,('module_corruption', 24, 9, 12)
fake_04417.png,module_corruption,('module_corruption', 13, 3, 11)
fake_04418.png,patch_overlay,('patch_overlay', 42, 339, 93, 93)
fake_04419.png,patch_overlay,('patch_overlay', 129, 100, 86, 86)
fake_04420.png,patch_overlay,('patch_overlay', 39, 293, 57, 57)
fake_04421.png,patch_overlay,('patch_overlay', 27, 79, 60, 60)
fake_04422.png,module_corruption,('module_corruption', 22, 26, 9)
fake_04423.png,module_corruption,('module_corruption', 4, 7, 12)
fake_04424.png,module_corruption,('module_corruption', 4, 25, 11)
fake_04425.png,patch_overlay,('patch_overlay', 386, 63, 54, 54)
fake_04426.png,module_corruption,('module_corruption', 15, 0, 12)
fake_04427.png,patch_overlay,('patch_overlay', 141, 245, 63, 63)
fake_04428.png,patch_overlay,('patch_overlay', 371, 240, 62, 62)
fake_04429.png,module_corruption,('module_corruption', 8, 11, 12)
fake_04430.png,patch_overlay,('patch_overlay', 231, 271, 70, 70)
fake_04431.png,patch_overlay,('patch_overlay', 17, 190, 86, 86)
fake_04432.png,patch_overlay,('patch_overlay', 245, 200, 57, 57)
fake_04433.png,module_corruption,('module_corruption', 1, 16, 11)
fake_04434.png,module_corruption,('module_corruption', 18, 2, 9)
fake_04435.png,patch_overlay,('patch_overlay', 33, 281, 65, 65)
fake_04436.png,patch_overlay,('patch_overlay', 116, 116, 89, 89)
fake_04437.png,patch_overlay,('patch_overlay', 211, 229, 57, 57)
fake_04438.png,patch_overlay,('patch_overlay', 243, 3, 97, 97)
fake_04439.png,patch_overlay,('patch_overlay', 165, 41, 74, 74)
fake_04440.png,module_corruption,('module_corruption', 6, 17, 9)
fake_04441.png,patch_overlay,('patch_overlay', 184, 42, 96, 96)
fake_04442.png,module_corruption,('module_corruption', 17, 21, 12)
fake_04443.png,module_corruption,('module_corruption', 22, 9, 9)
fake_04444.png,module_corruption,('module_corruption', 12, 25, 11)
fake_04445.png,module_corruption,('module_corruption', 21, 28, 9)
fake_04446.png,module_corruption,('module_corruption', 2, 16, 11)
fake_04447.png,module_corruption,('module_corruption', 22, 5, 10)
fake_04448.png,module_corruption,('module_corruption', 6, 11, 13)
fake_04449.png,module_corruption,('module_corruption', 24, 6, 12)
fake_04450.png,patch_overlay,('patch_overlay', 232, 23, 73, 73)
fake_04451.png,patch_overlay,('patch_overlay', 375, 57, 66, 66)
fake_04452.png,patch_overlay,('patch_overlay', 1, 117, 98, 98)
fake_04453.png,patch_overlay,('patch_overlay', 28, 250, 78, 78)
fake_04454.png,patch_overlay,('patch_overlay', 239, 232, 65, 65)
fake_04455.png,module_corruption,('module_corruption', 23, 16, 11)
fake_04456.png,module_corruption,('module_corruption', 20, 6, 13)
fake_04457.png,module_corruption,('module_corruption', 6, 0, 9)
fake_04458.png,module_corruption,('module_corruption', 14, 21, 12)
fake_04459.png,patch_overlay,('patch_overlay', 243, 193, 83, 83)
fake_04460.png,patch_overlay,('patch_overlay', 357, 294, 71, 71)
fake_04461.png,module_corruption,('module_corruption', 17, 16, 10)
fake_04462.png,patch_overlay,('patch_overlay', 339, 164, 73, 73)
fake_04463.png,patch_overlay,('patch_overlay', 332, 146, 85, 85)
fake_04464.png,patch_overlay,('patch_overlay', 328, 282, 78, 78)
fake_04465.png,patch_overlay,('patch_overlay', 63, 209, 88, 88)
fake_04466.png,module_corruption,('module_corruption', 14, 18, 11)
fake_04467.png,module_corruption,('module_corruption', 8, 22, 14)
fake_04468.png,module_corruption,('module_corruption', 12, 23, 11)
fake_04469.png,module_corruption,('module_corruption', 14, 12, 14)
fake_04470.png,patch_overlay,('patch_overlay', 338, 254, 76, 76)
fake_04471.png,patch_overlay,('patch_overlay', 160, 250, 89, 89)
fake_04472.png,module_corruption,('module_corruption', 6, 16, 11)
fake_04473.png,patch_overlay,('patch_overlay', 335, 133, 59, 59)
fake_04474.png,module_corruption,('module_corruption', 13, 19, 13)
fake_04475.png,module_corruption,('module_corruption', 0, 26, 9)
fake_04476.png,module_corruption,('module_corruption', 18, 19, 13)
fake_04477.png,module_corruption,('module_corruption', 4, 10, 11)
fake_04478.png,module_corruption,('module_corruption', 8, 12, 14)
fake_04479.png,patch_overlay,('patch_overlay', 32, 66, 54, 54)
fake_04480.png,module_corruption,('module_corruption', 1, 7, 12)
fake_04481.png,patch_overlay,('patch_overlay', 121, 180, 84, 84)
fake_04482.png,module_corruption,('module_corruption', 11, 19, 13)
fake_04483.png,module_corruption,('module_corruption', 21, 12, 13)
fake_04484.png,module_corruption,('module_corruption', 3, 18, 13)
fake_04485.png,module_corruption,('module_corruption', 14, 18, 12)
fake_04486.png,module_corruption,('module_corruption', 23, 5, 13)
fake_04487.png,module_corruption,('module_corruption', 5, 1, 12)
fake_04488.png,module_corruption,('module_corruption', 13, 18, 12)
fake_04489.png,module_corruption,('module_corruption', 2, 28, 9)
fake_04490.png,patch_overlay,('patch_overlay', 294, 25, 55, 55)
fake_04491.png,patch_overlay,('patch_overlay', 300, 249, 85, 85)
fake_04492.png,module_corruption,('module_corruption', 6, 14, 10)
fake_04493.png,patch_overlay,('patch_overlay', 285, 223, 84, 84)
fake_04494.png,module_corruption,('module_corruption', 11, 15, 11)
fake_04495.png,patch_overlay,('patch_overlay', 342, 250, 61, 61)
fake_04496.png,patch_overlay,('patch_overlay', 205, 329, 77, 77)
fake_04497.png,patch_overlay,('patch_overlay', 281, 123, 72, 72)
fake_04498.png,patch_overlay,('patch_overlay', 202, 317, 71, 71)
fake_04499.png,patch_overlay,('patch_overlay', 215, 146, 60, 60)
fake_04500.png,module_corruption,('module_corruption', 11, 12, 13)
fake_04501.png,module_corruption,('module_corruption', 23, 20, 11)
fake_04502.png,patch_overlay,('patch_overlay', 232, 48, 57, 57)
fake_04503.png,module_corruption,('module_corruption', 16, 5, 13)
fake_04504.png,module_corruption,('module_corruption', 23, 24, 11)
fake_04505.png,module_corruption,('module_corruption', 14, 3, 11)
fake_04506.png,module_corruption,('module_corruption', 20, 18, 13)
fake_04507.png,patch_overlay,('patch_overlay', 293, 245, 84, 84)
fake_04508.png,module_corruption,('module_corruption', 7, 9, 12)
fake_04509.png,patch_overlay,('patch_overlay', 310, 48, 57, 57)
fake_04510.png,patch_overlay,('patch_overlay', 356, 329, 57, 57)
fake_04511.png,patch_overlay,('patch_overlay', 355, 338, 79, 79)
fake_04512.png,patch_overlay,('patch_overlay', 24, 152, 91, 91)
fake_04513.png,patch_overlay,('patch_overlay', 7, 95, 63, 63)
fake_04514.png,module_corruption,('module_corruption', 22, 14, 13)
fake_04515.png,module_corruption,('module_corruption', 11, 14, 9)
fake_04516.png,patch_overlay,('patch_overlay', 136, 276, 91, 91)
fake_04517.png,patch_overlay,('patch_overlay', 146, 134, 96, 96)
fake_04518.png,patch_overlay,('patch_overlay', 21, 282, 59, 59)
fake_04519.png,patch_overlay,('patch_overlay', 216, 31, 83, 83)
fake_04520.png,module_corruption,('module_corruption', 7, 10, 13)
fake_04521.png,module_corruption,('module_corruption', 21, 12, 12)
fake_04522.png,module_corruption,('module_corruption', 16, 20, 13)
fake_04523.png,patch_overlay,('patch_overlay', 305, 33, 66, 66)
fake_04524.png,patch_overlay,('patch_overlay', 140, 92, 97, 97)
fake_04525.png,module_corruption,('module_corruption', 4, 24, 11)
fake_04526.png,module_corruption,('module_corruption', 7, 13, 11)
fake_04527.png,patch_overlay,('patch_overlay', 225, 12, 59, 59)
fake_04528.png,module_corruption,('module_corruption', 19, 16, 10)
fake_04529.png,module_corruption,('module_corruption', 20, 11, 13)
fake_04530.png,patch_overlay,('patch_overlay', 70, 267, 56, 56)
fake_04531.png,module_corruption,('module_corruption', 20, 1, 11)
fake_04532.png,module_corruption,('module_corruption', 5, 18, 9)
fake_04533.png,module_corruption,('module_corruption', 15, 1, 9)
fake_04534.png,patch_overlay,('patch_overlay', 289, 255, 71, 71)
fake_04535.png,module_corruption,('module_corruption', 22, 2, 13)
fake_04536.png,module_corruption,('module_corruption', 25, 22, 9)
fake_04537.png,patch_overlay,('patch_overlay', 26, 75, 79, 79)
fake_04538.png,patch_overlay,('patch_overlay', 351, 2, 55, 55)
fake_04539.png,patch_overlay,('patch_overlay', 74, 174, 86, 86)
fake_04540.png,module_corruption,('module_corruption', 11, 13, 11)
fake_04541.png,module_corruption,('module_corruption', 11, 4, 12)
fake_04542.png,patch_overlay,('patch_overlay', 13, 19, 69, 69)
fake_04543.png,patch_overlay,('patch_overlay', 290, 288, 72, 72)
fake_04544.png,patch_overlay,('patch_overlay', 56, 163, 81, 81)
fake_04545.png,patch_overlay,('patch_overlay', 310, 142, 83, 83)
fake_04546.png,patch_overlay,('patch_overlay', 178, 192, 74, 74)
fake_04547.png,module_corruption,('module_corruption', 24, 12, 12)
fake_04548.png,patch_overlay,('patch_overlay', 147, 1, 91, 91)
fake_04549.png,patch_overlay,('patch_overlay', 98, 262, 91, 91)
fake_04550.png,module_corruption,('module_corruption', 8, 22, 11)
fake_04551.png,patch_overlay,('patch_overlay', 96, 200, 56, 56)
fake_04552.png,patch_overlay,('patch_overlay', 231, 240, 79, 79)
fake_04553.png,patch_overlay,('patch_overlay', 244, 151, 80, 80)
fake_04554.png,module_corruption,('module_corruption', 12, 14, 11)
fake_04555.png,patch_overlay,('patch_overlay', 14, 25, 60, 60)
fake_04556.png,patch_overlay,('patch_overlay', 335, 166, 86, 86)
fake_04557.png,module_corruption,('module_corruption', 13, 20, 10)
fake_04558.png,module_corruption,('module_corruption', 16, 13, 10)
fake_04559.png,patch_overlay,('patch_overlay', 146, 59, 56, 56)
fake_04560.png,module_corruption,('module_corruption', 9, 6, 10)
fake_04561.png,patch_overlay,('patch_overlay', 204, 286, 93, 93)
fake_04562.png,patch_overlay,('patch_overlay', 174, 309, 84, 84)
fake_04563.png,module_corruption,('module_corruption', 6, 0, 12)
fake_04564.png,patch_overlay,('patch_overlay', 266, 290, 63, 63)
fake_04565.png,module_corruption,('module_corruption', 6, 18, 9)
fake_04566.png,patch_overlay,('patch_overlay', 34, 47, 92, 92)
fake_04567.png,patch_overlay,('patch_overlay', 261, 349, 93, 93)
fake_04568.png,patch_overlay,('patch_overlay', 302, 47, 96, 96)
fake_04569.png,patch_overlay,('patch_overlay', 239, 229, 65, 65)
fake_04570.png,patch_overlay,('patch_overlay', 299, 47, 88, 88)
fake_04571.png,patch_overlay,('patch_overlay', 64, 190, 71, 71)
fake_04572.png,patch_overlay,('patch_overlay', 183, 276, 57, 57)
fake_04573.png,patch_overlay,('patch_overlay', 305, 45, 72, 72)
fake_04574.png,patch_overlay,('patch_overlay', 127, 106, 67, 67)
fake_04575.png,module_corruption,('module_corruption', 15, 10, 12)
fake_04576.png,patch_overlay,('patch_overlay', 365, 61, 73, 73)
fake_04577.png,patch_overlay,('patch_overlay', 224, 149, 96, 96)
fake_04578.png,module_corruption,('module_corruption', 20, 13, 11)
fake_04579.png,patch_overlay,('patch_overlay', 198, 34, 63, 63)
fake_04580.png,patch_overlay,('patch_overlay', 77, 200, 85, 85)
fake_04581.png,patch_overlay,('patch_overlay', 245, 161, 68, 68)
fake_04582.png,module_corruption,('module_corruption', 2, 21, 11)
fake_04583.png,patch_overlay,('patch_overlay', 192, 273, 82, 82)
fake_04584.png,patch_overlay,('patch_overlay', 220, 25, 73, 73)
fake_04585.png,module_corruption,('module_corruption', 9, 2, 10)
fake_04586.png,patch_overlay,('patch_overlay', 194, 39, 91, 91)
fake_04587.png,module_corruption,('module_corruption', 22, 20, 9)
fake_04588.png,patch_overlay,('patch_overlay', 131, 86, 73, 73)
fake_04589.png,module_corruption,('module_corruption', 20, 23, 13)
fake_04590.png,patch_overlay,('patch_overlay', 299, 67, 78, 78)
fake_04591.png,module_corruption,('module_corruption', 19, 0, 13)
fake_04592.png,patch_overlay,('patch_overlay', 298, 31, 88, 88)
fake_04593.png,module_corruption,('module_corruption', 13, 0, 13)
fake_04594.png,module_corruption,('module_corruption', 22, 15, 10)
fake_04595.png,module_corruption,('module_corruption', 2, 23, 13)
fake_04596.png,patch_overlay,('patch_overlay', 312, 361, 74, 74)
fake_04597.png,module_corruption,('module_corruption', 25, 20, 11)
fake_04598.png,module_corruption,('module_corruption', 20, 23, 13)
fake_04599.png,module_corruption,('module_corruption', 14, 19, 9)
fake_04600.png,patch_overlay,('patch_overlay', 27, 57, 80, 80)
fake_04601.png,patch_overlay,('patch_overlay', 138, 103, 60, 60)
fake_04602.png,patch_overlay,('patch_overlay', 347, 187, 86, 86)
fake_04603.png,module_corruption,('module_corruption', 1, 2, 9)
fake_04604.png,module_corruption,('module_corruption', 20, 15, 9)
fake_04605.png,module_corruption,('module_corruption', 24, 16, 12)
fake_04606.png,patch_overlay,('patch_overlay', 12, 105, 98, 98)
fake_04607.png,patch_overlay,('patch_overlay', 180, 307, 68, 68)
fake_04608.png,patch_overlay,('patch_overlay', 311, 261, 86, 86)
fake_04609.png,patch_overlay,('patch_overlay', 107, 158, 72, 72)
fake_04610.png,module_corruption,('module_corruption', 20, 25, 10)
fake_04611.png,patch_overlay,('patch_overlay', 92, 139, 95, 95)
fake_04612.png,patch_overlay,('patch_overlay', 54, 255, 54, 54)
fake_04613.png,module_corruption,('module_corruption', 12, 16, 13)
fake_04614.png,module_corruption,('module_corruption', 6, 15, 11)
fake_04615.png,module_corruption,('module_corruption', 25, 20, 9)
fake_04616.png,patch_overlay,('patch_overlay', 338, 239, 54, 54)
fake_04617.png,patch_overlay,('patch_overlay', 171, 209, 74, 74)
fake_04618.png,patch_overlay,('patch_overlay', 302, 235, 82, 82)
fake_04619.png,module_corruption,('module_corruption', 11, 15, 14)
fake_04620.png,module_corruption,('module_corruption', 5, 20, 11)
fake_04621.png,module_corruption,('module_corruption', 19, 24, 11)
fake_04622.png,module_corruption,('module_corruption', 0, 8, 14)
fake_04623.png,patch_overlay,('patch_overlay', 104, 143, 57, 57)
fake_04624.png,patch_overlay,('patch_overlay', 296, 21, 91, 91)
fake_04625.png,patch_overlay,('patch_overlay', 110, 208, 95, 95)
fake_04626.png,module_corruption,('module_corruption', 3, 20, 13)
fake_04627.png,module_corruption,('module_corruption', 28, 14, 9)
fake_04628.png,module_corruption,('module_corruption', 15, 21, 9)
fake_04629.png,patch_overlay,('patch_overlay', 14, 242, 84, 84)
fake_04630.png,module_corruption,('module_corruption', 9, 5, 13)
fake_04631.png,module_corruption,('module_corruption', 22, 14, 13)
fake_04632.png,patch_overlay,('patch_overlay', 12, 203, 67, 67)
fake_04633.png,patch_overlay,('patch_overlay', 95, 103, 78, 78)
fake_04634.png,patch_overlay,('patch_overlay', 335, 20, 86, 86)
fake_04635.png,patch_overlay,('patch_overlay', 334, 258, 64, 64)
fake_04636.png,patch_overlay,('patch_overlay', 163, 317, 75, 75)
fake_04637.png,patch_overlay,('patch_overlay', 270, 82, 94, 94)
fake_04638.png,module_corruption,('module_corruption', 5, 24, 12)
fake_04639.png,patch_overlay,('patch_overlay', 125, 74, 73, 73)
fake_04640.png,module_corruption,('module_corruption', 17, 1, 12)
fake_04641.png,patch_overlay,('patch_overlay', 3, 266, 76, 76)
fake_04642.png,module_corruption,('module_corruption', 18, 0, 13)
fake_04643.png,patch_overlay,('patch_overlay', 106, 231, 95, 95)
fake_04644.png,patch_overlay,('patch_overlay', 117, 166, 69, 69)
fake_04645.png,module_corruption,('module_corruption', 16, 13, 13)
fake_04646.png,patch_overlay,('patch_overlay', 125, 195, 65, 65)
fake_04647.png,patch_overlay,('patch_overlay', 265, 142, 79, 79)
fake_04648.png,patch_overlay,('patch_overlay', 250, 240, 97, 97)
fake_04649.png,module_corruption,('module_corruption', 12, 26, 10)
fake_04650.png,module_corruption,('module_corruption', 9, 11, 10)
fake_04651.png,module_corruption,('module_corruption', 2, 0, 12)
fake_04652.png,module_corruption,('module_corruption', 12, 11, 9)
fake_04653.png,module_corruption,('module_corruption', 14, 18, 10)
fake_04654.png,module_corruption,('module_corruption', 7, 16, 10)
fake_04655.png,patch_overlay,('patch_overlay', 53, 102, 54, 54)
fake_04656.png,module_corruption,('module_corruption', 15, 24, 9)
fake_04657.png,patch_overlay,('patch_overlay', 162, 377, 55, 55)
fake_04658.png,module_corruption,('module_corruption', 10, 18, 12)
fake_04659.png,patch_overlay,('patch_overlay', 87, 44, 98, 98)
fake_04660.png,patch_overlay,('patch_overlay', 211, 73, 59, 59)
fake_04661.png,module_corruption,('module_corruption', 18, 24, 11)
fake_04662.png,patch_overlay,('patch_overlay', 57, 201, 86, 86)
fake_04663.png,module_corruption,('module_corruption', 1, 10, 13)
fake_04664.png,module_corruption,('module_corruption', 4, 12, 10)
fake_04665.png,patch_overlay,('patch_overlay', 135, 59, 90, 90)
fake_04666.png,module_corruption,('module_corruption', 8, 7, 12)
fake_04667.png,patch_overlay,('patch_overlay', 190, 65, 63, 63)
fake_04668.png,patch_overlay,('patch_overlay', 282, 210, 86, 86)
fake_04669.png,patch_overlay,('patch_overlay', 337, 45, 80, 80)
fake_04670.png,module_corruption,('module_corruption', 11, 19, 13)
fake_04671.png,patch_overlay,('patch_overlay', 312, 247, 59, 59)
fake_04672.png,patch_overlay,('patch_overlay', 225, 17, 59, 59)
fake_04673.png,module_corruption,('module_corruption', 13, 2, 9)
fake_04674.png,module_corruption,('module_corruption', 1, 1, 13)
fake_04675.png,module_corruption,('module_corruption', 16, 4, 12)
fake_04676.png,patch_overlay,('patch_overlay', 319, 31, 91, 91)
fake_04677.png,patch_overlay,('patch_overlay', 25, 353, 66, 66)
fake_04678.png,module_corruption,('module_corruption', 1, 13, 12)
fake_04679.png,module_corruption,('module_corruption', 21, 22, 13)
fake_04680.png,patch_overlay,('patch_overlay', 15, 73, 73, 73)
fake_04681.png,patch_overlay,('patch_overlay', 251, 178, 76, 76)
fake_04682.png,patch_overlay,('patch_overlay', 339, 329, 95, 95)
fake_04683.png,module_corruption,('module_corruption', 6, 4, 9)
fake_04684.png,module_corruption,('module_corruption', 11, 4, 13)
fake_04685.png,module_corruption,('module_corruption', 3, 24, 11)
fake_04686.png,module_corruption,('module_corruption', 6, 13, 10)
fake_04687.png,patch_overlay,('patch_overlay', 331, 244, 91, 91)
fake_04688.png,module_corruption,('module_corruption', 4, 4, 10)
fake_04689.png,module_corruption,('module_corruption', 16, 7, 11)
fake_04690.png,module_corruption,('module_corruption', 7, 15, 9)
fake_04691.png,patch_overlay,('patch_overlay', 187, 309, 66, 66)
fake_04692.png,module_corruption,('module_corruption', 20, 22, 13)
fake_04693.png,module_corruption,('module_corruption', 0, 22, 13)
fake_04694.png,patch_overlay,('patch_overlay', 209, 353, 93, 93)
fake_04695.png,module_corruption,('module_corruption', 7, 14, 14)
fake_04696.png,patch_overlay,('patch_overlay', 159, 310, 91, 91)
fake_04697.png,patch_overlay,('patch_overlay', 300, 142, 74, 74)
fake_04698.png,module_corruption,('module_corruption', 17, 20, 11)
fake_04699.png,patch_overlay,('patch_overlay', 361, 12, 87, 87)
fake_04700.png,module_corruption,('module_corruption', 22, 22, 13)
fake_04701.png,module_corruption,('module_corruption', 0, 10, 9)
fake_04702.png,patch_overlay,('patch_overlay', 225, 260, 86, 86)
fake_04703.png,patch_overlay,('patch_overlay', 309, 5, 91, 91)
fake_04704.png,module_corruption,('module_corruption', 18, 11, 11)
fake_04705.png,patch_overlay,('patch_overlay', 117, 14, 87, 87)
fake_04706.png,module_corruption,('module_corruption', 0, 26, 11)
fake_04707.png,patch_overlay,('patch_overlay', 35, 60, 86, 86)
fake_04708.png,module_corruption,('module_corruption', 22, 11, 14)
fake_04709.png,module_corruption,('module_corruption', 14, 9, 10)
fake_04710.png,module_corruption,('module_corruption', 13, 23, 10)
fake_04711.png,patch_overlay,('patch_overlay', 231, 320, 93, 93)
fake_04712.png,module_corruption,('module_corruption', 9, 6, 13)
fake_04713.png,patch_overlay,('patch_overlay', 337, 218, 65, 65)
fake_04714.png,patch_overlay,('patch_overlay', 114, 48, 74, 74)
fake_04715.png,patch_overlay,('patch_overlay', 223, 288, 68, 68)
fake_04716.png,patch_overlay,('patch_overlay', 232, 241, 85, 85)
fake_04717.png,patch_overlay,('patch_overlay', 155, 189, 59, 59)
fake_04718.png,patch_overlay,('patch_overlay', 197, 168, 98, 98)
fake_04719.png,module_corruption,('module_corruption', 1, 10, 11)
fake_04720.png,patch_overlay,('patch_overlay', 277, 356, 87, 87)
fake_04721.png,patch_overlay,('patch_overlay', 300, 380, 69, 69)
fake_04722.png,patch_overlay,('patch_overlay', 368, 318, 76, 76)
fake_04723.png,module_corruption,('module_corruption', 12, 6, 12)
fake_04724.png,patch_overlay,('patch_overlay', 173, 215, 74, 74)
fake_04725.png,patch_overlay,('patch_overlay', 339, 33, 71, 71)
fake_04726.png,module_corruption,('module_corruption', 16, 4, 11)
fake_04727.png,module_corruption,('module_corruption', 8, 7, 9)
fake_04728.png,patch_overlay,('patch_overlay', 147, 260, 62, 62)
fake_04729.png,module_corruption,('module_corruption', 19, 19, 13)
fake_04730.png,patch_overlay,('patch_overlay', 134, 47, 73, 73)
fake_04731.png,patch_overlay,('patch_overlay', 137, 172, 59, 59)
fake_04732.png,module_corruption,('module_corruption', 2, 9, 10)
fake_04733.png,patch_overlay,('patch_overlay', 300, 165, 54, 54)
fake_04734.png,module_corruption,('module_corruption', 24, 1, 10)
fake_04735.png,patch_overlay,('patch_overlay', 298, 64, 54, 54)
fake_04736.png,module_corruption,('module_corruption', 22, 3, 13)
fake_04737.png,module_corruption,('module_corruption', 12, 9, 12)
fake_04738.png,module_corruption,('module_corruption', 4, 13, 12)
fake_04739.png,patch_overlay,('patch_overlay', 63, 338, 91, 91)
fake_04740.png,module_corruption,('module_corruption', 11, 24, 9)
fake_04741.png,module_corruption,('module_corruption', 3, 20, 10)
fake_04742.png,module_corruption,('module_corruption', 24, 22, 13)
fake_04743.png,module_corruption,('module_corruption', 21, 25, 12)
fake_04744.png,module_corruption,('module_corruption', 16, 24, 9)
fake_04745.png,patch_overlay,('patch_overlay', 158, 251, 59, 59)
fake_04746.png,patch_overlay,('patch_overlay', 178, 255, 85, 85)
fake_04747.png,patch_overlay,('patch_overlay', 154, 58, 65, 65)
fake_04748.png,patch_overlay,('patch_overlay', 222, 100, 71, 71)
fake_04749.png,patch_overlay,('patch_overlay', 302, 270, 66, 66)
fake_04750.png,patch_overlay,('patch_overlay', 243, 99, 76, 76)
fake_04751.png,patch_overlay,('patch_overlay', 196, 177, 81, 81)
fake_04752.png,module_corruption,('module_corruption', 8, 2, 13)
fake_04753.png,patch_overlay,('patch_overlay', 252, 314, 80, 80)
fake_04754.png,patch_overlay,('patch_overlay', 135, 17, 57, 57)
fake_04755.png,patch_overlay,('patch_overlay', 187, 29, 65, 65)
fake_04756.png,patch_overlay,('patch_overlay', 103, 183, 61, 61)
fake_04757.png,patch_overlay,('patch_overlay', 96, 140, 88, 88)
fake_04758.png,module_corruption,('module_corruption', 14, 9, 14)
fake_04759.png,patch_overlay,('patch_overlay', 154, 264, 78, 78)
fake_04760.png,patch_overlay,('patch_overlay', 251, 23, 84, 84)
fake_04761.png,module_corruption,('module_corruption', 9, 27, 10)
fake_04762.png,patch_overlay,('patch_overlay', 128, 217, 84, 84)
fake_04763.png,patch_overlay,('patch_overlay', 78, 120, 79, 79)
fake_04764.png,patch_overlay,('patch_overlay', 219, 73, 95, 95)
fake_04765.png,patch_overlay,('patch_overlay', 37, 44, 80, 80)
fake_04766.png,module_corruption,('module_corruption', 17, 21, 12)
fake_04767.png,module_corruption,('module_corruption', 14, 3, 10)
fake_04768.png,module_corruption,('module_corruption', 6, 2, 10)
fake_04769.png,patch_overlay,('patch_overlay', 282, 287, 97, 97)
fake_04770.png,patch_overlay,('patch_overlay', 97, 27, 60, 60)
fake_04771.png,module_corruption,('module_corruption', 1, 20, 12)
fake_04772.png,module_corruption,('module_corruption', 17, 13, 13)
fake_04773.png,module_corruption,('module_corruption', 16, 12, 9)
fake_04774.png,module_corruption,('module_corruption', 12, 21, 12)
fake_04775.png,patch_overlay,('patch_overlay', 285, 48, 84, 84)
fake_04776.png,patch_overlay,('patch_overlay', 185, 243, 56, 56)
fake_04777.png,patch_overlay,('patch_overlay', 128, 58, 96, 96)
fake_04778.png,patch_overlay,('patch_overlay', 4, 138, 71, 71)
fake_04779.png,module_corruption,('module_corruption', 20, 23, 11)
fake_04780.png,module_corruption,('module_corruption', 1, 11, 10)
fake_04781.png,module_corruption,('module_corruption', 12, 0, 10)
fake_04782.png,patch_overlay,('patch_overlay', 231, 28, 96, 96)
fake_04783.png,module_corruption,('module_corruption', 12, 20, 11)
fake_04784.png,patch_overlay,('patch_overlay', 185, 260, 88, 88)
fake_04785.png,patch_overlay,('patch_overlay', 14, 160, 70, 70)
fake_04786.png,patch_overlay,('patch_overlay', 48, 124, 93, 93)
fake_04787.png,module_corruption,('module_corruption', 18, 10, 12)
fake_04788.png,module_corruption,('module_corruption', 4, 19, 12)
fake_04789.png,module_corruption,('module_corruption', 12, 22, 12)
fake_04790.png,module_corruption,('module_corruption', 7, 10, 10)
fake_04791.png,module_corruption,('module_corruption', 19, 3, 13)
fake_04792.png,patch_overlay,('patch_overlay', 4, 132, 90, 90)
fake_04793.png,module_corruption,('module_corruption', 24, 11, 9)
fake_04794.png,patch_overlay,('patch_overlay', 182, 137, 82, 82)
fake_04795.png,module_corruption,('module_corruption', 13, 1, 11)
fake_04796.png,module_corruption,('module_corruption', 18, 4, 13)
fake_04797.png,patch_overlay,('patch_overlay', 140, 156, 90, 90)
fake_04798.png,patch_overlay,('patch_overlay', 348, 253, 62, 62)
fake_04799.png,patch_overlay,('patch_overlay', 296, 367, 81, 81)
fake_04800.png,module_corruption,('module_corruption', 13, 16, 13)
fake_04801.png,patch_overlay,('patch_overlay', 136, 39, 70, 70)
fake_04802.png,module_corruption,('module_corruption', 0, 27, 10)
fake_04803.png,patch_overlay,('patch_overlay', 97, 302, 67, 67)
fake_04804.png,patch_overlay,('patch_overlay', 82, 126, 56, 56)
fake_04805.png,module_corruption,('module_corruption', 17, 19, 9)
fake_04806.png,patch_overlay,('patch_overlay', 343, 9, 54, 54)
fake_04807.png,module_corruption,('module_corruption', 1, 15, 12)
fake_04808.png,patch_overlay,('patch_overlay', 121, 277, 72, 72)
fake_04809.png,module_corruption,('module_corruption', 16, 20, 13)
fake_04810.png,module_corruption,('module_corruption', 13, 23, 11)
fake_04811.png,patch_overlay,('patch_overlay', 9, 49, 98, 98)
fake_04812.png,module_corruption,('module_corruption', 21, 24, 12)
fake_04813.png,module_corruption,('module_corruption', 2, 8, 10)
fake_04814.png,patch_overlay,('patch_overlay', 7, 119, 77, 77)
fake_04815.png,module_corruption,('module_corruption', 17, 18, 12)
fake_04816.png,patch_overlay,('patch_overlay', 147, 13, 58, 58)
fake_04817.png,module_corruption,('module_corruption', 7, 3, 11)
fake_04818.png,module_corruption,('module_corruption', 0, 13, 14)
fake_04819.png,module_corruption,('module_corruption', 17, 21, 9)
fake_04820.png,module_corruption,('module_corruption', 21, 4, 13)
fake_04821.png,patch_overlay,('patch_overlay', 272, 99, 64, 64)
fake_04822.png,module_corruption,('module_corruption', 23, 21, 14)
fake_04823.png,module_corruption,('module_corruption', 9, 10, 14)
fake_04824.png,module_corruption,('module_corruption', 3, 7, 13)
fake_04825.png,patch_overlay,('patch_overlay', 151, 300, 93, 93)
fake_04826.png,patch_overlay,('patch_overlay', 79, 82, 60, 60)
fake_04827.png,patch_overlay,('patch_overlay', 10, 171, 97, 97)
fake_04828.png,module_corruption,('module_corruption', 0, 16, 10)
fake_04829.png,module_corruption,('module_corruption', 5, 18, 12)
fake_04830.png,patch_overlay,('patch_overlay', 149, 0, 60, 60)
fake_04831.png,module_corruption,('module_corruption', 1, 21, 12)
fake_04832.png,patch_overlay,('patch_overlay', 336, 383, 57, 57)
fake_04833.png,module_corruption,('module_corruption', 4, 12, 12)
fake_04834.png,module_corruption,('module_corruption', 3, 16, 11)
fake_04835.png,module_corruption,('module_corruption', 21, 25, 11)
fake_04836.png,module_corruption,('module_corruption', 15, 3, 14)
fake_04837.png,patch_overlay,('patch_overlay', 1, 298, 58, 58)
fake_04838.png,patch_overlay,('patch_overlay', 337, 260, 56, 56)
fake_04839.png,patch_overlay,('patch_overlay', 58, 36, 61, 61)
fake_04840.png,module_corruption,('module_corruption', 26, 12, 9)
fake_04841.png,module_corruption,('module_corruption', 10, 17, 14)
fake_04842.png,module_corruption,('module_corruption', 6, 21, 13)
fake_04843.png,patch_overlay,('patch_overlay', 93, 249, 87, 87)
fake_04844.png,patch_overlay,('patch_overlay', 197, 331, 65, 65)
fake_04845.png,patch_overlay,('patch_overlay', 339, 312, 87, 87)
fake_04846.png,module_corruption,('module_corruption', 21, 22, 12)
fake_04847.png,module_corruption,('module_corruption', 20, 11, 13)
fake_04848.png,module_corruption,('module_corruption', 11, 15, 10)
fake_04849.png,patch_overlay,('patch_overlay', 276, 139, 90, 90)
fake_04850.png,patch_overlay,('patch_overlay', 300, 356, 54, 54)
fake_04851.png,module_corruption,('module_corruption', 14, 16, 13)
fake_04852.png,module_corruption,('module_corruption', 15, 24, 12)
fake_04853.png,module_corruption,('module_corruption', 6, 3, 14)
fake_04854.png,module_corruption,('module_corruption', 21, 13, 11)
fake_04855.png,patch_overlay,('patch_overlay', 109, 283, 57, 57)
fake_04856.png,patch_overlay,('patch_overlay', 36, 342, 58, 58)
fake_04857.png,patch_overlay,('patch_overlay', 276, 209, 82, 82)
fake_04858.png,patch_overlay,('patch_overlay', 352, 365, 60, 60)
fake_04859.png,patch_overlay,('patch_overlay', 284, 358, 66, 66)
fake_04860.png,module_corruption,('module_corruption', 25, 15, 10)
fake_04861.png,module_corruption,('module_corruption', 24, 8, 10)
fake_04862.png,patch_overlay,('patch_overlay', 287, 240, 57, 57)
fake_04863.png,patch_overlay,('patch_overlay', 150, 43, 87, 87)
fake_04864.png,module_corruption,('module_corruption', 19, 17, 10)
fake_04865.png,module_corruption,('module_corruption', 3, 2, 12)
fake_04866.png,patch_overlay,('patch_overlay', 216, 68, 89, 89)
fake_04867.png,patch_overlay,('patch_overlay', 296, 353, 86, 86)
fake_04868.png,patch_overlay,('patch_overlay', 338, 314, 55, 55)
fake_04869.png,module_corruption,('module_corruption', 19, 9, 10)
fake_04870.png,module_corruption,('module_corruption', 14, 11, 9)
fake_04871.png,patch_overlay,('patch_overlay', 314, 143, 97, 97)
fake_04872.png,module_corruption,('module_corruption', 6, 6, 11)
fake_04873.png,patch_overlay,('patch_overlay', 33, 362, 79, 79)
fake_04874.png,module_corruption,('module_corruption', 8, 25, 10)
fake_04875.png,patch_overlay,('patch_overlay', 318, 351, 84, 84)
fake_04876.png,module_corruption,('module_corruption', 12, 18, 10)
fake_04877.png,patch_overlay,('patch_overlay', 176, 143, 56, 56)
fake_04878.png,patch_overlay,('patch_overlay', 199, 294, 85, 85)
fake_04879.png,patch_overlay,('patch_overlay', 111, 177, 93, 93)
fake_04880.png,patch_overlay,('patch_overlay', 139, 206, 75, 75)
fake_04881.png,patch_overlay,('patch_overlay', 261, 128, 61, 61)
fake_04882.png,patch_overlay,('patch_overlay', 216, 115, 72, 72)
fake_04883.png,patch_overlay,('patch_overlay', 218, 111, 57, 57)
fake_04884.png,module_corruption,('module_corruption', 20, 10, 11)
fake_04885.png,module_corruption,('module_corruption', 5, 4, 9)
fake_04886.png,patch_overlay,('patch_overlay', 120, 97, 73, 73)
fake_04887.png,module_corruption,('module_corruption', 9, 12, 10)
fake_04888.png,module_corruption,('module_corruption', 7, 1, 9)
fake_04889.png,module_corruption,('module_corruption', 9, 2, 13)
fake_04890.png,module_corruption,('module_corruption', 3, 17, 13)
fake_04891.png,patch_overlay,('patch_overlay', 359, 238, 65, 65)
fake_04892.png,module_corruption,('module_corruption', 22, 7, 12)
fake_04893.png,patch_overlay,('patch_overlay', 219, 16, 80, 80)
fake_04894.png,module_corruption,('module_corruption', 6, 23, 13)
fake_04895.png,patch_overlay,('patch_overlay', 298, 90, 95, 95)
fake_04896.png,module_corruption,('module_corruption', 1, 5, 9)
fake_04897.png,patch_overlay,('patch_overlay', 381, 30, 63, 63)
fake_04898.png,patch_overlay,('patch_overlay', 350, 3, 77, 77)
fake_04899.png,module_corruption,('module_corruption', 1, 3, 13)
fake_04900.png,patch_overlay,('patch_overlay', 119, 310, 60, 60)
fake_04901.png,patch_overlay,('patch_overlay', 117, 69, 86, 86)
fake_04902.png,module_corruption,('module_corruption', 28, 24, 9)
fake_04903.png,patch_overlay,('patch_overlay', 54, 222, 85, 85)
fake_04904.png,module_corruption,('module_corruption', 28, 24, 9)
fake_04905.png,module_corruption,('module_corruption', 26, 6, 9)
fake_04906.png,patch_overlay,('patch_overlay', 219, 309, 58, 58)
fake_04907.png,module_corruption,('module_corruption', 0, 16, 12)
fake_04908.png,patch_overlay,('patch_overlay', 298, 98, 94, 94)
fake_04909.png,module_corruption,('module_corruption', 15, 12, 11)
fake_04910.png,module_corruption,('module_corruption', 2, 24, 13)
fake_04911.png,module_corruption,('module_corruption', 21, 22, 13)
fake_04912.png,patch_overlay,('patch_overlay', 268, 47, 77, 77)
fake_04913.png,module_corruption,('module_corruption', 22, 2, 12)
fake_04914.png,patch_overlay,('patch_overlay', 53, 320, 94, 94)
fake_04915.png,module_corruption,('module_corruption', 3, 0, 12)
fake_04916.png,module_corruption,('module_corruption', 3, 26, 11)
fake_04917.png,patch_overlay,('patch_overlay', 297, 87, 64, 64)
fake_04918.png,module_corruption,('module_corruption', 9, 22, 11)
fake_04919.png,patch_overlay,('patch_overlay', 372, 109, 63, 63)
fake_04920.png,module_corruption,('module_corruption', 7, 8, 9)
fake_04921.png,module_corruption,('module_corruption', 8, 18, 10)
fake_04922.png,patch_overlay,('patch_overlay', 71, 266, 59, 59)
fake_04923.png,module_corruption,('module_corruption', 2, 22, 12)
fake_04924.png,module_corruption,('module_corruption', 9, 25, 12)
fake_04925.png,module_corruption,('module_corruption', 5, 4, 9)
fake_04926.png,module_corruption,('module_corruption', 22, 15, 12)
fake_04927.png,patch_overlay,('patch_overlay', 81, 110, 63, 63)
fake_04928.png,patch_overlay,('patch_overlay', 101, 197, 89, 89)
fake_04929.png,patch_overlay,('patch_overlay', 91, 79, 77, 77)
fake_04930.png,module_corruption,('module_corruption', 12, 3, 10)
fake_04931.png,module_corruption,('module_corruption', 16, 2, 13)
fake_04932.png,module_corruption,('module_corruption', 22, 4, 9)
fake_04933.png,patch_overlay,('patch_overlay', 122, 296, 96, 96)
fake_04934.png,patch_overlay,('patch_overlay', 109, 190, 78, 78)
fake_04935.png,module_corruption,('module_corruption', 15, 13, 10)
fake_04936.png,patch_overlay,('patch_overlay', 237, 353, 82, 82)
fake_04937.png,patch_overlay,('patch_overlay', 315, 160, 76, 76)
fake_04938.png,patch_overlay,('patch_overlay', 8, 366, 81, 81)
fake_04939.png,module_corruption,('module_corruption', 3, 22, 13)
fake_04940.png,patch_overlay,('patch_overlay', 334, 163, 97, 97)
fake_04941.png,patch_overlay,('patch_overlay', 43, 204, 88, 88)
fake_04942.png,module_corruption,('module_corruption', 2, 14, 12)
fake_04943.png,module_corruption,('module_corruption', 14, 3, 11)
fake_04944.png,module_corruption,('module_corruption', 19, 3, 10)
fake_04945.png,module_corruption,('module_corruption', 22, 1, 10)
fake_04946.png,module_corruption,('module_corruption', 22, 23, 13)
fake_04947.png,patch_overlay,('patch_overlay', 58, 271, 83, 83)
fake_04948.png,module_corruption,('module_corruption', 6, 15, 10)
fake_04949.png,module_corruption,('module_corruption', 24, 2, 12)
fake_04950.png,patch_overlay,('patch_overlay', 6, 25, 97, 97)
fake_04951.png,patch_overlay,('patch_overlay', 28, 281, 95, 95)
fake_04952.png,patch_overlay,('patch_overlay', 224, 233, 84, 84)
fake_04953.png,module_corruption,('module_corruption', 7, 1, 13)
fake_04954.png,module_corruption,('module_corruption', 11, 6, 13)
fake_04955.png,patch_overlay,('patch_overlay', 346, 391, 59, 59)
fake_04956.png,patch_overlay,('patch_overlay', 267, 114, 98, 98)
fake_04957.png,patch_overlay,('patch_overlay', 81, 99, 90, 90)
fake_04958.png,module_corruption,('module_corruption', 11, 8, 14)
fake_04959.png,patch_overlay,('patch_overlay', 289, 287, 98, 98)
fake_04960.png,patch_overlay,('patch_overlay', 132, 111, 95, 95)
fake_04961.png,module_corruption,('module_corruption', 15, 5, 9)
fake_04962.png,patch_overlay,('patch_overlay', 145, 324, 63, 63)
fake_04963.png,patch_overlay,('patch_overlay', 90, 260, 81, 81)
fake_04964.png,module_corruption,('module_corruption', 9, 8, 11)
fake_04965.png,module_corruption,('module_corruption', 24, 27, 10)
fake_04966.png,patch_overlay,('patch_overlay', 15, 334, 82, 82)
fake_04967.png,module_corruption,('module_corruption', 1, 21, 12)
fake_04968.png,module_corruption,('module_corruption', 23, 10, 11)
fake_04969.png,patch_overlay,('patch_overlay', 16, 272, 89, 89)
fake_04970.png,module_corruption,('module_corruption', 15, 3, 12)
fake_04971.png,module_corruption,('module_corruption', 23, 20, 14)
fake_04972.png,module_corruption,('module_corruption', 22, 17, 9)
fake_04973.png,patch_overlay,('patch_overlay', 14, 106, 85, 85)
fake_04974.png,module_corruption,('module_corruption', 14, 16, 9)
fake_04975.png,patch_overlay,('patch_overlay', 220, 147, 83, 83)
fake_04976.png,patch_overlay,('patch_overlay', 341, 119, 90, 90)
fake_04977.png,module_corruption,('module_corruption', 3, 3, 10)
fake_04978.png,patch_overlay,('patch_overlay', 249, 252, 59, 59)
fake_04979.png,module_corruption,('module_corruption', 19, 12, 9)
fake_04980.png,module_corruption,('module_corruption', 19, 4, 11)
fake_04981.png,patch_overlay,('patch_overlay', 294, 32, 86, 86)
fake_04982.png,patch_overlay,('patch_overlay', 95, 242, 73, 73)
fake_04983.png,patch_overlay,('patch_overlay', 49, 23, 98, 98)
fake_04984.png,patch_overlay,('patch_overlay', 170, 95, 80, 80)
fake_04985.png,patch_overlay,('patch_overlay', 341, 250, 80, 80)
fake_04986.png,patch_overlay,('patch_overlay', 2, 241, 63, 63)
fake_04987.png,module_corruption,('module_corruption', 11, 13, 12)
fake_04988.png,module_corruption,('module_corruption', 17, 7, 13)
fake_04989.png,patch_overlay,('patch_overlay', 304, 190, 59, 59)
fake_04990.png,patch_overlay,('patch_overlay', 208, 123, 74, 74)
fake_04991.png,patch_overlay,('patch_overlay', 72, 115, 97, 97)
fake_04992.png,patch_overlay,('patch_overlay', 97, 65, 58, 58)
fake_04993.png,patch_overlay,('patch_overlay', 276, 262, 76, 76)
fake_04994.png,module_corruption,('module_corruption', 22, 4, 13)
fake_04995.png,patch_overlay,('patch_overlay', 165, 365, 78, 78)
fake_04996.png,module_corruption,('module_corruption', 10, 18, 11)
fake_04997.png,patch_overlay,('patch_overlay', 27, 151, 56, 56)
fake_04998.png,module_corruption,('module_corruption', 10, 18, 13)
fake_04999.png,module_corruption,('module_corruption', 11, 21, 13)
fake_05000.png,patch_overlay,('patch_overlay', 223, 188, 98, 98)
fake_05001.png,patch_overlay,('patch_overlay', 271, 96, 67, 67)
fake_05002.png,module_corruption,('module_corruption', 0, 26, 11)
fake_05003.png,module_corruption,('module_corruption', 24, 13, 10)
fake_05004.png,patch_overlay,('patch_overlay', 133, 292, 63, 63)
fake_05005.png,module_corruption,('module_corruption', 15, 14, 12)
fake_05006.png,module_corruption,('module_corruption', 4, 25, 11)
fake_05007.png,module_corruption,('module_corruption', 24, 3, 10)
fake_05008.png,patch_overlay,('patch_overlay', 238, 161, 97, 97)
fake_05009.png,patch_overlay,('patch_overlay', 220, 211, 91, 91)
fake_05010.png,patch_overlay,('patch_overlay', 323, 195, 78, 78)
fake_05011.png,module_corruption,('module_corruption', 13, 5, 14)
fake_05012.png,module_corruption,('module_corruption', 14, 10, 12)
fake_05013.png,module_corruption,('module_corruption', 25, 17, 9)
fake_05014.png,patch_overlay,('patch_overlay', 10, 153, 96, 96)
fake_05015.png,patch_overlay,('patch_overlay', 7, 224, 56, 56)
fake_05016.png,patch_overlay,('patch_overlay', 213, 270, 81, 81)
fake_05017.png,module_corruption,('module_corruption', 8, 22, 10)
fake_05018.png,patch_overlay,('patch_overlay', 133, 5, 62, 62)
fake_05019.png,patch_overlay,('patch_overlay', 196, 115, 95, 95)
fake_05020.png,patch_overlay,('patch_overlay', 232, 46, 77, 77)
fake_05021.png,module_corruption,('module_corruption', 17, 14, 10)
fake_05022.png,patch_overlay,('patch_overlay', 326, 59, 57, 57)
fake_05023.png,patch_overlay,('patch_overlay', 105, 305, 70, 70)
fake_05024.png,module_corruption,('module_corruption', 21, 6, 11)
fake_05025.png,patch_overlay,('patch_overlay', 188, 153, 74, 74)
fake_05026.png,module_corruption,('module_corruption', 24, 23, 9)
fake_05027.png,patch_overlay,('patch_overlay', 127, 282, 59, 59)
fake_05028.png,patch_overlay,('patch_overlay', 100, 35, 83, 83)
fake_05029.png,module_corruption,('module_corruption', 10, 15, 13)
fake_05030.png,module_corruption,('module_corruption', 24, 13, 12)
fake_05031.png,module_corruption,('module_corruption', 0, 10, 14)
fake_05032.png,patch_overlay,('patch_overlay', 344, 361, 68, 68)
fake_05033.png,module_corruption,('module_corruption', 17, 16, 11)
fake_05034.png,module_corruption,('module_corruption', 0, 19, 12)
fake_05035.png,patch_overlay,('patch_overlay', 278, 357, 78, 78)
fake_05036.png,module_corruption,('module_corruption', 12, 9, 13)
fake_05037.png,patch_overlay,('patch_overlay', 266, 233, 87, 87)
fake_05038.png,patch_overlay,('patch_overlay', 287, 161, 56, 56)
fake_05039.png,patch_overlay,('patch_overlay', 7, 210, 82, 82)
fake_05040.png,module_corruption,('module_corruption', 25, 12, 10)
fake_05041.png,module_corruption,('module_corruption', 21, 15, 14)
fake_05042.png,patch_overlay,('patch_overlay', 380, 270, 64, 64)
fake_05043.png,module_corruption,('module_corruption', 24, 2, 10)
fake_05044.png,module_corruption,('module_corruption', 26, 25, 11)
fake_05045.png,patch_overlay,('patch_overlay', 45, 290, 63, 63)
fake_05046.png,module_corruption,('module_corruption', 10, 5, 14)
fake_05047.png,patch_overlay,('patch_overlay', 189, 199, 96, 96)
fake_05048.png,patch_overlay,('patch_overlay', 6, 322, 63, 63)
fake_05049.png,patch_overlay,('patch_overlay', 246, 309, 63, 63)
fake_05050.png,patch_overlay,('patch_overlay', 214, 142, 59, 59)
fake_05051.png,module_corruption,('module_corruption', 7, 22, 11)
fake_05052.png,patch_overlay,('patch_overlay', 183, 228, 70, 70)
fake_05053.png,module_corruption,('module_corruption', 18, 13, 12)
fake_05054.png,module_corruption,('module_corruption', 5, 17, 13)
fake_05055.png,module_corruption,('module_corruption', 10, 22, 13)
fake_05056.png,patch_overlay,('patch_overlay', 26, 18, 69, 69)
fake_05057.png,module_corruption,('module_corruption', 12, 9, 10)
fake_05058.png,module_corruption,('module_corruption', 1, 15, 10)
fake_05059.png,patch_overlay,('patch_overlay', 85, 300, 97, 97)
fake_05060.png,module_corruption,('module_corruption', 7, 17, 14)
fake_05061.png,patch_overlay,('patch_overlay', 223, 242, 89, 89)
fake_05062.png,patch_overlay,('patch_overlay', 278, 135, 69, 69)
fake_05063.png,module_corruption,('module_corruption', 0, 25, 12)
fake_05064.png,patch_overlay,('patch_overlay', 335, 127, 90, 90)
fake_05065.png,patch_overlay,('patch_overlay', 123, 273, 89, 89)
fake_05066.png,patch_overlay,('patch_overlay', 341, 186, 93, 93)
fake_05067.png,patch_overlay,('patch_overlay', 44, 303, 59, 59)
fake_05068.png,module_corruption,('module_corruption', 22, 3, 11)
fake_05069.png,patch_overlay,('patch_overlay', 308, 318, 65, 65)
fake_05070.png,patch_overlay,('patch_overlay', 366, 251, 78, 78)
fake_05071.png,module_corruption,('module_corruption', 1, 10, 13)
fake_05072.png,patch_overlay,('patch_overlay', 235, 177, 79, 79)
fake_05073.png,patch_overlay,('patch_overlay', 357, 147, 58, 58)
fake_05074.png,patch_overlay,('patch_overlay', 77, 224, 98, 98)
fake_05075.png,module_corruption,('module_corruption', 0, 20, 12)
fake_05076.png,module_corruption,('module_corruption', 16, 21, 13)
fake_05077.png,patch_overlay,('patch_overlay', 108, 128, 93, 93)
fake_05078.png,module_corruption,('module_corruption', 19, 4, 14)
fake_05079.png,patch_overlay,('patch_overlay', 83, 277, 86, 86)
fake_05080.png,module_corruption,('module_corruption', 15, 22, 9)
fake_05081.png,patch_overlay,('patch_overlay', 108, 157, 90, 90)
fake_05082.png,patch_overlay,('patch_overlay', 349, 285, 82, 82)
fake_05083.png,patch_overlay,('patch_overlay', 149, 9, 68, 68)
fake_05084.png,patch_overlay,('patch_overlay', 93, 326, 96, 96)
fake_05085.png,patch_overlay,('patch_overlay', 81, 231, 86, 86)
fake_05086.png,patch_overlay,('patch_overlay', 9, 198, 72, 72)
fake_05087.png,module_corruption,('module_corruption', 26, 20, 10)
fake_05088.png,module_corruption,('module_corruption', 7, 5, 10)
fake_05089.png,patch_overlay,('patch_overlay', 59, 83, 83, 83)
fake_05090.png,module_corruption,('module_corruption', 14, 17, 12)
fake_05091.png,patch_overlay,('patch_overlay', 45, 157, 94, 94)
fake_05092.png,module_corruption,('module_corruption', 2, 7, 10)
fake_05093.png,module_corruption,('module_corruption', 23, 22, 12)
fake_05094.png,patch_overlay,('patch_overlay', 363, 262, 62, 62)
fake_05095.png,module_corruption,('module_corruption', 7, 10, 9)
fake_05096.png,module_corruption,('module_corruption', 20, 23, 12)
fake_05097.png,patch_overlay,('patch_overlay', 111, 216, 65, 65)
fake_05098.png,patch_overlay,('patch_overlay', 121, 102, 94, 94)
fake_05099.png,module_corruption,('module_corruption', 1, 13, 10)
fake_05100.png,module_corruption,('module_corruption', 24, 11, 10)
fake_05101.png,patch_overlay,('patch_overlay', 138, 180, 97, 97)
fake_05102.png,module_corruption,('module_corruption', 7, 16, 13)
fake_05103.png,patch_overlay,('patch_overlay', 32, 113, 72, 72)
fake_05104.png,module_corruption,('module_corruption', 10, 22, 12)
fake_05105.png,module_corruption,('module_corruption', 18, 5, 10)
fake_05106.png,module_corruption,('module_corruption', 9, 4, 13)
fake_05107.png,module_corruption,('module_corruption', 22, 17, 12)
fake_05108.png,module_corruption,('module_corruption', 17, 1, 12)
fake_05109.png,patch_overlay,('patch_overlay', 83, 386, 64, 64)
fake_05110.png,patch_overlay,('patch_overlay', 217, 147, 86, 86)
fake_05111.png,patch_overlay,('patch_overlay', 194, 40, 93, 93)
fake_05112.png,module_corruption,('module_corruption', 17, 10, 13)
fake_05113.png,patch_overlay,('patch_overlay', 233, 253, 58, 58)
fake_05114.png,module_corruption,('module_corruption', 25, 22, 10)
fake_05115.png,patch_overlay,('patch_overlay', 305, 261, 73, 73)
fake_05116.png,module_corruption,('module_corruption', 19, 21, 10)
fake_05117.png,patch_overlay,('patch_overlay', 340, 243, 56, 56)
fake_05118.png,module_corruption,('module_corruption', 7, 26, 11)
fake_05119.png,patch_overlay,('patch_overlay', 297, 212, 73, 73)
fake_05120.png,patch_overlay,('patch_overlay', 174, 324, 61, 61)
fake_05121.png,patch_overlay,('patch_overlay', 102, 263, 85, 85)
fake_05122.png,patch_overlay,('patch_overlay', 148, 290, 60, 60)
fake_05123.png,module_corruption,('module_corruption', 24, 7, 12)
fake_05124.png,module_corruption,('module_corruption', 18, 20, 13)
fake_05125.png,patch_overlay,('patch_overlay', 24, 314, 57, 57)
fake_05126.png,module_corruption,('module_corruption', 17, 17, 12)
fake_05127.png,module_corruption,('module_corruption', 8, 13, 10)
fake_05128.png,patch_overlay,('patch_overlay', 216, 28, 92, 92)
fake_05129.png,patch_overlay,('patch_overlay', 10, 200, 64, 64)
fake_05130.png,patch_overlay,('patch_overlay', 239, 215, 79, 79)
fake_05131.png,patch_overlay,('patch_overlay', 47, 39, 91, 91)
fake_05132.png,module_corruption,('module_corruption', 15, 1, 12)
fake_05133.png,patch_overlay,('patch_overlay', 238, 141, 78, 78)
fake_05134.png,patch_overlay,('patch_overlay', 231, 97, 72, 72)
fake_05135.png,module_corruption,('module_corruption', 18, 9, 9)
fake_05136.png,module_corruption,('module_corruption', 7, 20, 12)
fake_05137.png,patch_overlay,('patch_overlay', 263, 11, 68, 68)
fake_05138.png,patch_overlay,('patch_overlay', 17, 38, 80, 80)
fake_05139.png,patch_overlay,('patch_overlay', 257, 95, 82, 82)
fake_05140.png,patch_overlay,('patch_overlay', 223, 311, 56, 56)
fake_05141.png,module_corruption,('module_corruption', 13, 0, 11)
fake_05142.png,patch_overlay,('patch_overlay', 280, 290, 72, 72)
fake_05143.png,module_corruption,('module_corruption', 2, 3, 12)
fake_05144.png,patch_overlay,('patch_overlay', 163, 346, 83, 83)
fake_05145.png,patch_overlay,('patch_overlay', 60, 128, 57, 57)
fake_05146.png,patch_overlay,('patch_overlay', 53, 143, 54, 54)
fake_05147.png,module_corruption,('module_corruption', 11, 22, 13)
fake_05148.png,patch_overlay,('patch_overlay', 373, 176, 76, 76)
fake_05149.png,module_corruption,('module_corruption', 12, 13, 10)
fake_05150.png,patch_overlay,('patch_overlay', 300, 47, 93, 93)
fake_05151.png,patch_overlay,('patch_overlay', 57, 297, 72, 72)
fake_05152.png,patch_overlay,('patch_overlay', 4, 307, 70, 70)
fake_05153.png,module_corruption,('module_corruption', 22, 11, 9)
fake_05154.png,module_corruption,('module_corruption', 11, 19, 11)
fake_05155.png,patch_overlay,('patch_overlay', 5, 10, 85, 85)
fake_05156.png,module_corruption,('module_corruption', 20, 0, 12)
fake_05157.png,module_corruption,('module_corruption', 24, 19, 9)
fake_05158.png,patch_overlay,('patch_overlay', 254, 339, 56, 56)
fake_05159.png,patch_overlay,('patch_overlay', 272, 135, 67, 67)
fake_05160.png,module_corruption,('module_corruption', 22, 10, 13)
fake_05161.png,module_corruption,('module_corruption', 0, 5, 10)
fake_05162.png,patch_overlay,('patch_overlay', 212, 216, 83, 83)
fake_05163.png,patch_overlay,('patch_overlay', 81, 344, 90, 90)
fake_05164.png,patch_overlay,('patch_overlay', 24, 253, 98, 98)
fake_05165.png,patch_overlay,('patch_overlay', 294, 113, 97, 97)
fake_05166.png,module_corruption,('module_corruption', 15, 16, 11)
fake_05167.png,module_corruption,('module_corruption', 18, 12, 12)
fake_05168.png,patch_overlay,('patch_overlay', 348, 78, 94, 94)
fake_05169.png,patch_overlay,('patch_overlay', 195, 297, 81, 81)
fake_05170.png,patch_overlay,('patch_overlay', 35, 196, 66, 66)
fake_05171.png,patch_overlay,('patch_overlay', 186, 212, 75, 75)
fake_05172.png,patch_overlay,('patch_overlay', 29, 165, 87, 87)
fake_05173.png,module_corruption,('module_corruption', 19, 9, 12)
fake_05174.png,module_corruption,('module_corruption', 25, 6, 12)
fake_05175.png,patch_overlay,('patch_overlay', 382, 250, 68, 68)
fake_05176.png,module_corruption,('module_corruption', 3, 15, 9)
fake_05177.png,module_corruption,('module_corruption', 8, 14, 10)
fake_05178.png,patch_overlay,('patch_overlay', 214, 201, 74, 74)
fake_05179.png,patch_overlay,('patch_overlay', 149, 292, 66, 66)
fake_05180.png,module_corruption,('module_corruption', 6, 15, 10)
fake_05181.png,module_corruption,('module_corruption', 26, 5, 10)
fake_05182.png,patch_overlay,('patch_overlay', 273, 323, 56, 56)
fake_05183.png,patch_overlay,('patch_overlay', 82, 222, 88, 88)
fake_05184.png,module_corruption,('module_corruption', 10, 23, 13)
fake_05185.png,module_corruption,('module_corruption', 0, 10, 13)
fake_05186.png,module_corruption,('module_corruption', 18, 12, 12)
fake_05187.png,patch_overlay,('patch_overlay', 231, 169, 88, 88)
fake_05188.png,module_corruption,('module_corruption', 18, 16, 13)
fake_05189.png,patch_overlay,('patch_overlay', 161, 216, 72, 72)
fake_05190.png,module_corruption,('module_corruption', 24, 1, 11)
fake_05191.png,module_corruption,('module_corruption', 7, 5, 9)
fake_05192.png,module_corruption,('module_corruption', 15, 4, 9)
fake_05193.png,module_corruption,('module_corruption', 25, 14, 11)
fake_05194.png,patch_overlay,('patch_overlay', 204, 164, 90, 90)
fake_05195.png,module_corruption,('module_corruption', 10, 10, 11)
fake_05196.png,patch_overlay,('patch_overlay', 141, 145, 72, 72)
fake_05197.png,patch_overlay,('patch_overlay', 144, 190, 65, 65)
fake_05198.png,patch_overlay,('patch_overlay', 363, 64, 61, 61)
fake_05199.png,module_corruption,('module_corruption', 2, 10, 12)
fake_05200.png,patch_overlay,('patch_overlay', 311, 336, 87, 87)
fake_05201.png,module_corruption,('module_corruption', 25, 11, 9)
fake_05202.png,module_corruption,('module_corruption', 25, 4, 12)
fake_05203.png,patch_overlay,('patch_overlay', 287, 177, 76, 76)
fake_05204.png,patch_overlay,('patch_overlay', 47, 50, 68, 68)
fake_05205.png,module_corruption,('module_corruption', 18, 18, 13)
fake_05206.png,module_corruption,('module_corruption', 3, 5, 13)
fake_05207.png,patch_overlay,('patch_overlay', 48, 138, 92, 92)
fake_05208.png,patch_overlay,('patch_overlay', 110, 123, 93, 93)
fake_05209.png,patch_overlay,('patch_overlay', 361, 62, 72, 72)
fake_05210.png,patch_overlay,('patch_overlay', 114, 51, 98, 98)
fake_05211.png,module_corruption,('module_corruption', 2, 11, 12)
fake_05212.png,module_corruption,('module_corruption', 24, 2, 13)
fake_05213.png,patch_overlay,('patch_overlay', 99, 156, 92, 92)
fake_05214.png,patch_overlay,('patch_overlay', 304, 242, 81, 81)
fake_05215.png,patch_overlay,('patch_overlay', 173, 163, 92, 92)
fake_05216.png,patch_overlay,('patch_overlay', 297, 319, 77, 77)
fake_05217.png,patch_overlay,('patch_overlay', 31, 105, 89, 89)
fake_05218.png,patch_overlay,('patch_overlay', 115, 248, 82, 82)
fake_05219.png,module_corruption,('module_corruption', 21, 17, 14)
fake_05220.png,patch_overlay,('patch_overlay', 274, 188, 96, 96)
fake_05221.png,module_corruption,('module_corruption', 11, 25, 9)
fake_05222.png,module_corruption,('module_corruption', 20, 6, 12)
fake_05223.png,patch_overlay,('patch_overlay', 347, 92, 74, 74)
fake_05224.png,module_corruption,('module_corruption', 6, 23, 9)
fake_05225.png,patch_overlay,('patch_overlay', 188, 145, 75, 75)
fake_05226.png,module_corruption,('module_corruption', 8, 5, 11)
fake_05227.png,module_corruption,('module_corruption', 16, 9, 10)
fake_05228.png,module_corruption,('module_corruption', 0, 22, 12)
fake_05229.png,module_corruption,('module_corruption', 18, 1, 10)
fake_05230.png,patch_overlay,('patch_overlay', 10, 105, 90, 90)
fake_05231.png,patch_overlay,('patch_overlay', 181, 328, 84, 84)
fake_05232.png,module_corruption,('module_corruption', 7, 14, 13)
fake_05233.png,module_corruption,('module_corruption', 11, 6, 13)
fake_05234.png,module_corruption,('module_corruption', 10, 19, 12)
fake_05235.png,module_corruption,('module_corruption', 6, 22, 13)
fake_05236.png,patch_overlay,('patch_overlay', 121, 152, 76, 76)
fake_05237.png,module_corruption,('module_corruption', 9, 15, 9)
fake_05238.png,module_corruption,('module_corruption', 3, 11, 13)
fake_05239.png,patch_overlay,('patch_overlay', 40, 172, 94, 94)
fake_05240.png,patch_overlay,('patch_overlay', 126, 181, 77, 77)
fake_05241.png,patch_overlay,('patch_overlay', 6, 261, 58, 58)
fake_05242.png,patch_overlay,('patch_overlay', 248, 61, 88, 88)
fake_05243.png,patch_overlay,('patch_overlay', 116, 294, 58, 58)
fake_05244.png,module_corruption,('module_corruption', 16, 9, 12)
fake_05245.png,patch_overlay,('patch_overlay', 285, 44, 78, 78)
fake_05246.png,patch_overlay,('patch_overlay', 198, 150, 63, 63)
fake_05247.png,module_corruption,('module_corruption', 2, 17, 11)
fake_05248.png,module_corruption,('module_corruption', 25, 15, 11)
fake_05249.png,patch_overlay,('patch_overlay', 253, 231, 77, 77)
fake_05250.png,patch_overlay,('patch_overlay', 316, 262, 69, 69)
fake_05251.png,module_corruption,('module_corruption', 5, 22, 13)
fake_05252.png,module_corruption,('module_corruption', 27, 11, 10)
fake_05253.png,module_corruption,('module_corruption', 22, 10, 11)
fake_05254.png,patch_overlay,('patch_overlay', 110, 153, 83, 83)
fake_05255.png,patch_overlay,('patch_overlay', 362, 306, 61, 61)
fake_05256.png,module_corruption,('module_corruption', 9, 5, 12)
fake_05257.png,module_corruption,('module_corruption', 7, 22, 12)
fake_05258.png,patch_overlay,('patch_overlay', 193, 351, 75, 75)
fake_05259.png,patch_overlay,('patch_overlay', 45, 297, 67, 67)
fake_05260.png,patch_overlay,('patch_overlay', 170, 297, 68, 68)
fake_05261.png,module_corruption,('module_corruption', 14, 4, 11)
fake_05262.png,module_corruption,('module_corruption', 18, 20, 12)
fake_05263.png,module_corruption,('module_corruption', 18, 22, 13)
fake_05264.png,module_corruption,('module_corruption', 1, 18, 14)
fake_05265.png,module_corruption,('module_corruption', 1, 23, 13)
fake_05266.png,module_corruption,('module_corruption', 21, 19, 13)
fake_05267.png,patch_overlay,('patch_overlay', 197, 139, 59, 59)
fake_05268.png,module_corruption,('module_corruption', 24, 2, 9)
fake_05269.png,patch_overlay,('patch_overlay', 76, 278, 93, 93)
fake_05270.png,patch_overlay,('patch_overlay', 235, 314, 62, 62)
fake_05271.png,module_corruption,('module_corruption', 6, 0, 12)
fake_05272.png,patch_overlay,('patch_overlay', 52, 81, 62, 62)
fake_05273.png,patch_overlay,('patch_overlay', 107, 217, 65, 65)
fake_05274.png,module_corruption,('module_corruption', 16, 4, 10)
fake_05275.png,module_corruption,('module_corruption', 19, 11, 10)
fake_05276.png,patch_overlay,('patch_overlay', 229, 227, 80, 80)
fake_05277.png,patch_overlay,('patch_overlay', 187, 328, 92, 92)
fake_05278.png,module_corruption,('module_corruption', 6, 8, 13)
fake_05279.png,module_corruption,('module_corruption', 5, 11, 9)
fake_05280.png,patch_overlay,('patch_overlay', 171, 320, 76, 76)
fake_05281.png,patch_overlay,('patch_overlay', 258, 244, 68, 68)
fake_05282.png,patch_overlay,('patch_overlay', 180, 162, 93, 93)
fake_05283.png,patch_overlay,('patch_overlay', 188, 114, 57, 57)
fake_05284.png,module_corruption,('module_corruption', 11, 5, 11)
fake_05285.png,module_corruption,('module_corruption', 1, 23, 13)
fake_05286.png,module_corruption,('module_corruption', 3, 1, 11)
fake_05287.png,patch_overlay,('patch_overlay', 17, 194, 78, 78)
fake_05288.png,module_corruption,('module_corruption', 2, 10, 13)
fake_05289.png,patch_overlay,('patch_overlay', 71, 78, 56, 56)
fake_05290.png,module_corruption,('module_corruption', 1, 18, 14)
fake_05291.png,patch_overlay,('patch_overlay', 331, 291, 78, 78)
fake_05292.png,module_corruption,('module_corruption', 12, 24, 13)
fake_05293.png,module_corruption,('module_corruption', 26, 7, 9)
fake_05294.png,module_corruption,('module_corruption', 25, 25, 12)
fake_05295.png,patch_overlay,('patch_overlay', 226, 225, 87, 87)
fake_05296.png,patch_overlay,('patch_overlay', 351, 147, 57, 57)
fake_05297.png,patch_overlay,('patch_overlay', 324, 372, 66, 66)
fake_05298.png,module_corruption,('module_corruption', 11, 5, 13)
fake_05299.png,patch_overlay,('patch_overlay', 3, 269, 67, 67)
fake_05300.png,patch_overlay,('patch_overlay', 211, 175, 97, 97)
fake_05301.png,patch_overlay,('patch_overlay', 18, 42, 74, 74)
fake_05302.png,patch_overlay,('patch_overlay', 83, 47, 66, 66)
fake_05303.png,patch_overlay,('patch_overlay', 152, 351, 80, 80)
fake_05304.png,patch_overlay,('patch_overlay', 10, 372, 73, 73)
fake_05305.png,module_corruption,('module_corruption', 6, 21, 12)
fake_05306.png,patch_overlay,('patch_overlay', 70, 97, 75, 75)
fake_05307.png,patch_overlay,('patch_overlay', 287, 187, 73, 73)
fake_05308.png,patch_overlay,('patch_overlay', 53, 213, 64, 64)
fake_05309.png,module_corruption,('module_corruption', 14, 4, 10)
fake_05310.png,module_corruption,('module_corruption', 23, 5, 9)
fake_05311.png,patch_overlay,('patch_overlay', 140, 236, 63, 63)
fake_05312.png,patch_overlay,('patch_overlay', 4, 262, 65, 65)
fake_05313.png,patch_overlay,('patch_overlay', 51, 267, 62, 62)
fake_05314.png,patch_overlay,('patch_overlay', 341, 304, 96, 96)
fake_05315.png,module_corruption,('module_corruption', 23, 11, 13)
fake_05316.png,module_corruption,('module_corruption', 2, 1, 10)
fake_05317.png,patch_overlay,('patch_overlay', 178, 86, 77, 77)
fake_05318.png,patch_overlay,('patch_overlay', 94, 331, 73, 73)
fake_05319.png,patch_overlay,('patch_overlay', 210, 304, 59, 59)
fake_05320.png,module_corruption,('module_corruption', 7, 9, 9)
fake_05321.png,patch_overlay,('patch_overlay', 121, 310, 77, 77)
fake_05322.png,patch_overlay,('patch_overlay', 310, 27, 60, 60)
fake_05323.png,patch_overlay,('patch_overlay', 350, 291, 86, 86)
fake_05324.png,module_corruption,('module_corruption', 16, 16, 10)
fake_05325.png,patch_overlay,('patch_overlay', 80, 52, 55, 55)
fake_05326.png,module_corruption,('module_corruption', 21, 8, 9)
fake_05327.png,module_corruption,('module_corruption', 4, 12, 14)
fake_05328.png,module_corruption,('module_corruption', 5, 12, 10)
fake_05329.png,patch_overlay,('patch_overlay', 302, 129, 82, 82)
fake_05330.png,patch_overlay,('patch_overlay', 26, 159, 67, 67)
fake_05331.png,module_corruption,('module_corruption', 1, 5, 11)
fake_05332.png,patch_overlay,('patch_overlay', 18, 292, 66, 66)
fake_05333.png,module_corruption,('module_corruption', 23, 14, 11)
fake_05334.png,module_corruption,('module_corruption', 22, 25, 9)
fake_05335.png,patch_overlay,('patch_overlay', 115, 338, 95, 95)
fake_05336.png,module_corruption,('module_corruption', 15, 24, 11)
fake_05337.png,module_corruption,('module_corruption', 8, 4, 13)
fake_05338.png,patch_overlay,('patch_overlay', 8, 108, 65, 65)
fake_05339.png,patch_overlay,('patch_overlay', 195, 129, 86, 86)
fake_05340.png,patch_overlay,('patch_overlay', 89, 63, 62, 62)
fake_05341.png,patch_overlay,('patch_overlay', 129, 203, 85, 85)
fake_05342.png,module_corruption,('module_corruption', 8, 1, 9)
fake_05343.png,module_corruption,('module_corruption', 1, 4, 12)
fake_05344.png,module_corruption,('module_corruption', 15, 6, 13)
fake_05345.png,patch_overlay,('patch_overlay', 105, 156, 66, 66)
fake_05346.png,patch_overlay,('patch_overlay', 142, 174, 89, 89)
fake_05347.png,patch_overlay,('patch_overlay', 157, 290, 72, 72)
fake_05348.png,module_corruption,('module_corruption', 25, 24, 12)
fake_05349.png,patch_overlay,('patch_overlay', 359, 232, 70, 70)
fake_05350.png,module_corruption,('module_corruption', 16, 21, 13)
fake_05351.png,module_corruption,('module_corruption', 0, 8, 13)
fake_05352.png,module_corruption,('module_corruption', 4, 21, 10)
fake_05353.png,module_corruption,('module_corruption', 2, 26, 9)
fake_05354.png,patch_overlay,('patch_overlay', 264, 136, 70, 70)
fake_05355.png,module_corruption,('module_corruption', 16, 17, 11)
fake_05356.png,patch_overlay,('patch_overlay', 78, 157, 91, 91)
fake_05357.png,module_corruption,('module_corruption', 17, 5, 14)
fake_05358.png,patch_overlay,('patch_overlay', 272, 377, 54, 54)
fake_05359.png,module_corruption,('module_corruption', 8, 22, 13)
fake_05360.png,patch_overlay,('patch_overlay', 296, 332, 93, 93)
fake_05361.png,patch_overlay,('patch_overlay', 186, 110, 70, 70)
fake_05362.png,module_corruption,('module_corruption', 9, 16, 10)
fake_05363.png,module_corruption,('module_corruption', 9, 1, 13)
fake_05364.png,patch_overlay,('patch_overlay', 211, 171, 73, 73)
fake_05365.png,patch_overlay,('patch_overlay', 278, 266, 77, 77)
fake_05366.png,patch_overlay,('patch_overlay', 61, 347, 86, 86)
fake_05367.png,module_corruption,('module_corruption', 3, 7, 9)
fake_05368.png,patch_overlay,('patch_overlay', 213, 6, 62, 62)
fake_05369.png,patch_overlay,('patch_overlay', 306, 46, 83, 83)
fake_05370.png,module_corruption,('module_corruption', 12, 6, 10)
fake_05371.png,patch_overlay,('patch_overlay', 237, 214, 71, 71)
fake_05372.png,patch_overlay,('patch_overlay', 71, 35, 64, 64)
fake_05373.png,module_corruption,('module_corruption', 10, 23, 10)
fake_05374.png,patch_overlay,('patch_overlay', 277, 271, 97, 97)
fake_05375.png,patch_overlay,('patch_overlay', 361, 35, 71, 71)
fake_05376.png,patch_overlay,('patch_overlay', 87, 363, 63, 63)
fake_05377.png,module_corruption,('module_corruption', 21, 18, 13)
fake_05378.png,module_corruption,('module_corruption', 8, 8, 10)
fake_05379.png,patch_overlay,('patch_overlay', 333, 127, 72, 72)
fake_05380.png,patch_overlay,('patch_overlay', 270, 66, 62, 62)
fake_05381.png,module_corruption,('module_corruption', 10, 17, 10)
fake_05382.png,module_corruption,('module_corruption', 25, 2, 12)
fake_05383.png,module_corruption,('module_corruption', 24, 24, 12)
fake_05384.png,patch_overlay,('patch_overlay', 27, 164, 84, 84)
fake_05385.png,module_corruption,('module_corruption', 0, 13, 13)
fake_05386.png,module_corruption,('module_corruption', 8, 25, 11)
fake_05387.png,module_corruption,('module_corruption', 13, 1, 10)
fake_05388.png,patch_overlay,('patch_overlay', 358, 102, 59, 59)
fake_05389.png,patch_overlay,('patch_overlay', 144, 47, 72, 72)
fake_05390.png,module_corruption,('module_corruption', 10, 24, 13)
fake_05391.png,patch_overlay,('patch_overlay', 33, 116, 55, 55)
fake_05392.png,patch_overlay,('patch_overlay', 77, 6, 64, 64)
fake_05393.png,patch_overlay,('patch_overlay', 39, 281, 86, 86)
fake_05394.png,module_corruption,('module_corruption', 22, 8, 12)
fake_05395.png,module_corruption,('module_corruption', 9, 6, 14)
fake_05396.png,module_corruption,('module_corruption', 8, 13, 13)
fake_05397.png,patch_overlay,('patch_overlay', 144, 257, 88, 88)
fake_05398.png,module_corruption,('module_corruption', 4, 23, 10)
fake_05399.png,module_corruption,('module_corruption', 4, 13, 9)
fake_05400.png,module_corruption,('module_corruption', 4, 22, 11)
fake_05401.png,module_corruption,('module_corruption', 11, 8, 10)
fake_05402.png,module_corruption,('module_corruption', 23, 21, 13)
fake_05403.png,patch_overlay,('patch_overlay', 120, 238, 97, 97)
fake_05404.png,patch_overlay,('patch_overlay', 91, 307, 65, 65)
fake_05405.png,patch_overlay,('patch_overlay', 290, 143, 98, 98)
fake_05406.png,module_corruption,('module_corruption', 17, 2, 12)
fake_05407.png,module_corruption,('module_corruption', 2, 15, 13)
fake_05408.png,module_corruption,('module_corruption', 23, 5, 14)
fake_05409.png,module_corruption,('module_corruption', 9, 7, 12)
fake_05410.png,patch_overlay,('patch_overlay', 100, 149, 89, 89)
fake_05411.png,patch_overlay,('patch_overlay', 6, 8, 74, 74)
fake_05412.png,module_corruption,('module_corruption', 16, 13, 13)
fake_05413.png,module_corruption,('module_corruption', 22, 13, 13)
fake_05414.png,patch_overlay,('patch_overlay', 286, 252, 62, 62)
fake_05415.png,module_corruption,('module_corruption', 9, 20, 11)
fake_05416.png,patch_overlay,('patch_overlay', 190, 216, 96, 96)
fake_05417.png,module_corruption,('module_corruption', 20, 7, 13)
fake_05418.png,patch_overlay,('patch_overlay', 225, 129, 78, 78)
fake_05419.png,module_corruption,('module_corruption', 15, 17, 11)
fake_05420.png,module_corruption,('module_corruption', 16, 1, 11)
fake_05421.png,patch_overlay,('patch_overlay', 279, 265, 80, 80)
fake_05422.png,patch_overlay,('patch_overlay', 328, 365, 54, 54)
fake_05423.png,module_corruption,('module_corruption', 14, 14, 11)
fake_05424.png,module_corruption,('module_corruption', 23, 14, 10)
fake_05425.png,patch_overlay,('patch_overlay', 186, 187, 92, 92)
fake_05426.png,module_corruption,('module_corruption', 10, 4, 13)
fake_05427.png,module_corruption,('module_corruption', 0, 9, 12)
fake_05428.png,module_corruption,('module_corruption', 24, 4, 11)
fake_05429.png,module_corruption,('module_corruption', 19, 17, 14)
fake_05430.png,patch_overlay,('patch_overlay', 140, 260, 76, 76)
fake_05431.png,module_corruption,('module_corruption', 23, 28, 9)
fake_05432.png,module_corruption,('module_corruption', 5, 15, 10)
fake_05433.png,patch_overlay,('patch_overlay', 209, 81, 59, 59)
fake_05434.png,module_corruption,('module_corruption', 7, 16, 12)
fake_05435.png,module_corruption,('module_corruption', 24, 2, 12)
fake_05436.png,patch_overlay,('patch_overlay', 369, 173, 76, 76)
fake_05437.png,patch_overlay,('patch_overlay', 271, 293, 92, 92)
fake_05438.png,module_corruption,('module_corruption', 2, 15, 13)
fake_05439.png,module_corruption,('module_corruption', 13, 7, 10)
fake_05440.png,module_corruption,('module_corruption', 19, 25, 12)
fake_05441.png,patch_overlay,('patch_overlay', 192, 8, 89, 89)
fake_05442.png,patch_overlay,('patch_overlay', 294, 330, 70, 70)
fake_05443.png,module_corruption,('module_corruption', 2, 5, 10)
fake_05444.png,module_corruption,('module_corruption', 18, 21, 13)
fake_05445.png,patch_overlay,('patch_overlay', 47, 185, 69, 69)
fake_05446.png,module_corruption,('module_corruption', 19, 10, 9)
fake_05447.png,module_corruption,('module_corruption', 1, 20, 11)
fake_05448.png,patch_overlay,('patch_overlay', 112, 165, 85, 85)
fake_05449.png,module_corruption,('module_corruption', 10, 14, 12)
fake_05450.png,patch_overlay,('patch_overlay', 25, 51, 59, 59)
fake_05451.png,patch_overlay,('patch_overlay', 127, 207, 66, 66)
fake_05452.png,module_corruption,('module_corruption', 24, 19, 11)
fake_05453.png,patch_overlay,('patch_overlay', 279, 36, 57, 57)
fake_05454.png,patch_overlay,('patch_overlay', 171, 5, 90, 90)
fake_05455.png,module_corruption,('module_corruption', 22, 14, 12)
fake_05456.png,patch_overlay,('patch_overlay', 211, 334, 89, 89)
fake_05457.png,patch_overlay,('patch_overlay', 364, 351, 75, 75)
fake_05458.png,patch_overlay,('patch_overlay', 106, 30, 76, 76)
fake_05459.png,module_corruption,('module_corruption', 14, 11, 13)
fake_05460.png,patch_overlay,('patch_overlay', 149, 215, 56, 56)
fake_05461.png,patch_overlay,('patch_overlay', 105, 290, 76, 76)
fake_05462.png,module_corruption,('module_corruption', 22, 0, 12)
fake_05463.png,patch_overlay,('patch_overlay', 362, 279, 58, 58)
fake_05464.png,module_corruption,('module_corruption', 2, 7, 12)
fake_05465.png,patch_overlay,('patch_overlay', 107, 261, 95, 95)
fake_05466.png,patch_overlay,('patch_overlay', 16, 265, 57, 57)
fake_05467.png,patch_overlay,('patch_overlay', 36, 44, 73, 73)
fake_05468.png,module_corruption,('module_corruption', 15, 24, 11)
fake_05469.png,patch_overlay,('patch_overlay', 334, 60, 87, 87)
fake_05470.png,module_corruption,('module_corruption', 8, 21, 11)
fake_05471.png,patch_overlay,('patch_overlay', 336, 186, 56, 56)
fake_05472.png,patch_overlay,('patch_overlay', 324, 353, 54, 54)
fake_05473.png,module_corruption,('module_corruption', 27, 12, 10)
fake_05474.png,module_corruption,('module_corruption', 17, 8, 10)
fake_05475.png,patch_overlay,('patch_overlay', 208, 103, 62, 62)
fake_05476.png,module_corruption,('module_corruption', 23, 16, 14)
fake_05477.png,module_corruption,('module_corruption', 2, 25, 12)
fake_05478.png,patch_overlay,('patch_overlay', 59, 174, 81, 81)
fake_05479.png,module_corruption,('module_corruption', 24, 5, 11)
fake_05480.png,patch_overlay,('patch_overlay', 160, 26, 92, 92)
fake_05481.png,patch_overlay,('patch_overlay', 42, 276, 80, 80)
fake_05482.png,module_corruption,('module_corruption', 1, 7, 13)
fake_05483.png,patch_overlay,('patch_overlay', 351, 51, 67, 67)
fake_05484.png,patch_overlay,('patch_overlay', 350, 195, 94, 94)
fake_05485.png,patch_overlay,('patch_overlay', 357, 224, 62, 62)
fake_05486.png,module_corruption,('module_corruption', 3, 14, 13)
fake_05487.png,patch_overlay,('patch_overlay', 201, 272, 74, 74)
fake_05488.png,patch_overlay,('patch_overlay', 5, 348, 92, 92)
fake_05489.png,module_corruption,('module_corruption', 20, 20, 13)
fake_05490.png,module_corruption,('module_corruption', 8, 24, 10)
fake_05491.png,patch_overlay,('patch_overlay', 156, 357, 92, 92)
fake_05492.png,module_corruption,('module_corruption', 20, 23, 14)
fake_05493.png,patch_overlay,('patch_overlay', 86, 328, 89, 89)
fake_05494.png,patch_overlay,('patch_overlay', 247, 161, 83, 83)
fake_05495.png,patch_overlay,('patch_overlay', 283, 359, 65, 65)
fake_05496.png,module_corruption,('module_corruption', 7, 13, 10)
fake_05497.png,module_corruption,('module_corruption', 11, 0, 9)
fake_05498.png,module_corruption,('module_corruption', 11, 12, 14)
fake_05499.png,module_corruption,('module_corruption', 11, 5, 13)
fake_05500.png,patch_overlay,('patch_overlay', 259, 355, 90, 90)
fake_05501.png,patch_overlay,('patch_overlay', 288, 339, 90, 90)
fake_05502.png,patch_overlay,('patch_overlay', 214, 332, 70, 70)
fake_05503.png,patch_overlay,('patch_overlay', 193, 80, 82, 82)
fake_05504.png,module_corruption,('module_corruption', 10, 23, 12)
fake_05505.png,patch_overlay,('patch_overlay', 65, 133, 98, 98)
fake_05506.png,module_corruption,('module_corruption', 19, 13, 14)
fake_05507.png,module_corruption,('module_corruption', 17, 19, 11)
fake_05508.png,patch_overlay,('patch_overlay', 61, 260, 86, 86)
fake_05509.png,patch_overlay,('patch_overlay', 180, 83, 85, 85)
fake_05510.png,module_corruption,('module_corruption', 1, 13, 12)
fake_05511.png,module_corruption,('module_corruption', 16, 22, 12)
fake_05512.png,module_corruption,('module_corruption', 18, 0, 12)
fake_05513.png,module_corruption,('module_corruption', 15, 11, 11)
fake_05514.png,module_corruption,('module_corruption', 21, 21, 11)
fake_05515.png,module_corruption,('module_corruption', 6, 28, 9)
fake_05516.png,module_corruption,('module_corruption', 24, 14, 13)
fake_05517.png,patch_overlay,('patch_overlay', 180, 281, 83, 83)
fake_05518.png,module_corruption,('module_corruption', 13, 17, 9)
fake_05519.png,patch_overlay,('patch_overlay', 115, 96, 90, 90)
fake_05520.png,module_corruption,('module_corruption', 23, 12, 13)
fake_05521.png,module_corruption,('module_corruption', 3, 1, 11)
fake_05522.png,module_corruption,('module_corruption', 15, 20, 9)
fake_05523.png,module_corruption,('module_corruption', 12, 17, 10)
fake_05524.png,patch_overlay,('patch_overlay', 80, 82, 87, 87)
fake_05525.png,patch_overlay,('patch_overlay', 18, 349, 93, 93)
fake_05526.png,patch_overlay,('patch_overlay', 135, 145, 98, 98)
fake_05527.png,patch_overlay,('patch_overlay', 307, 206, 96, 96)
fake_05528.png,module_corruption,('module_corruption', 12, 13, 12)
fake_05529.png,module_corruption,('module_corruption', 9, 5, 13)
fake_05530.png,module_corruption,('module_corruption', 27, 8, 9)
fake_05531.png,module_corruption,('module_corruption', 22, 16, 14)
fake_05532.png,module_corruption,('module_corruption', 14, 24, 11)
fake_05533.png,module_corruption,('module_corruption', 20, 21, 11)
fake_05534.png,module_corruption,('module_corruption', 20, 17, 9)
fake_05535.png,module_corruption,('module_corruption', 11, 14, 10)
fake_05536.png,module_corruption,('module_corruption', 13, 11, 13)
fake_05537.png,module_corruption,('module_corruption', 3, 22, 12)
fake_05538.png,module_corruption,('module_corruption', 19, 23, 10)
fake_05539.png,patch_overlay,('patch_overlay', 211, 62, 64, 64)
fake_05540.png,patch_overlay,('patch_overlay', 328, 319, 92, 92)
fake_05541.png,patch_overlay,('patch_overlay', 353, 236, 62, 62)
fake_05542.png,patch_overlay,('patch_overlay', 203, 183, 55, 55)
fake_05543.png,module_corruption,('module_corruption', 6, 7, 10)
fake_05544.png,patch_overlay,('patch_overlay', 215, 366, 72, 72)
fake_05545.png,module_corruption,('module_corruption', 18, 14, 14)
fake_05546.png,patch_overlay,('patch_overlay', 98, 61, 85, 85)
fake_05547.png,patch_overlay,('patch_overlay', 244, 304, 70, 70)
fake_05548.png,patch_overlay,('patch_overlay', 317, 349, 66, 66)
fake_05549.png,module_corruption,('module_corruption', 13, 25, 10)
fake_05550.png,module_corruption,('module_corruption', 6, 12, 9)
fake_05551.png,patch_overlay,('patch_overlay', 365, 63, 68, 68)
fake_05552.png,module_corruption,('module_corruption', 13, 6, 12)
fake_05553.png,patch_overlay,('patch_overlay', 125, 170, 76, 76)
fake_05554.png,patch_overlay,('patch_overlay', 111, 336, 66, 66)
fake_05555.png,patch_overlay,('patch_overlay', 302, 203, 55, 55)
fake_05556.png,module_corruption,('module_corruption', 22, 12, 10)
fake_05557.png,patch_overlay,('patch_overlay', 352, 127, 86, 86)
fake_05558.png,module_corruption,('module_corruption', 13, 4, 11)
fake_05559.png,patch_overlay,('patch_overlay', 171, 126, 56, 56)
fake_05560.png,module_corruption,('module_corruption', 24, 27, 10)
fake_05561.png,patch_overlay,('patch_overlay', 341, 74, 67, 67)
fake_05562.png,module_corruption,('module_corruption', 3, 4, 9)
fake_05563.png,module_corruption,('module_corruption', 14, 7, 14)
fake_05564.png,patch_overlay,('patch_overlay', 356, 39, 88, 88)
fake_05565.png,patch_overlay,('patch_overlay', 226, 278, 88, 88)
fake_05566.png,module_corruption,('module_corruption', 5, 25, 11)
fake_05567.png,module_corruption,('module_corruption', 11, 17, 14)
fake_05568.png,patch_overlay,('patch_overlay', 225, 33, 93, 93)
fake_05569.png,module_corruption,('module_corruption', 23, 23, 9)
fake_05570.png,patch_overlay,('patch_overlay', 26, 163, 94, 94)
fake_05571.png,patch_overlay,('patch_overlay', 78, 67, 64, 64)
fake_05572.png,module_corruption,('module_corruption', 17, 2, 10)
fake_05573.png,patch_overlay,('patch_overlay', 43, 305, 83, 83)
fake_05574.png,patch_overlay,('patch_overlay', 7, 94, 80, 80)
fake_05575.png,patch_overlay,('patch_overlay', 357, 226, 57, 57)
fake_05576.png,patch_overlay,('patch_overlay', 49, 286, 95, 95)
fake_05577.png,module_corruption,('module_corruption', 8, 13, 9)
fake_05578.png,module_corruption,('module_corruption', 18, 9, 11)
fake_05579.png,patch_overlay,('patch_overlay', 9, 322, 86, 86)
fake_05580.png,patch_overlay,('patch_overlay', 164, 161, 86, 86)
fake_05581.png,module_corruption,('module_corruption', 22, 2, 12)
fake_05582.png,module_corruption,('module_corruption', 26, 6, 9)
fake_05583.png,patch_overlay,('patch_overlay', 45, 90, 54, 54)
fake_05584.png,module_corruption,('module_corruption', 16, 12, 10)
fake_05585.png,patch_overlay,('patch_overlay', 256, 105, 63, 63)
fake_05586.png,module_corruption,('module_corruption', 8, 20, 13)
fake_05587.png,module_corruption,('module_corruption', 15, 18, 12)
fake_05588.png,module_corruption,('module_corruption', 8, 24, 11)
fake_05589.png,patch_overlay,('patch_overlay', 346, 288, 72, 72)
fake_05590.png,module_corruption,('module_corruption', 15, 16, 9)
fake_05591.png,patch_overlay,('patch_overlay', 191, 196, 88, 88)
fake_05592.png,module_corruption,('module_corruption', 26, 12, 11)
fake_05593.png,patch_overlay,('patch_overlay', 47, 368, 59, 59)
fake_05594.png,patch_overlay,('patch_overlay', 268, 8, 75, 75)
fake_05595.png,module_corruption,('module_corruption', 7, 21, 12)
fake_05596.png,patch_overlay,('patch_overlay', 228, 15, 54, 54)
fake_05597.png,module_corruption,('module_corruption', 23, 14, 9)
fake_05598.png,module_corruption,('module_corruption', 9, 5, 9)
fake_05599.png,module_corruption,('module_corruption', 17, 12, 11)
fake_05600.png,module_corruption,('module_corruption', 1, 16, 11)
fake_05601.png,patch_overlay,('patch_overlay', 231, 203, 78, 78)
fake_05602.png,patch_overlay,('patch_overlay', 38, 49, 89, 89)
fake_05603.png,patch_overlay,('patch_overlay', 161, 130, 77, 77)
fake_05604.png,module_corruption,('module_corruption', 9, 4, 12)
fake_05605.png,patch_overlay,('patch_overlay', 80, 129, 54, 54)
fake_05606.png,module_corruption,('module_corruption', 11, 13, 11)
fake_05607.png,module_corruption,('module_corruption', 16, 8, 13)
fake_05608.png,patch_overlay,('patch_overlay', 16, 162, 91, 91)
fake_05609.png,patch_overlay,('patch_overlay', 279, 210, 82, 82)
fake_05610.png,patch_overlay,('patch_overlay', 259, 136, 65, 65)
fake_05611.png,module_corruption,('module_corruption', 5, 13, 10)
fake_05612.png,module_corruption,('module_corruption', 11, 21, 12)
fake_05613.png,module_corruption,('module_corruption', 11, 8, 9)
fake_05614.png,module_corruption,('module_corruption', 10, 3, 13)
fake_05615.png,patch_overlay,('patch_overlay', 156, 210, 76, 76)
fake_05616.png,module_corruption,('module_corruption', 2, 8, 13)
fake_05617.png,module_corruption,('module_corruption', 1, 9, 12)
fake_05618.png,patch_overlay,('patch_overlay', 134, 322, 86, 86)
fake_05619.png,module_corruption,('module_corruption', 4, 14, 11)
fake_05620.png,module_corruption,('module_corruption', 6, 25, 11)
fake_05621.png,module_corruption,('module_corruption', 22, 22, 9)
fake_05622.png,patch_overlay,('patch_overlay', 134, 69, 59, 59)
fake_05623.png,module_corruption,('module_corruption', 6, 15, 13)
fake_05624.png,patch_overlay,('patch_overlay', 229, 74, 81, 81)
fake_05625.png,module_corruption,('module_corruption', 5, 10, 13)
fake_05626.png,patch_overlay,('patch_overlay', 207, 152, 66, 66)
fake_05627.png,module_corruption,('module_corruption', 22, 7, 12)
fake_05628.png,module_corruption,('module_corruption', 1, 10, 9)
fake_05629.png,patch_overlay,('patch_overlay', 114, 120, 59, 59)
fake_05630.png,patch_overlay,('patch_overlay', 251, 133, 68, 68)
fake_05631.png,patch_overlay,('patch_overlay', 211, 203, 62, 62)
fake_05632.png,module_corruption,('module_corruption', 2, 9, 9)
fake_05633.png,patch_overlay,('patch_overlay', 183, 41, 86, 86)
fake_05634.png,patch_overlay,('patch_overlay', 229, 90, 63, 63)
fake_05635.png,module_corruption,('module_corruption', 14, 10, 10)
fake_05636.png,module_corruption,('module_corruption', 12, 9, 14)
fake_05637.png,module_corruption,('module_corruption', 23, 19, 14)
fake_05638.png,module_corruption,('module_corruption', 7, 11, 10)
fake_05639.png,module_corruption,('module_corruption', 7, 21, 9)
fake_05640.png,module_corruption,('module_corruption', 17, 15, 13)
fake_05641.png,patch_overlay,('patch_overlay', 1, 18, 57, 57)
fake_05642.png,patch_overlay,('patch_overlay', 358, 199, 76, 76)
fake_05643.png,module_corruption,('module_corruption', 1, 12, 11)
fake_05644.png,module_corruption,('module_corruption', 23, 5, 13)
fake_05645.png,module_corruption,('module_corruption', 16, 18, 9)
fake_05646.png,patch_overlay,('patch_overlay', 263, 119, 68, 68)
fake_05647.png,module_corruption,('module_corruption', 13, 15, 14)
fake_05648.png,module_corruption,('module_corruption', 11, 17, 11)
fake_05649.png,patch_overlay,('patch_overlay', 105, 57, 84, 84)
fake_05650.png,module_corruption,('module_corruption', 15, 3, 11)
fake_05651.png,patch_overlay,('patch_overlay', 139, 363, 77, 77)
fake_05652.png,module_corruption,('module_corruption', 10, 14, 11)
fake_05653.png,patch_overlay,('patch_overlay', 127, 156, 81, 81)
fake_05654.png,patch_overlay,('patch_overlay', 294, 114, 58, 58)
fake_05655.png,patch_overlay,('patch_overlay', 5, 72, 69, 69)
fake_05656.png,module_corruption,('module_corruption', 2, 5, 13)
fake_05657.png,module_corruption,('module_corruption', 17, 22, 13)
fake_05658.png,patch_overlay,('patch_overlay', 366, 193, 55, 55)
fake_05659.png,module_corruption,('module_corruption', 1, 21, 9)
fake_05660.png,patch_overlay,('patch_overlay', 29, 212, 88, 88)
fake_05661.png,patch_overlay,('patch_overlay', 227, 67, 97, 97)
fake_05662.png,patch_overlay,('patch_overlay', 65, 150, 62, 62)
fake_05663.png,patch_overlay,('patch_overlay', 152, 286, 55, 55)
fake_05664.png,module_corruption,('module_corruption', 10, 2, 10)
fake_05665.png,patch_overlay,('patch_overlay', 322, 223, 72, 72)
fake_05666.png,patch_overlay,('patch_overlay', 122, 45, 57, 57)
fake_05667.png,module_corruption,('module_corruption', 3, 17, 11)
fake_05668.png,module_corruption,('module_corruption', 2, 25, 9)
fake_05669.png,patch_overlay,('patch_overlay', 52, 261, 68, 68)
fake_05670.png,patch_overlay,('patch_overlay', 34, 332, 83, 83)
fake_05671.png,module_corruption,('module_corruption', 10, 13, 11)
fake_05672.png,patch_overlay,('patch_overlay', 66, 352, 93, 93)
fake_05673.png,module_corruption,('module_corruption', 24, 0, 9)
fake_05674.png,module_corruption,('module_corruption', 0, 16, 13)
fake_05675.png,module_corruption,('module_corruption', 19, 26, 11)
fake_05676.png,module_corruption,('module_corruption', 16, 9, 10)
fake_05677.png,module_corruption,('module_corruption', 7, 21, 12)
fake_05678.png,module_corruption,('module_corruption', 26, 2, 10)
fake_05679.png,module_corruption,('module_corruption', 24, 0, 10)
fake_05680.png,module_corruption,('module_corruption', 21, 22, 13)
fake_05681.png,patch_overlay,('patch_overlay', 329, 89, 97, 97)
fake_05682.png,patch_overlay,('patch_overlay', 356, 202, 75, 75)
fake_05683.png,patch_overlay,('patch_overlay', 49, 285, 91, 91)
fake_05684.png,patch_overlay,('patch_overlay', 155, 88, 56, 56)
fake_05685.png,module_corruption,('module_corruption', 10, 10, 13)
fake_05686.png,patch_overlay,('patch_overlay', 47, 308, 82, 82)
fake_05687.png,module_corruption,('module_corruption', 18, 2, 13)
fake_05688.png,patch_overlay,('patch_overlay', 294, 121, 65, 65)
fake_05689.png,patch_overlay,('patch_overlay', 128, 87, 81, 81)
fake_05690.png,patch_overlay,('patch_overlay', 286, 46, 81, 81)
fake_05691.png,module_corruption,('module_corruption', 12, 0, 9)
fake_05692.png,module_corruption,('module_corruption', 18, 7, 13)
fake_05693.png,patch_overlay,('patch_overlay', 37, 82, 64, 64)
fake_05694.png,patch_overlay,('patch_overlay', 58, 176, 74, 74)
fake_05695.png,module_corruption,('module_corruption', 12, 14, 11)
fake_05696.png,module_corruption,('module_corruption', 12, 22, 10)
fake_05697.png,patch_overlay,('patch_overlay', 124, 68, 89, 89)
fake_05698.png,patch_overlay,('patch_overlay', 305, 228, 78, 78)
fake_05699.png,module_corruption,('module_corruption', 11, 13, 10)
fake_05700.png,patch_overlay,('patch_overlay', 169, 151, 81, 81)
fake_05701.png,patch_overlay,('patch_overlay', 57, 119, 91, 91)
fake_05702.png,module_corruption,('module_corruption', 9, 2, 12)
fake_05703.png,patch_overlay,('patch_overlay', 111, 155, 75, 75)
fake_05704.png,patch_overlay,('patch_overlay', 221, 226, 74, 74)
fake_05705.png,patch_overlay,('patch_overlay', 372, 150, 73, 73)
fake_05706.png,module_corruption,('module_corruption', 13, 10, 11)
fake_05707.png,patch_overlay,('patch_overlay', 191, 283, 72, 72)
fake_05708.png,module_corruption,('module_corruption', 15, 11, 10)
fake_05709.png,patch_overlay,('patch_overlay', 0, 4, 59, 59)
fake_05710.png,patch_overlay,('patch_overlay', 96, 93, 79, 79)
fake_05711.png,patch_overlay,('patch_overlay', 257, 324, 87, 87)
fake_05712.png,module_corruption,('module_corruption', 13, 8, 11)
fake_05713.png,patch_overlay,('patch_overlay', 81, 313, 58, 58)
fake_05714.png,module_corruption,('module_corruption', 15, 25, 12)
fake_05715.png,module_corruption,('module_corruption', 9, 12, 10)
fake_05716.png,patch_overlay,('patch_overlay', 255, 125, 58, 58)
fake_05717.png,patch_overlay,('patch_overlay', 292, 248, 58, 58)
fake_05718.png,patch_overlay,('patch_overlay', 259, 178, 62, 62)
fake_05719.png,patch_overlay,('patch_overlay', 83, 299, 85, 85)
fake_05720.png,patch_overlay,('patch_overlay', 308, 135, 82, 82)
fake_05721.png,module_corruption,('module_corruption', 11, 25, 12)
fake_05722.png,patch_overlay,('patch_overlay', 197, 2, 79, 79)
fake_05723.png,module_corruption,('module_corruption', 8, 9, 14)
fake_05724.png,patch_overlay,('patch_overlay', 231, 19, 91, 91)
fake_05725.png,module_corruption,('module_corruption', 18, 3, 12)
fake_05726.png,module_corruption,('module_corruption', 9, 15, 10)
fake_05727.png,module_corruption,('module_corruption', 19, 11, 9)
fake_05728.png,module_corruption,('module_corruption', 9, 7, 13)
fake_05729.png,patch_overlay,('patch_overlay', 56, 160, 74, 74)
fake_05730.png,module_corruption,('module_corruption', 8, 10, 12)
fake_05731.png,module_corruption,('module_corruption', 16, 16, 12)
fake_05732.png,module_corruption,('module_corruption', 6, 13, 13)
fake_05733.png,patch_overlay,('patch_overlay', 193, 5, 70, 70)
fake_05734.png,patch_overlay,('patch_overlay', 228, 61, 55, 55)
fake_05735.png,patch_overlay,('patch_overlay', 353, 44, 54, 54)
fake_05736.png,module_corruption,('module_corruption', 13, 22, 13)
fake_05737.png,module_corruption,('module_corruption', 15, 26, 11)
fake_05738.png,patch_overlay,('patch_overlay', 88, 43, 89, 89)
fake_05739.png,module_corruption,('module_corruption', 20, 15, 13)
fake_05740.png,module_corruption,('module_corruption', 2, 15, 13)
fake_05741.png,module_corruption,('module_corruption', 20, 13, 10)
fake_05742.png,patch_overlay,('patch_overlay', 320, 81, 90, 90)
fake_05743.png,patch_overlay,('patch_overlay', 173, 363, 70, 70)
fake_05744.png,module_corruption,('module_corruption', 18, 8, 12)
fake_05745.png,module_corruption,('module_corruption', 10, 13, 10)
fake_05746.png,module_corruption,('module_corruption', 1, 24, 10)
fake_05747.png,patch_overlay,('patch_overlay', 223, 204, 73, 73)
fake_05748.png,module_corruption,('module_corruption', 8, 26, 9)
fake_05749.png,module_corruption,('module_corruption', 11, 20, 9)
fake_05750.png,module_corruption,('module_corruption', 15, 11, 10)
fake_05751.png,patch_overlay,('patch_overlay', 355, 173, 57, 57)
fake_05752.png,patch_overlay,('patch_overlay', 38, 60, 86, 86)
fake_05753.png,patch_overlay,('patch_overlay', 19, 276, 72, 72)
fake_05754.png,patch_overlay,('patch_overlay', 341, 158, 66, 66)
fake_05755.png,module_corruption,('module_corruption', 14, 2, 11)
fake_05756.png,patch_overlay,('patch_overlay', 154, 357, 87, 87)
fake_05757.png,module_corruption,('module_corruption', 18, 2, 12)
fake_05758.png,module_corruption,('module_corruption', 19, 3, 10)
fake_05759.png,module_corruption,('module_corruption', 15, 5, 13)
fake_05760.png,module_corruption,('module_corruption', 2, 4, 11)
fake_05761.png,module_corruption,('module_corruption', 6, 15, 9)
fake_05762.png,patch_overlay,('patch_overlay', 76, 283, 85, 85)
fake_05763.png,module_corruption,('module_corruption', 3, 4, 11)
fake_05764.png,module_corruption,('module_corruption', 13, 27, 10)
fake_05765.png,patch_overlay,('patch_overlay', 172, 298, 77, 77)
fake_05766.png,patch_overlay,('patch_overlay', 100, 248, 76, 76)
fake_05767.png,module_corruption,('module_corruption', 15, 3, 10)
fake_05768.png,patch_overlay,('patch_overlay', 302, 31, 89, 89)
fake_05769.png,module_corruption,('module_corruption', 5, 9, 13)
fake_05770.png,module_corruption,('module_corruption', 5, 21, 13)
fake_05771.png,module_corruption,('module_corruption', 16, 0, 9)
fake_05772.png,module_corruption,('module_corruption', 26, 26, 10)
fake_05773.png,patch_overlay,('patch_overlay', 150, 317, 57, 57)
fake_05774.png,module_corruption,('module_corruption', 7, 0, 10)
fake_05775.png,module_corruption,('module_corruption', 4, 11, 13)
fake_05776.png,module_corruption,('module_corruption', 19, 17, 11)
fake_05777.png,module_corruption,('module_corruption', 19, 15, 12)
fake_05778.png,patch_overlay,('patch_overlay', 339, 284, 76, 76)
fake_05779.png,patch_overlay,('patch_overlay', 101, 152, 82, 82)
fake_05780.png,module_corruption,('module_corruption', 18, 10, 13)
fake_05781.png,patch_overlay,('patch_overlay', 176, 331, 58, 58)
fake_05782.png,module_corruption,('module_corruption', 6, 27, 10)
fake_05783.png,patch_overlay,('patch_overlay', 296, 19, 83, 83)
fake_05784.png,patch_overlay,('patch_overlay', 295, 309, 96, 96)
fake_05785.png,patch_overlay,('patch_overlay', 196, 350, 74, 74)
fake_05786.png,patch_overlay,('patch_overlay', 52, 76, 63, 63)
fake_05787.png,patch_overlay,('patch_overlay', 330, 291, 58, 58)
fake_05788.png,module_corruption,('module_corruption', 15, 16, 11)
fake_05789.png,patch_overlay,('patch_overlay', 229, 156, 97, 97)
fake_05790.png,patch_overlay,('patch_overlay', 183, 114, 84, 84)
fake_05791.png,module_corruption,('module_corruption', 7, 13, 12)
fake_05792.png,patch_overlay,('patch_overlay', 323, 191, 71, 71)
fake_05793.png,patch_overlay,('patch_overlay', 130, 271, 55, 55)
fake_05794.png,module_corruption,('module_corruption', 14, 1, 13)
fake_05795.png,module_corruption,('module_corruption', 20, 20, 9)
fake_05796.png,module_corruption,('module_corruption', 19, 6, 10)
fake_05797.png,patch_overlay,('patch_overlay', 376, 349, 56, 56)
fake_05798.png,patch_overlay,('patch_overlay', 213, 233, 93, 93)
fake_05799.png,module_corruption,('module_corruption', 22, 8, 9)
fake_05800.png,module_corruption,('module_corruption', 19, 17, 13)
fake_05801.png,module_corruption,('module_corruption', 14, 8, 11)
fake_05802.png,module_corruption,('module_corruption', 6, 3, 14)
fake_05803.png,patch_overlay,('patch_overlay', 242, 315, 75, 75)
fake_05804.png,module_corruption,('module_corruption', 11, 24, 13)
fake_05805.png,module_corruption,('module_corruption', 9, 14, 10)
fake_05806.png,module_corruption,('module_corruption', 13, 11, 11)
fake_05807.png,module_corruption,('module_corruption', 0, 20, 12)
fake_05808.png,module_corruption,('module_corruption', 0, 26, 9)
fake_05809.png,module_corruption,('module_corruption', 8, 15, 13)
fake_05810.png,patch_overlay,('patch_overlay', 6, 159, 89, 89)
fake_05811.png,patch_overlay,('patch_overlay', 179, 353, 78, 78)
fake_05812.png,module_corruption,('module_corruption', 19, 17, 9)
fake_05813.png,module_corruption,('module_corruption', 9, 20, 11)
fake_05814.png,patch_overlay,('patch_overlay', 132, 292, 82, 82)
fake_05815.png,patch_overlay,('patch_overlay', 226, 196, 82, 82)
fake_05816.png,module_corruption,('module_corruption', 17, 1, 11)
fake_05817.png,patch_overlay,('patch_overlay', 253, 157, 86, 86)
fake_05818.png,patch_overlay,('patch_overlay', 172, 224, 82, 82)
fake_05819.png,patch_overlay,('patch_overlay', 149, 166, 79, 79)
fake_05820.png,patch_overlay,('patch_overlay', 108, 320, 71, 71)
fake_05821.png,module_corruption,('module_corruption', 21, 23, 12)
fake_05822.png,module_corruption,('module_corruption', 17, 3, 11)
fake_05823.png,module_corruption,('module_corruption', 7, 3, 11)
fake_05824.png,module_corruption,('module_corruption', 20, 22, 13)
fake_05825.png,patch_overlay,('patch_overlay', 183, 276, 83, 83)
fake_05826.png,patch_overlay,('patch_overlay', 259, 28, 67, 67)
fake_05827.png,patch_overlay,('patch_overlay', 275, 180, 64, 64)
fake_05828.png,module_corruption,('module_corruption', 23, 19, 12)
fake_05829.png,patch_overlay,('patch_overlay', 135, 34, 80, 80)
fake_05830.png,patch_overlay,('patch_overlay', 306, 222, 78, 78)
fake_05831.png,patch_overlay,('patch_overlay', 208, 77, 86, 86)
fake_05832.png,patch_overlay,('patch_overlay', 49, 294, 73, 73)
fake_05833.png,module_corruption,('module_corruption', 26, 12, 11)
fake_05834.png,module_corruption,('module_corruption', 9, 8, 10)
fake_05835.png,module_corruption,('module_corruption', 18, 1, 13)
fake_05836.png,module_corruption,('module_corruption', 16, 2, 9)
fake_05837.png,module_corruption,('module_corruption', 15, 10, 11)
fake_05838.png,patch_overlay,('patch_overlay', 180, 59, 64, 64)
fake_05839.png,module_corruption,('module_corruption', 27, 11, 10)
fake_05840.png,patch_overlay,('patch_overlay', 157, 293, 66, 66)
fake_05841.png,patch_overlay,('patch_overlay', 21, 309, 94, 94)
fake_05842.png,patch_overlay,('patch_overlay', 313, 48, 80, 80)
fake_05843.png,module_corruption,('module_corruption', 13, 3, 13)
fake_05844.png,module_corruption,('module_corruption', 23, 9, 9)
fake_05845.png,module_corruption,('module_corruption', 27, 8, 10)
fake_05846.png,patch_overlay,('patch_overlay', 78, 248, 75, 75)
fake_05847.png,module_corruption,('module_corruption', 21, 13, 9)
fake_05848.png,patch_overlay,('patch_overlay', 304, 82, 62, 62)
fake_05849.png,module_corruption,('module_corruption', 25, 9, 9)
fake_05850.png,patch_overlay,('patch_overlay', 276, 59, 95, 95)
fake_05851.png,patch_overlay,('patch_overlay', 247, 168, 57, 57)
fake_05852.png,module_corruption,('module_corruption', 4, 3, 12)
fake_05853.png,module_corruption,('module_corruption', 10, 13, 13)
fake_05854.png,module_corruption,('module_corruption', 23, 11, 9)
fake_05855.png,module_corruption,('module_corruption', 19, 12, 10)
fake_05856.png,module_corruption,('module_corruption', 1, 23, 13)
fake_05857.png,module_corruption,('module_corruption', 10, 5, 9)
fake_05858.png,patch_overlay,('patch_overlay', 14, 160, 65, 65)
fake_05859.png,module_corruption,('module_corruption', 8, 3, 11)
fake_05860.png,module_corruption,('module_corruption', 8, 19, 14)
fake_05861.png,patch_overlay,('patch_overlay', 24, 155, 54, 54)
fake_05862.png,patch_overlay,('patch_overlay', 307, 39, 87, 87)
fake_05863.png,patch_overlay,('patch_overlay', 88, 226, 59, 59)
fake_05864.png,module_corruption,('module_corruption', 7, 14, 12)
fake_05865.png,module_corruption,('module_corruption', 23, 15, 11)
fake_05866.png,patch_overlay,('patch_overlay', 34, 25, 87, 87)
fake_05867.png,module_corruption,('module_corruption', 9, 14, 10)
fake_05868.png,patch_overlay,('patch_overlay', 29, 120, 87, 87)
fake_05869.png,patch_overlay,('patch_overlay', 353, 114, 90, 90)
fake_05870.png,module_corruption,('module_corruption', 8, 5, 13)
fake_05871.png,module_corruption,('module_corruption', 7, 12, 13)
fake_05872.png,patch_overlay,('patch_overlay', 349, 92, 77, 77)
fake_05873.png,patch_overlay,('patch_overlay', 67, 2, 89, 89)
fake_05874.png,patch_overlay,('patch_overlay', 347, 333, 75, 75)
fake_05875.png,module_corruption,('module_corruption', 1, 6, 11)
fake_05876.png,module_corruption,('module_corruption', 20, 2, 13)
fake_05877.png,module_corruption,('module_corruption', 10, 13, 9)
fake_05878.png,module_corruption,('module_corruption', 15, 24, 13)
fake_05879.png,patch_overlay,('patch_overlay', 207, 90, 71, 71)
fake_05880.png,module_corruption,('module_corruption', 23, 11, 14)
fake_05881.png,patch_overlay,('patch_overlay', 78, 343, 61, 61)
fake_05882.png,module_corruption,('module_corruption', 11, 2, 9)
fake_05883.png,patch_overlay,('patch_overlay', 234, 136, 94, 94)
fake_05884.png,patch_overlay,('patch_overlay', 144, 196, 65, 65)
fake_05885.png,module_corruption,('module_corruption', 9, 23, 10)
fake_05886.png,module_corruption,('module_corruption', 6, 16, 12)
fake_05887.png,patch_overlay,('patch_overlay', 345, 237, 73, 73)
fake_05888.png,patch_overlay,('patch_overlay', 165, 232, 81, 81)
fake_05889.png,module_corruption,('module_corruption', 15, 8, 12)
fake_05890.png,patch_overlay,('patch_overlay', 69, 110, 80, 80)
fake_05891.png,module_corruption,('module_corruption', 4, 9, 10)
fake_05892.png,patch_overlay,('patch_overlay', 281, 85, 56, 56)
fake_05893.png,patch_overlay,('patch_overlay', 80, 116, 87, 87)
fake_05894.png,patch_overlay,('patch_overlay', 247, 307, 93, 93)
fake_05895.png,patch_overlay,('patch_overlay', 288, 229, 77, 77)
fake_05896.png,module_corruption,('module_corruption', 6, 25, 12)
fake_05897.png,patch_overlay,('patch_overlay', 387, 109, 56, 56)
fake_05898.png,patch_overlay,('patch_overlay', 268, 163, 84, 84)
fake_05899.png,module_corruption,('module_corruption', 3, 22, 13)
fake_05900.png,module_corruption,('module_corruption', 10, 17, 13)
fake_05901.png,module_corruption,('module_corruption', 25, 23, 12)
fake_05902.png,module_corruption,('module_corruption', 7, 24, 9)
fake_05903.png,module_corruption,('module_corruption', 5, 21, 14)
fake_05904.png,patch_overlay,('patch_overlay', 205, 260, 85, 85)
fake_05905.png,module_corruption,('module_corruption', 18, 9, 14)
fake_05906.png,module_corruption,('module_corruption', 3, 10, 14)
fake_05907.png,module_corruption,('module_corruption', 3, 22, 14)
fake_05908.png,patch_overlay,('patch_overlay', 155, 206, 76, 76)
fake_05909.png,patch_overlay,('patch_overlay', 321, 200, 69, 69)
fake_05910.png,patch_overlay,('patch_overlay', 71, 34, 73, 73)
fake_05911.png,patch_overlay,('patch_overlay', 223, 355, 63, 63)
fake_05912.png,patch_overlay,('patch_overlay', 330, 102, 54, 54)
fake_05913.png,module_corruption,('module_corruption', 17, 9, 12)
fake_05914.png,module_corruption,('module_corruption', 21, 24, 9)
fake_05915.png,patch_overlay,('patch_overlay', 362, 360, 57, 57)
fake_05916.png,patch_overlay,('patch_overlay', 121, 267, 88, 88)
fake_05917.png,module_corruption,('module_corruption', 22, 18, 11)
fake_05918.png,patch_overlay,('patch_overlay', 43, 50, 62, 62)
fake_05919.png,module_corruption,('module_corruption', 3, 17, 13)
fake_05920.png,module_corruption,('module_corruption', 16, 2, 12)
fake_05921.png,patch_overlay,('patch_overlay', 339, 333, 59, 59)
fake_05922.png,patch_overlay,('patch_overlay', 342, 93, 78, 78)
fake_05923.png,patch_overlay,('patch_overlay', 163, 288, 70, 70)
fake_05924.png,patch_overlay,('patch_overlay', 302, 127, 88, 88)
fake_05925.png,module_corruption,('module_corruption', 9, 19, 13)
fake_05926.png,patch_overlay,('patch_overlay', 141, 78, 82, 82)
fake_05927.png,module_corruption,('module_corruption', 9, 21, 10)
fake_05928.png,module_corruption,('module_corruption', 10, 0, 11)
fake_05929.png,module_corruption,('module_corruption', 10, 25, 9)
fake_05930.png,module_corruption,('module_corruption', 5, 23, 10)
fake_05931.png,patch_overlay,('patch_overlay', 1, 112, 79, 79)
fake_05932.png,module_corruption,('module_corruption', 0, 5, 9)
fake_05933.png,patch_overlay,('patch_overlay', 189, 364, 59, 59)
fake_05934.png,module_corruption,('module_corruption', 9, 24, 11)
fake_05935.png,module_corruption,('module_corruption', 15, 16, 14)
fake_05936.png,patch_overlay,('patch_overlay', 326, 341, 98, 98)
fake_05937.png,patch_overlay,('patch_overlay', 99, 133, 98, 98)
fake_05938.png,module_corruption,('module_corruption', 24, 7, 11)
fake_05939.png,patch_overlay,('patch_overlay', 144, 351, 68, 68)
fake_05940.png,patch_overlay,('patch_overlay', 240, 267, 94, 94)
fake_05941.png,module_corruption,('module_corruption', 16, 2, 13)
fake_05942.png,patch_overlay,('patch_overlay', 139, 143, 63, 63)
fake_05943.png,patch_overlay,('patch_overlay', 353, 117, 65, 65)
fake_05944.png,patch_overlay,('patch_overlay', 122, 131, 83, 83)
fake_05945.png,module_corruption,('module_corruption', 8, 20, 12)
fake_05946.png,patch_overlay,('patch_overlay', 3, 122, 96, 96)
fake_05947.png,module_corruption,('module_corruption', 0, 18, 13)
fake_05948.png,module_corruption,('module_corruption', 3, 23, 12)
fake_05949.png,module_corruption,('module_corruption', 14, 1, 12)
fake_05950.png,module_corruption,('module_corruption', 12, 15, 12)
fake_05951.png,patch_overlay,('patch_overlay', 265, 161, 90, 90)
fake_05952.png,module_corruption,('module_corruption', 10, 25, 11)
fake_05953.png,module_corruption,('module_corruption', 19, 0, 9)
fake_05954.png,patch_overlay,('patch_overlay', 239, 57, 55, 55)
fake_05955.png,module_corruption,('module_corruption', 8, 22, 11)
fake_05956.png,patch_overlay,('patch_overlay', 346, 22, 76, 76)
fake_05957.png,patch_overlay,('patch_overlay', 151, 74, 77, 77)
fake_05958.png,patch_overlay,('patch_overlay', 223, 208, 70, 70)
fake_05959.png,patch_overlay,('patch_overlay', 270, 277, 77, 77)
fake_05960.png,module_corruption,('module_corruption', 15, 12, 10)
fake_05961.png,module_corruption,('module_corruption', 11, 0, 9)
fake_05962.png,module_corruption,('module_corruption', 14, 14, 11)
fake_05963.png,module_corruption,('module_corruption', 5, 8, 10)
fake_05964.png,module_corruption,('module_corruption', 8, 14, 11)
fake_05965.png,patch_overlay,('patch_overlay', 92, 155, 60, 60)
fake_05966.png,patch_overlay,('patch_overlay', 172, 107, 58, 58)
fake_05967.png,patch_overlay,('patch_overlay', 204, 238, 91, 91)
fake_05968.png,patch_overlay,('patch_overlay', 218, 376, 54, 54)
fake_05969.png,patch_overlay,('patch_overlay', 102, 211, 79, 79)
fake_05970.png,module_corruption,('module_corruption', 19, 14, 10)
fake_05971.png,module_corruption,('module_corruption', 20, 0, 13)
fake_05972.png,module_corruption,('module_corruption', 13, 8, 12)
fake_05973.png,module_corruption,('module_corruption', 26, 12, 11)
fake_05974.png,module_corruption,('module_corruption', 12, 22, 13)
fake_05975.png,module_corruption,('module_corruption', 14, 25, 9)
fake_05976.png,patch_overlay,('patch_overlay', 47, 249, 59, 59)
fake_05977.png,module_corruption,('module_corruption', 1, 16, 10)
fake_05978.png,patch_overlay,('patch_overlay', 98, 38, 92, 92)
fake_05979.png,module_corruption,('module_corruption', 2, 3, 13)
fake_05980.png,patch_overlay,('patch_overlay', 68, 373, 72, 72)
fake_05981.png,patch_overlay,('patch_overlay', 31, 156, 73, 73)
fake_05982.png,patch_overlay,('patch_overlay', 197, 198, 72, 72)
fake_05983.png,module_corruption,('module_corruption', 8, 0, 13)
fake_05984.png,patch_overlay,('patch_overlay', 92, 253, 97, 97)
fake_05985.png,patch_overlay,('patch_overlay', 133, 62, 93, 93)
fake_05986.png,module_corruption,('module_corruption', 3, 21, 12)
fake_05987.png,patch_overlay,('patch_overlay', 257, 324, 74, 74)
fake_05988.png,module_corruption,('module_corruption', 0, 12, 10)
fake_05989.png,patch_overlay,('patch_overlay', 25, 135, 69, 69)
fake_05990.png,module_corruption,('module_corruption', 3, 23, 10)
fake_05991.png,patch_overlay,('patch_overlay', 183, 133, 76, 76)
fake_05992.png,patch_overlay,('patch_overlay', 310, 285, 90, 90)
fake_05993.png,patch_overlay,('patch_overlay', 92, 78, 59, 59)
fake_05994.png,patch_overlay,('patch_overlay', 353, 44, 80, 80)
fake_05995.png,module_corruption,('module_corruption', 6, 23, 12)
fake_05996.png,module_corruption,('module_corruption', 15, 18, 14)
fake_05997.png,patch_overlay,('patch_overlay', 128, 160, 93, 93)
fake_05998.png,patch_overlay,('patch_overlay', 236, 41, 64, 64)
fake_05999.png,patch_overlay,('patch_overlay', 263, 108, 58, 58)
fake_06000.png,module_corruption,('module_corruption', 17, 22, 13)
fake_06001.png,patch_overlay,('patch_overlay', 150, 62, 87, 87)
fake_06002.png,patch_overlay,('patch_overlay', 61, 40, 69, 69)
fake_06003.png,patch_overlay,('patch_overlay', 290, 257, 95, 95)
fake_06004.png,patch_overlay,('patch_overlay', 80, 5, 54, 54)
fake_06005.png,patch_overlay,('patch_overlay', 286, 341, 68, 68)
fake_06006.png,module_corruption,('module_corruption', 5, 10, 10)
fake_06007.png,module_corruption,('module_corruption', 14, 21, 12)
fake_06008.png,module_corruption,('module_corruption', 2, 9, 9)
fake_06009.png,module_corruption,('module_corruption', 23, 18, 11)
fake_06010.png,module_corruption,('module_corruption', 8, 5, 14)
fake_06011.png,patch_overlay,('patch_overlay', 70, 304, 69, 69)
fake_06012.png,module_corruption,('module_corruption', 13, 5, 14)
fake_06013.png,module_corruption,('module_corruption', 11, 11, 9)
fake_06014.png,patch_overlay,('patch_overlay', 163, 64, 80, 80)
fake_06015.png,module_corruption,('module_corruption', 23, 0, 13)
fake_06016.png,patch_overlay,('patch_overlay', 250, 370, 73, 73)
fake_06017.png,patch_overlay,('patch_overlay', 133, 348, 55, 55)
fake_06018.png,patch_overlay,('patch_overlay', 274, 278, 76, 76)
fake_06019.png,patch_overlay,('patch_overlay', 213, 283, 62, 62)
fake_06020.png,module_corruption,('module_corruption', 9, 16, 11)
fake_06021.png,patch_overlay,('patch_overlay', 344, 232, 87, 87)
fake_06022.png,patch_overlay,('patch_overlay', 247, 26, 77, 77)
fake_06023.png,module_corruption,('module_corruption', 6, 23, 12)
fake_06024.png,patch_overlay,('patch_overlay', 135, 255, 68, 68)
fake_06025.png,module_corruption,('module_corruption', 7, 6, 12)
fake_06026.png,patch_overlay,('patch_overlay', 209, 387, 55, 55)
fake_06027.png,module_corruption,('module_corruption', 27, 2, 9)
fake_06028.png,patch_overlay,('patch_overlay', 67, 141, 79, 79)
fake_06029.png,patch_overlay,('patch_overlay', 270, 282, 56, 56)
fake_06030.png,module_corruption,('module_corruption', 3, 8, 13)
fake_06031.png,module_corruption,('module_corruption', 18, 1, 13)
fake_06032.png,module_corruption,('module_corruption', 19, 18, 14)
fake_06033.png,patch_overlay,('patch_overlay', 322, 5, 78, 78)
fake_06034.png,module_corruption,('module_corruption', 8, 16, 11)
fake_06035.png,patch_overlay,('patch_overlay', 350, 114, 94, 94)
fake_06036.png,module_corruption,('module_corruption', 9, 17, 10)
fake_06037.png,patch_overlay,('patch_overlay', 320, 197, 98, 98)
fake_06038.png,patch_overlay,('patch_overlay', 71, 73, 70, 70)
fake_06039.png,patch_overlay,('patch_overlay', 240, 37, 88, 88)
fake_06040.png,patch_overlay,('patch_overlay', 33, 239, 63, 63)
fake_06041.png,patch_overlay,('patch_overlay', 94, 244, 66, 66)
fake_06042.png,module_corruption,('module_corruption', 4, 20, 13)
fake_06043.png,module_corruption,('module_corruption', 12, 17, 9)
fake_06044.png,patch_overlay,('patch_overlay', 130, 119, 69, 69)
fake_06045.png,module_corruption,('module_corruption', 23, 7, 10)
fake_06046.png,patch_overlay,('patch_overlay', 199, 307, 91, 91)
fake_06047.png,module_corruption,('module_corruption', 0, 21, 10)
fake_06048.png,module_corruption,('module_corruption', 6, 23, 12)
fake_06049.png,patch_overlay,('patch_overlay', 2, 52, 74, 74)
fake_06050.png,patch_overlay,('patch_overlay', 384, 188, 66, 66)
fake_06051.png,module_corruption,('module_corruption', 16, 22, 12)
fake_06052.png,patch_overlay,('patch_overlay', 123, 135, 76, 76)
fake_06053.png,module_corruption,('module_corruption', 12, 22, 11)
fake_06054.png,patch_overlay,('patch_overlay', 89, 168, 85, 85)
fake_06055.png,patch_overlay,('patch_overlay', 110, 210, 56, 56)
fake_06056.png,module_corruption,('module_corruption', 20, 13, 14)
fake_06057.png,module_corruption,('module_corruption', 19, 0, 11)
fake_06058.png,patch_overlay,('patch_overlay', 356, 34, 56, 56)
fake_06059.png,module_corruption,('module_corruption', 15, 14, 11)
fake_06060.png,module_corruption,('module_corruption', 1, 8, 13)
fake_06061.png,patch_overlay,('patch_overlay', 251, 39, 84, 84)
fake_06062.png,patch_overlay,('patch_overlay', 387, 279, 61, 61)
fake_06063.png,patch_overlay,('patch_overlay', 296, 5, 89, 89)
fake_06064.png,patch_overlay,('patch_overlay', 193, 323, 63, 63)
fake_06065.png,patch_overlay,('patch_overlay', 303, 353, 82, 82)
fake_06066.png,patch_overlay,('patch_overlay', 77, 327, 55, 55)
fake_06067.png,patch_overlay,('patch_overlay', 32, 107, 68, 68)
fake_06068.png,patch_overlay,('patch_overlay', 138, 221, 54, 54)
fake_06069.png,module_corruption,('module_corruption', 8, 8, 10)
fake_06070.png,patch_overlay,('patch_overlay', 32, 252, 97, 97)
fake_06071.png,patch_overlay,('patch_overlay', 195, 85, 74, 74)
fake_06072.png,module_corruption,('module_corruption', 26, 5, 9)
fake_06073.png,module_corruption,('module_corruption', 18, 8, 9)
fake_06074.png,module_corruption,('module_corruption', 24, 2, 13)
fake_06075.png,module_corruption,('module_corruption', 16, 5, 10)
fake_06076.png,module_corruption,('module_corruption', 22, 10, 10)
fake_06077.png,patch_overlay,('patch_overlay', 258, 328, 61, 61)
fake_06078.png,patch_overlay,('patch_overlay', 86, 206, 97, 97)
fake_06079.png,module_corruption,('module_corruption', 4, 10, 9)
fake_06080.png,module_corruption,('module_corruption', 17, 19, 12)
fake_06081.png,patch_overlay,('patch_overlay', 4, 195, 68, 68)
fake_06082.png,patch_overlay,('patch_overlay', 282, 94, 71, 71)
fake_06083.png,patch_overlay,('patch_overlay', 110, 303, 54, 54)
fake_06084.png,module_corruption,('module_corruption', 17, 26, 10)
fake_06085.png,module_corruption,('module_corruption', 24, 1, 11)
fake_06086.png,module_corruption,('module_corruption', 20, 1, 10)
fake_06087.png,module_corruption,('module_corruption', 26, 26, 11)
fake_06088.png,patch_overlay,('patch_overlay', 169, 106, 77, 77)
fake_06089.png,module_corruption,('module_corruption', 10, 10, 14)
fake_06090.png,module_corruption,('module_corruption', 20, 9, 10)
fake_06091.png,patch_overlay,('patch_overlay', 234, 98, 66, 66)
fake_06092.png,module_corruption,('module_corruption', 4, 20, 13)
fake_06093.png,module_corruption,('module_corruption', 12, 4, 13)
fake_06094.png,module_corruption,('module_corruption', 16, 6, 11)
fake_06095.png,patch_overlay,('patch_overlay', 11, 126, 86, 86)
fake_06096.png,patch_overlay,('patch_overlay', 45, 188, 64, 64)
fake_06097.png,patch_overlay,('patch_overlay', 317, 136, 94, 94)
fake_06098.png,patch_overlay,('patch_overlay', 45, 177, 93, 93)
fake_06099.png,patch_overlay,('patch_overlay', 267, 133, 90, 90)
fake_06100.png,module_corruption,('module_corruption', 7, 12, 10)
fake_06101.png,patch_overlay,('patch_overlay', 159, 230, 98, 98)
fake_06102.png,patch_overlay,('patch_overlay', 218, 113, 79, 79)
fake_06103.png,patch_overlay,('patch_overlay', 53, 82, 63, 63)
fake_06104.png,module_corruption,('module_corruption', 22, 2, 14)
fake_06105.png,patch_overlay,('patch_overlay', 25, 263, 57, 57)
fake_06106.png,patch_overlay,('patch_overlay', 266, 91, 68, 68)
fake_06107.png,module_corruption,('module_corruption', 5, 19, 10)
fake_06108.png,module_corruption,('module_corruption', 10, 12, 9)
fake_06109.png,module_corruption,('module_corruption', 26, 12, 11)
fake_06110.png,module_corruption,('module_corruption', 14, 8, 9)
fake_06111.png,module_corruption,('module_corruption', 11, 12, 9)
fake_06112.png,module_corruption,('module_corruption', 3, 23, 12)
fake_06113.png,module_corruption,('module_corruption', 17, 21, 9)
fake_06114.png,module_corruption,('module_corruption', 15, 15, 12)
fake_06115.png,module_corruption,('module_corruption', 11, 0, 10)
fake_06116.png,module_corruption,('module_corruption', 11, 27, 10)
fake_06117.png,module_corruption,('module_corruption', 18, 2, 12)
fake_06118.png,patch_overlay,('patch_overlay', 182, 355, 79, 79)
fake_06119.png,patch_overlay,('patch_overlay', 295, 212, 84, 84)
fake_06120.png,module_corruption,('module_corruption', 24, 23, 9)
fake_06121.png,patch_overlay,('patch_overlay', 141, 340, 83, 83)
fake_06122.png,patch_overlay,('patch_overlay', 172, 259, 64, 64)
fake_06123.png,module_corruption,('module_corruption', 3, 9, 13)
fake_06124.png,patch_overlay,('patch_overlay', 153, 109, 61, 61)
fake_06125.png,module_corruption,('module_corruption', 10, 28, 9)
fake_06126.png,module_corruption,('module_corruption', 11, 17, 12)
fake_06127.png,patch_overlay,('patch_overlay', 200, 8, 73, 73)
fake_06128.png,patch_overlay,('patch_overlay', 363, 78, 87, 87)
fake_06129.png,patch_overlay,('patch_overlay', 219, 306, 85, 85)
fake_06130.png,patch_overlay,('patch_overlay', 290, 245, 56, 56)
fake_06131.png,module_corruption,('module_corruption', 14, 11, 9)
fake_06132.png,module_corruption,('module_corruption', 15, 1, 10)
fake_06133.png,module_corruption,('module_corruption', 22, 11, 11)
fake_06134.png,module_corruption,('module_corruption', 23, 17, 12)
fake_06135.png,module_corruption,('module_corruption', 12, 5, 11)
fake_06136.png,module_corruption,('module_corruption', 7, 4, 12)
fake_06137.png,module_corruption,('module_corruption', 14, 3, 13)
fake_06138.png,patch_overlay,('patch_overlay', 334, 321, 95, 95)
fake_06139.png,module_corruption,('module_corruption', 24, 23, 12)
fake_06140.png,patch_overlay,('patch_overlay', 53, 285, 93, 93)
fake_06141.png,module_corruption,('module_corruption', 5, 9, 11)
fake_06142.png,module_corruption,('module_corruption', 24, 1, 12)
fake_06143.png,patch_overlay,('patch_overlay', 65, 133, 72, 72)
fake_06144.png,patch_overlay,('patch_overlay', 159, 169, 76, 76)
fake_06145.png,patch_overlay,('patch_overlay', 144, 199, 60, 60)
fake_06146.png,patch_overlay,('patch_overlay', 30, 7, 93, 93)
fake_06147.png,module_corruption,('module_corruption', 16, 20, 10)
fake_06148.png,patch_overlay,('patch_overlay', 345, 277, 85, 85)
fake_06149.png,patch_overlay,('patch_overlay', 303, 308, 57, 57)
fake_06150.png,module_corruption,('module_corruption', 3, 2, 10)
fake_06151.png,patch_overlay,('patch_overlay', 185, 170, 76, 76)
fake_06152.png,patch_overlay,('patch_overlay', 142, 95, 71, 71)
fake_06153.png,module_corruption,('module_corruption', 0, 12, 10)
fake_06154.png,patch_overlay,('patch_overlay', 259, 245, 55, 55)
fake_06155.png,module_corruption,('module_corruption', 23, 0, 11)
fake_06156.png,patch_overlay,('patch_overlay', 87, 148, 91, 91)
fake_06157.png,module_corruption,('module_corruption', 17, 15, 11)
fake_06158.png,module_corruption,('module_corruption', 16, 15, 11)
fake_06159.png,module_corruption,('module_corruption', 3, 22, 10)
fake_06160.png,module_corruption,('module_corruption', 15, 11, 13)
fake_06161.png,module_corruption,('module_corruption', 23, 17, 13)
fake_06162.png,module_corruption,('module_corruption', 5, 3, 10)
fake_06163.png,module_corruption,('module_corruption', 14, 4, 11)
fake_06164.png,module_corruption,('module_corruption', 4, 11, 14)
fake_06165.png,patch_overlay,('patch_overlay', 6, 37, 72, 72)
fake_06166.png,module_corruption,('module_corruption', 9, 6, 13)
fake_06167.png,patch_overlay,('patch_overlay', 268, 80, 82, 82)
fake_06168.png,module_corruption,('module_corruption', 17, 7, 13)
fake_06169.png,module_corruption,('module_corruption', 0, 2, 13)
fake_06170.png,patch_overlay,('patch_overlay', 86, 70, 91, 91)
fake_06171.png,patch_overlay,('patch_overlay', 215, 81, 76, 76)
fake_06172.png,patch_overlay,('patch_overlay', 88, 38, 79, 79)
fake_06173.png,module_corruption,('module_corruption', 12, 8, 12)
fake_06174.png,patch_overlay,('patch_overlay', 77, 288, 98, 98)
fake_06175.png,patch_overlay,('patch_overlay', 152, 355, 81, 81)
fake_06176.png,patch_overlay,('patch_overlay', 222, 380, 65, 65)
fake_06177.png,module_corruption,('module_corruption', 19, 21, 12)
fake_06178.png,module_corruption,('module_corruption', 22, 1, 12)
fake_06179.png,patch_overlay,('patch_overlay', 332, 26, 87, 87)
fake_06180.png,patch_overlay,('patch_overlay', 190, 79, 88, 88)
fake_06181.png,patch_overlay,('patch_overlay', 102, 334, 82, 82)
fake_06182.png,module_corruption,('module_corruption', 4, 22, 13)
fake_06183.png,patch_overlay,('patch_overlay', 308, 234, 76, 76)
fake_06184.png,patch_overlay,('patch_overlay', 231, 197, 91, 91)
fake_06185.png,patch_overlay,('patch_overlay', 191, 304, 91, 91)
fake_06186.png,module_corruption,('module_corruption', 4, 12, 12)
fake_06187.png,patch_overlay,('patch_overlay', 258, 60, 68, 68)
fake_06188.png,patch_overlay,('patch_overlay', 299, 294, 70, 70)
fake_06189.png,patch_overlay,('patch_overlay', 307, 110, 88, 88)
fake_06190.png,patch_overlay,('patch_overlay', 292, 103, 70, 70)
fake_06191.png,module_corruption,('module_corruption', 1, 6, 11)
fake_06192.png,module_corruption,('module_corruption', 19, 19, 13)
fake_06193.png,patch_overlay,('patch_overlay', 213, 197, 89, 89)
fake_06194.png,module_corruption,('module_corruption', 1, 19, 10)
fake_06195.png,module_corruption,('module_corruption', 1, 0, 10)
fake_06196.png,patch_overlay,('patch_overlay', 319, 172, 76, 76)
fake_06197.png,module_corruption,('module_corruption', 25, 5, 12)
fake_06198.png,module_corruption,('module_corruption', 23, 22, 12)
fake_06199.png,patch_overlay,('patch_overlay', 6, 69, 72, 72)
fake_06200.png,module_corruption,('module_corruption', 12, 21, 12)
fake_06201.png,module_corruption,('module_corruption', 5, 21, 9)
fake_06202.png,patch_overlay,('patch_overlay', 377, 235, 67, 67)
fake_06203.png,module_corruption,('module_corruption', 26, 19, 11)
fake_06204.png,patch_overlay,('patch_overlay', 188, 267, 56, 56)
fake_06205.png,module_corruption,('module_corruption', 19, 1, 11)
fake_06206.png,module_corruption,('module_corruption', 10, 14, 14)
fake_06207.png,patch_overlay,('patch_overlay', 321, 146, 57, 57)
fake_06208.png,patch_overlay,('patch_overlay', 63, 345, 93, 93)
fake_06209.png,module_corruption,('module_corruption', 11, 16, 13)
fake_06210.png,patch_overlay,('patch_overlay', 160, 99, 58, 58)
fake_06211.png,patch_overlay,('patch_overlay', 100, 214, 72, 72)
fake_06212.png,patch_overlay,('patch_overlay', 186, 26, 79, 79)
fake_06213.png,module_corruption,('module_corruption', 3, 10, 12)
fake_06214.png,patch_overlay,('patch_overlay', 66, 322, 84, 84)
fake_06215.png,module_corruption,('module_corruption', 20, 17, 13)
fake_06216.png,patch_overlay,('patch_overlay', 191, 179, 98, 98)
fake_06217.png,patch_overlay,('patch_overlay', 139, 217, 72, 72)
fake_06218.png,patch_overlay,('patch_overlay', 209, 174, 77, 77)
fake_06219.png,module_corruption,('module_corruption', 25, 11, 9)
fake_06220.png,module_corruption,('module_corruption', 10, 16, 9)
fake_06221.png,module_corruption,('module_corruption', 24, 7, 9)
fake_06222.png,patch_overlay,('patch_overlay', 256, 44, 94, 94)
fake_06223.png,patch_overlay,('patch_overlay', 26, 314, 86, 86)
fake_06224.png,module_corruption,('module_corruption', 3, 22, 13)
fake_06225.png,patch_overlay,('patch_overlay', 330, 280, 63, 63)
fake_06226.png,patch_overlay,('patch_overlay', 129, 41, 67, 67)
fake_06227.png,patch_overlay,('patch_overlay', 3, 182, 80, 80)
fake_06228.png,patch_overlay,('patch_overlay', 98, 30, 88, 88)
fake_06229.png,module_corruption,('module_corruption', 12, 11, 11)
fake_06230.png,module_corruption,('module_corruption', 5, 17, 9)
fake_06231.png,patch_overlay,('patch_overlay', 90, 145, 90, 90)
fake_06232.png,module_corruption,('module_corruption', 7, 12, 10)
fake_06233.png,patch_overlay,('patch_overlay', 271, 296, 61, 61)
fake_06234.png,patch_overlay,('patch_overlay', 72, 267, 91, 91)
fake_06235.png,patch_overlay,('patch_overlay', 102, 273, 62, 62)
fake_06236.png,patch_overlay,('patch_overlay', 36, 43, 89, 89)
fake_06237.png,module_corruption,('module_corruption', 6, 10, 11)
fake_06238.png,module_corruption,('module_corruption', 23, 22, 9)
fake_06239.png,patch_overlay,('patch_overlay', 125, 189, 91, 91)
fake_06240.png,patch_overlay,('patch_overlay', 115, 242, 88, 88)
fake_06241.png,patch_overlay,('patch_overlay', 166, 111, 88, 88)
fake_06242.png,patch_overlay,('patch_overlay', 301, 337, 67, 67)
fake_06243.png,patch_overlay,('patch_overlay', 283, 101, 57, 57)
fake_06244.png,module_corruption,('module_corruption', 21, 7, 12)
fake_06245.png,patch_overlay,('patch_overlay', 296, 73, 69, 69)
fake_06246.png,patch_overlay,('patch_overlay', 289, 120, 76, 76)
fake_06247.png,module_corruption,('module_corruption', 4, 0, 14)
fake_06248.png,patch_overlay,('patch_overlay', 103, 310, 85, 85)
fake_06249.png,patch_overlay,('patch_overlay', 172, 307, 68, 68)
fake_06250.png,module_corruption,('module_corruption', 10, 21, 9)
fake_06251.png,module_corruption,('module_corruption', 0, 20, 10)
fake_06252.png,module_corruption,('module_corruption', 24, 18, 13)
fake_06253.png,module_corruption,('module_corruption', 8, 6, 13)
fake_06254.png,patch_overlay,('patch_overlay', 39, 143, 79, 79)
fake_06255.png,patch_overlay,('patch_overlay', 110, 326, 75, 75)
fake_06256.png,module_corruption,('module_corruption', 8, 22, 10)
fake_06257.png,patch_overlay,('patch_overlay', 328, 128, 62, 62)
fake_06258.png,patch_overlay,('patch_overlay', 175, 47, 93, 93)
fake_06259.png,patch_overlay,('patch_overlay', 83, 58, 74, 74)
fake_06260.png,patch_overlay,('patch_overlay', 37, 324, 92, 92)
fake_06261.png,patch_overlay,('patch_overlay', 284, 199, 89, 89)
fake_06262.png,module_corruption,('module_corruption', 15, 13, 10)
fake_06263.png,patch_overlay,('patch_overlay', 309, 300, 79, 79)
fake_06264.png,module_corruption,('module_corruption', 25, 10, 11)
fake_06265.png,module_corruption,('module_corruption', 14, 2, 10)
fake_06266.png,patch_overlay,('patch_overlay', 150, 220, 91, 91)
fake_06267.png,module_corruption,('module_corruption', 16, 19, 11)
fake_06268.png,module_corruption,('module_corruption', 11, 19, 12)
fake_06269.png,module_corruption,('module_corruption', 4, 7, 13)
fake_06270.png,module_corruption,('module_corruption', 14, 18, 11)
fake_06271.png,module_corruption,('module_corruption', 11, 20, 13)
fake_06272.png,patch_overlay,('patch_overlay', 202, 264, 97, 97)
fake_06273.png,module_corruption,('module_corruption', 22, 26, 10)
fake_06274.png,module_corruption,('module_corruption', 17, 24, 11)
fake_06275.png,patch_overlay,('patch_overlay', 118, 359, 63, 63)
fake_06276.png,patch_overlay,('patch_overlay', 206, 181, 85, 85)
fake_06277.png,patch_overlay,('patch_overlay', 157, 345, 79, 79)
fake_06278.png,patch_overlay,('patch_overlay', 265, 224, 62, 62)
fake_06279.png,module_corruption,('module_corruption', 5, 16, 13)
fake_06280.png,patch_overlay,('patch_overlay', 160, 236, 54, 54)
fake_06281.png,module_corruption,('module_corruption', 1, 6, 13)
fake_06282.png,module_corruption,('module_corruption', 5, 11, 13)
fake_06283.png,patch_overlay,('patch_overlay', 281, 158, 81, 81)
fake_06284.png,module_corruption,('module_corruption', 25, 4, 10)
fake_06285.png,patch_overlay,('patch_overlay', 60, 210, 67, 67)
fake_06286.png,patch_overlay,('patch_overlay', 276, 294, 88, 88)
fake_06287.png,module_corruption,('module_corruption', 23, 5, 14)
fake_06288.png,module_corruption,('module_corruption', 10, 6, 10)
fake_06289.png,module_corruption,('module_corruption', 10, 5, 11)
fake_06290.png,patch_overlay,('patch_overlay', 333, 49, 57, 57)
fake_06291.png,patch_overlay,('patch_overlay', 217, 282, 93, 93)
fake_06292.png,module_corruption,('module_corruption', 25, 23, 10)
fake_06293.png,patch_overlay,('patch_overlay', 101, 146, 85, 85)
fake_06294.png,patch_overlay,('patch_overlay', 229, 47, 59, 59)
fake_06295.png,module_corruption,('module_corruption', 22, 5, 9)
fake_06296.png,module_corruption,('module_corruption', 7, 1, 11)
fake_06297.png,module_corruption,('module_corruption', 14, 7, 11)
fake_06298.png,module_corruption,('module_corruption', 11, 21, 10)
fake_06299.png,module_corruption,('module_corruption', 16, 9, 12)
fake_06300.png,patch_overlay,('patch_overlay', 349, 50, 90, 90)
fake_06301.png,module_corruption,('module_corruption', 6, 8, 14)
fake_06302.png,module_corruption,('module_corruption', 8, 6, 10)
fake_06303.png,patch_overlay,('patch_overlay', 46, 204, 65, 65)
fake_06304.png,module_corruption,('module_corruption', 2, 23, 12)
fake_06305.png,patch_overlay,('patch_overlay', 347, 283, 74, 74)
fake_06306.png,module_corruption,('module_corruption', 19, 1, 11)
fake_06307.png,patch_overlay,('patch_overlay', 185, 245, 64, 64)
fake_06308.png,module_corruption,('module_corruption', 20, 10, 11)
fake_06309.png,module_corruption,('module_corruption', 15, 9, 11)
fake_06310.png,patch_overlay,('patch_overlay', 5, 74, 63, 63)
fake_06311.png,module_corruption,('module_corruption', 6, 6, 9)
fake_06312.png,module_corruption,('module_corruption', 10, 16, 13)
fake_06313.png,patch_overlay,('patch_overlay', 217, 110, 94, 94)
fake_06314.png,patch_overlay,('patch_overlay', 118, 120, 57, 57)
fake_06315.png,module_corruption,('module_corruption', 27, 3, 9)
fake_06316.png,patch_overlay,('patch_overlay', 239, 97, 54, 54)
fake_06317.png,module_corruption,('module_corruption', 14, 7, 14)
fake_06318.png,module_corruption,('module_corruption', 27, 24, 9)
fake_06319.png,module_corruption,('module_corruption', 17, 5, 10)
fake_06320.png,module_corruption,('module_corruption', 5, 27, 9)
fake_06321.png,module_corruption,('module_corruption', 22, 10, 13)
fake_06322.png,patch_overlay,('patch_overlay', 303, 151, 78, 78)
fake_06323.png,patch_overlay,('patch_overlay', 233, 308, 92, 92)
fake_06324.png,module_corruption,('module_corruption', 20, 10, 11)
fake_06325.png,module_corruption,('module_corruption', 11, 1, 10)
fake_06326.png,module_corruption,('module_corruption', 7, 11, 11)
fake_06327.png,patch_overlay,('patch_overlay', 141, 265, 84, 84)
fake_06328.png,module_corruption,('module_corruption', 20, 15, 11)
fake_06329.png,patch_overlay,('patch_overlay', 204, 148, 54, 54)
fake_06330.png,patch_overlay,('patch_overlay', 124, 299, 95, 95)
fake_06331.png,patch_overlay,('patch_overlay', 265, 340, 96, 96)
fake_06332.png,module_corruption,('module_corruption', 4, 16, 11)
fake_06333.png,module_corruption,('module_corruption', 6, 7, 9)
fake_06334.png,patch_overlay,('patch_overlay', 128, 106, 96, 96)
fake_06335.png,module_corruption,('module_corruption', 19, 18, 12)
fake_06336.png,module_corruption,('module_corruption', 13, 7, 14)
fake_06337.png,module_corruption,('module_corruption', 11, 19, 12)
fake_06338.png,module_corruption,('module_corruption', 15, 23, 11)
fake_06339.png,module_corruption,('module_corruption', 21, 4, 13)
fake_06340.png,patch_overlay,('patch_overlay', 90, 64, 73, 73)
fake_06341.png,patch_overlay,('patch_overlay', 135, 12, 96, 96)
fake_06342.png,patch_overlay,('patch_overlay', 169, 356, 79, 79)
fake_06343.png,module_corruption,('module_corruption', 20, 8, 11)
fake_06344.png,patch_overlay,('patch_overlay', 39, 49, 79, 79)
fake_06345.png,patch_overlay,('patch_overlay', 348, 129, 87, 87)
fake_06346.png,patch_overlay,('patch_overlay', 117, 122, 90, 90)
fake_06347.png,module_corruption,('module_corruption', 21, 27, 10)
fake_06348.png,module_corruption,('module_corruption', 1, 22, 13)
fake_06349.png,patch_overlay,('patch_overlay', 141, 321, 98, 98)
fake_06350.png,module_corruption,('module_corruption', 10, 12, 13)
fake_06351.png,module_corruption,('module_corruption', 21, 22, 14)
fake_06352.png,patch_overlay,('patch_overlay', 50, 352, 94, 94)
fake_06353.png,patch_overlay,('patch_overlay', 98, 174, 81, 81)
fake_06354.png,patch_overlay,('patch_overlay', 377, 328, 72, 72)
fake_06355.png,patch_overlay,('patch_overlay', 317, 181, 59, 59)
fake_06356.png,patch_overlay,('patch_overlay', 28, 38, 91, 91)
fake_06357.png,module_corruption,('module_corruption', 0, 21, 9)
fake_06358.png,module_corruption,('module_corruption', 9, 5, 10)
fake_06359.png,patch_overlay,('patch_overlay', 75, 147, 98, 98)
fake_06360.png,module_corruption,('module_corruption', 16, 5, 14)
fake_06361.png,module_corruption,('module_corruption', 8, 1, 13)
fake_06362.png,module_corruption,('module_corruption', 19, 13, 13)
fake_06363.png,patch_overlay,('patch_overlay', 24, 155, 79, 79)
fake_06364.png,module_corruption,('module_corruption', 9, 2, 13)
fake_06365.png,patch_overlay,('patch_overlay', 149, 334, 82, 82)
fake_06366.png,module_corruption,('module_corruption', 23, 7, 13)
fake_06367.png,patch_overlay,('patch_overlay', 257, 82, 72, 72)
fake_06368.png,patch_overlay,('patch_overlay', 326, 280, 67, 67)
fake_06369.png,module_corruption,('module_corruption', 1, 21, 9)
fake_06370.png,patch_overlay,('patch_overlay', 130, 97, 95, 95)
fake_06371.png,patch_overlay,('patch_overlay', 237, 164, 70, 70)
fake_06372.png,patch_overlay,('patch_overlay', 358, 198, 57, 57)
fake_06373.png,module_corruption,('module_corruption', 8, 26, 10)
fake_06374.png,patch_overlay,('patch_overlay', 136, 319, 75, 75)
fake_06375.png,module_corruption,('module_corruption', 4, 6, 11)
fake_06376.png,module_corruption,('module_corruption', 20, 12, 14)
fake_06377.png,patch_overlay,('patch_overlay', 149, 125, 91, 91)
fake_06378.png,patch_overlay,('patch_overlay', 338, 208, 65, 65)
fake_06379.png,module_corruption,('module_corruption', 14, 2, 13)
fake_06380.png,module_corruption,('module_corruption', 19, 2, 13)
fake_06381.png,patch_overlay,('patch_overlay', 382, 100, 65, 65)
fake_06382.png,patch_overlay,('patch_overlay', 199, 71, 66, 66)
fake_06383.png,module_corruption,('module_corruption', 9, 21, 12)
fake_06384.png,module_corruption,('module_corruption', 9, 21, 12)
fake_06385.png,module_corruption,('module_corruption', 25, 16, 12)
fake_06386.png,patch_overlay,('patch_overlay', 218, 42, 64, 64)
fake_06387.png,patch_overlay,('patch_overlay', 66, 38, 85, 85)
fake_06388.png,module_corruption,('module_corruption', 10, 25, 10)
fake_06389.png,patch_overlay,('patch_overlay', 100, 289, 87, 87)
fake_06390.png,patch_overlay,('patch_overlay', 62, 55, 83, 83)
fake_06391.png,module_corruption,('module_corruption', 24, 13, 13)
fake_06392.png,module_corruption,('module_corruption', 6, 7, 9)
fake_06393.png,patch_overlay,('patch_overlay', 278, 369, 79, 79)
fake_06394.png,module_corruption,('module_corruption', 10, 1, 9)
fake_06395.png,patch_overlay,('patch_overlay', 170, 247, 76, 76)
fake_06396.png,module_corruption,('module_corruption', 23, 8, 12)
fake_06397.png,module_corruption,('module_corruption', 2, 24, 9)
fake_06398.png,patch_overlay,('patch_overlay', 204, 28, 78, 78)
fake_06399.png,module_corruption,('module_corruption', 2, 14, 13)
fake_06400.png,module_corruption,('module_corruption', 10, 2, 12)
fake_06401.png,module_corruption,('module_corruption', 17, 2, 11)
fake_06402.png,patch_overlay,('patch_overlay', 259, 125, 59, 59)
fake_06403.png,patch_overlay,('patch_overlay', 204, 85, 61, 61)
fake_06404.png,patch_overlay,('patch_overlay', 353, 256, 92, 92)
fake_06405.png,patch_overlay,('patch_overlay', 17, 240, 56, 56)
fake_06406.png,module_corruption,('module_corruption', 25, 1, 12)
fake_06407.png,module_corruption,('module_corruption', 11, 16, 11)
fake_06408.png,module_corruption,('module_corruption', 13, 14, 10)
fake_06409.png,patch_overlay,('patch_overlay', 51, 250, 62, 62)
fake_06410.png,module_corruption,('module_corruption', 22, 21, 13)
fake_06411.png,module_corruption,('module_corruption', 5, 21, 9)
fake_06412.png,module_corruption,('module_corruption', 14, 24, 12)
fake_06413.png,patch_overlay,('patch_overlay', 26, 301, 69, 69)
fake_06414.png,patch_overlay,('patch_overlay', 34, 204, 67, 67)
fake_06415.png,patch_overlay,('patch_overlay', 199, 353, 97, 97)
fake_06416.png,patch_overlay,('patch_overlay', 101, 313, 72, 72)
fake_06417.png,patch_overlay,('patch_overlay', 196, 324, 84, 84)
fake_06418.png,patch_overlay,('patch_overlay', 219, 276, 56, 56)
fake_06419.png,patch_overlay,('patch_overlay', 226, 134, 74, 74)
fake_06420.png,patch_overlay,('patch_overlay', 305, 313, 92, 92)
fake_06421.png,module_corruption,('module_corruption', 1, 2, 12)
fake_06422.png,module_corruption,('module_corruption', 22, 25, 12)
fake_06423.png,patch_overlay,('patch_overlay', 265, 194, 54, 54)
fake_06424.png,module_corruption,('module_corruption', 13, 19, 13)
fake_06425.png,module_corruption,('module_corruption', 3, 24, 13)
fake_06426.png,patch_overlay,('patch_overlay', 313, 303, 78, 78)
fake_06427.png,patch_overlay,('patch_overlay', 65, 317, 94, 94)
fake_06428.png,patch_overlay,('patch_overlay', 348, 161, 74, 74)
fake_06429.png,patch_overlay,('patch_overlay', 112, 372, 67, 67)
fake_06430.png,module_corruption,('module_corruption', 17, 0, 9)
fake_06431.png,patch_overlay,('patch_overlay', 292, 297, 86, 86)
fake_06432.png,patch_overlay,('patch_overlay', 168, 264, 72, 72)
fake_06433.png,module_corruption,('module_corruption', 19, 3, 12)
fake_06434.png,module_corruption,('module_corruption', 4, 1, 14)
fake_06435.png,patch_overlay,('patch_overlay', 61, 169, 81, 81)
fake_06436.png,patch_overlay,('patch_overlay', 21, 249, 62, 62)
fake_06437.png,module_corruption,('module_corruption', 25, 17, 12)
fake_06438.png,module_corruption,('module_corruption', 6, 17, 11)
fake_06439.png,patch_overlay,('patch_overlay', 153, 248, 76, 76)
fake_06440.png,patch_overlay,('patch_overlay', 74, 328, 81, 81)
fake_06441.png,patch_overlay,('patch_overlay', 204, 52, 62, 62)
fake_06442.png,patch_overlay,('patch_overlay', 314, 299, 81, 81)
fake_06443.png,module_corruption,('module_corruption', 6, 24, 10)
fake_06444.png,module_corruption,('module_corruption', 14, 2, 13)
fake_06445.png,module_corruption,('module_corruption', 11, 6, 13)
fake_06446.png,patch_overlay,('patch_overlay', 180, 106, 82, 82)
fake_06447.png,patch_overlay,('patch_overlay', 81, 346, 78, 78)
fake_06448.png,patch_overlay,('patch_overlay', 123, 73, 65, 65)
fake_06449.png,patch_overlay,('patch_overlay', 291, 114, 69, 69)
fake_06450.png,module_corruption,('module_corruption', 0, 3, 11)
fake_06451.png,module_corruption,('module_corruption', 21, 16, 12)
fake_06452.png,patch_overlay,('patch_overlay', 13, 41, 73, 73)
fake_06453.png,patch_overlay,('patch_overlay', 85, 262, 85, 85)
fake_06454.png,patch_overlay,('patch_overlay', 254, 177, 88, 88)
fake_06455.png,module_corruption,('module_corruption', 1, 17, 13)
fake_06456.png,module_corruption,('module_corruption', 0, 1, 12)
fake_06457.png,module_corruption,('module_corruption', 1, 17, 9)
fake_06458.png,patch_overlay,('patch_overlay', 170, 194, 78, 78)
fake_06459.png,patch_overlay,('patch_overlay', 137, 339, 79, 79)
fake_06460.png,patch_overlay,('patch_overlay', 112, 72, 97, 97)
fake_06461.png,patch_overlay,('patch_overlay', 54, 181, 60, 60)
fake_06462.png,module_corruption,('module_corruption', 13, 24, 11)
fake_06463.png,patch_overlay,('patch_overlay', 335, 159, 76, 76)
fake_06464.png,patch_overlay,('patch_overlay', 78, 184, 91, 91)
fake_06465.png,module_corruption,('module_corruption', 16, 25, 9)
fake_06466.png,patch_overlay,('patch_overlay', 242, 44, 93, 93)
fake_06467.png,module_corruption,('module_corruption', 7, 24, 10)
fake_06468.png,patch_overlay,('patch_overlay', 306, 245, 93, 93)
fake_06469.png,patch_overlay,('patch_overlay', 356, 184, 89, 89)
fake_06470.png,module_corruption,('module_corruption', 16, 17, 14)
fake_06471.png,module_corruption,('module_corruption', 22, 21, 11)
fake_06472.png,patch_overlay,('patch_overlay', 199, 24, 72, 72)
fake_06473.png,module_corruption,('module_corruption', 27, 26, 10)
fake_06474.png,patch_overlay,('patch_overlay', 76, 11, 63, 63)
fake_06475.png,patch_overlay,('patch_overlay', 229, 165, 54, 54)
fake_06476.png,module_corruption,('module_corruption', 4, 6, 12)
fake_06477.png,module_corruption,('module_corruption', 11, 8, 12)
fake_06478.png,patch_overlay,('patch_overlay', 41, 20, 68, 68)
fake_06479.png,module_corruption,('module_corruption', 17, 7, 13)
fake_06480.png,module_corruption,('module_corruption', 5, 2, 14)
fake_06481.png,module_corruption,('module_corruption', 0, 15, 12)
fake_06482.png,module_corruption,('module_corruption', 13, 3, 9)
fake_06483.png,patch_overlay,('patch_overlay', 360, 214, 65, 65)
fake_06484.png,module_corruption,('module_corruption', 1, 20, 13)
fake_06485.png,patch_overlay,('patch_overlay', 190, 144, 60, 60)
fake_06486.png,module_corruption,('module_corruption', 22, 12, 12)
fake_06487.png,patch_overlay,('patch_overlay', 49, 4, 96, 96)
fake_06488.png,patch_overlay,('patch_overlay', 59, 140, 76, 76)
fake_06489.png,patch_overlay,('patch_overlay', 271, 204, 71, 71)
fake_06490.png,patch_overlay,('patch_overlay', 212, 173, 65, 65)
fake_06491.png,patch_overlay,('patch_overlay', 84, 107, 81, 81)
fake_06492.png,patch_overlay,('patch_overlay', 56, 207, 98, 98)
fake_06493.png,patch_overlay,('patch_overlay', 168, 286, 84, 84)
fake_06494.png,module_corruption,('module_corruption', 22, 10, 13)
fake_06495.png,module_corruption,('module_corruption', 0, 3, 14)
fake_06496.png,patch_overlay,('patch_overlay', 133, 172, 64, 64)
fake_06497.png,module_corruption,('module_corruption', 16, 16, 9)
fake_06498.png,module_corruption,('module_corruption', 18, 10, 13)
fake_06499.png,patch_overlay,('patch_overlay', 5, 339, 96, 96)
fake_06500.png,patch_overlay,('patch_overlay', 5, 337, 62, 62)
fake_06501.png,patch_overlay,('patch_overlay', 318, 261, 67, 67)
fake_06502.png,module_corruption,('module_corruption', 18, 14, 11)
fake_06503.png,module_corruption,('module_corruption', 9, 22, 11)
fake_06504.png,module_corruption,('module_corruption', 10, 17, 12)
fake_06505.png,module_corruption,('module_corruption', 15, 19, 11)
fake_06506.png,patch_overlay,('patch_overlay', 274, 130, 88, 88)
fake_06507.png,module_corruption,('module_corruption', 13, 13, 13)
fake_06508.png,module_corruption,('module_corruption', 13, 18, 13)
fake_06509.png,module_corruption,('module_corruption', 16, 8, 10)
fake_06510.png,patch_overlay,('patch_overlay', 197, 22, 64, 64)
fake_06511.png,module_corruption,('module_corruption', 22, 28, 9)
fake_06512.png,module_corruption,('module_corruption', 13, 25, 12)
fake_06513.png,patch_overlay,('patch_overlay', 158, 20, 85, 85)
fake_06514.png,patch_overlay,('patch_overlay', 15, 155, 60, 60)
fake_06515.png,patch_overlay,('patch_overlay', 360, 157, 67, 67)
fake_06516.png,patch_overlay,('patch_overlay', 259, 372, 55, 55)
fake_06517.png,patch_overlay,('patch_overlay', 159, 17, 79, 79)
fake_06518.png,patch_overlay,('patch_overlay', 105, 8, 91, 91)
fake_06519.png,patch_overlay,('patch_overlay', 254, 307, 70, 70)
fake_06520.png,patch_overlay,('patch_overlay', 4, 248, 79, 79)
fake_06521.png,patch_overlay,('patch_overlay', 170, 228, 65, 65)
fake_06522.png,module_corruption,('module_corruption', 9, 10, 9)
fake_06523.png,patch_overlay,('patch_overlay', 67, 188, 71, 71)
fake_06524.png,module_corruption,('module_corruption', 4, 11, 13)
fake_06525.png,patch_overlay,('patch_overlay', 95, 293, 94, 94)
fake_06526.png,patch_overlay,('patch_overlay', 271, 135, 98, 98)
fake_06527.png,patch_overlay,('patch_overlay', 12, 169, 73, 73)
fake_06528.png,module_corruption,('module_corruption', 2, 19, 9)
fake_06529.png,patch_overlay,('patch_overlay', 381, 269, 57, 57)
fake_06530.png,module_corruption,('module_corruption', 6, 22, 14)
fake_06531.png,module_corruption,('module_corruption', 16, 4, 10)
fake_06532.png,patch_overlay,('patch_overlay', 301, 334, 63, 63)
fake_06533.png,patch_overlay,('patch_overlay', 16, 319, 65, 65)
fake_06534.png,module_corruption,('module_corruption', 16, 11, 13)
fake_06535.png,module_corruption,('module_corruption', 0, 21, 13)
fake_06536.png,patch_overlay,('patch_overlay', 174, 110, 85, 85)
fake_06537.png,patch_overlay,('patch_overlay', 298, 279, 87, 87)
fake_06538.png,module_corruption,('module_corruption', 13, 14, 10)
fake_06539.png,module_corruption,('module_corruption', 15, 8, 13)
fake_06540.png,module_corruption,('module_corruption', 1, 25, 11)
fake_06541.png,module_corruption,('module_corruption', 23, 7, 9)
fake_06542.png,module_corruption,('module_corruption', 0, 13, 12)
fake_06543.png,module_corruption,('module_corruption', 20, 14, 11)
fake_06544.png,module_corruption,('module_corruption', 15, 1, 13)
fake_06545.png,module_corruption,('module_corruption', 16, 4, 13)
fake_06546.png,patch_overlay,('patch_overlay', 16, 289, 84, 84)
fake_06547.png,module_corruption,('module_corruption', 24, 14, 11)
fake_06548.png,patch_overlay,('patch_overlay', 272, 276, 80, 80)
fake_06549.png,module_corruption,('module_corruption', 1, 8, 11)
fake_06550.png,module_corruption,('module_corruption', 7, 8, 12)
fake_06551.png,patch_overlay,('patch_overlay', 187, 306, 69, 69)
fake_06552.png,module_corruption,('module_corruption', 1, 16, 9)
fake_06553.png,module_corruption,('module_corruption', 19, 15, 11)
fake_06554.png,patch_overlay,('patch_overlay', 297, 166, 63, 63)
fake_06555.png,module_corruption,('module_corruption', 19, 15, 9)
fake_06556.png,patch_overlay,('patch_overlay', 113, 66, 68, 68)
fake_06557.png,module_corruption,('module_corruption', 16, 15, 10)
fake_06558.png,module_corruption,('module_corruption', 24, 9, 11)
fake_06559.png,patch_overlay,('patch_overlay', 138, 255, 54, 54)
fake_06560.png,module_corruption,('module_corruption', 18, 24, 12)
fake_06561.png,module_corruption,('module_corruption', 10, 16, 12)
fake_06562.png,patch_overlay,('patch_overlay', 131, 287, 69, 69)
fake_06563.png,patch_overlay,('patch_overlay', 114, 40, 95, 95)
fake_06564.png,module_corruption,('module_corruption', 9, 1, 10)
fake_06565.png,patch_overlay,('patch_overlay', 194, 179, 95, 95)
fake_06566.png,module_corruption,('module_corruption', 23, 17, 13)
fake_06567.png,patch_overlay,('patch_overlay', 314, 154, 72, 72)
fake_06568.png,module_corruption,('module_corruption', 8, 24, 11)
fake_06569.png,module_corruption,('module_corruption', 9, 7, 12)
fake_06570.png,module_corruption,('module_corruption', 12, 20, 14)
fake_06571.png,module_corruption,('module_corruption', 22, 7, 14)
fake_06572.png,patch_overlay,('patch_overlay', 305, 291, 73, 73)
fake_06573.png,patch_overlay,('patch_overlay', 225, 379, 67, 67)
fake_06574.png,patch_overlay,('patch_overlay', 205, 354, 89, 89)
fake_06575.png,module_corruption,('module_corruption', 4, 25, 10)
fake_06576.png,patch_overlay,('patch_overlay', 143, 311, 78, 78)
fake_06577.png,module_corruption,('module_corruption', 4, 19, 14)
fake_06578.png,patch_overlay,('patch_overlay', 97, 119, 96, 96)
fake_06579.png,patch_overlay,('patch_overlay', 359, 216, 79, 79)
fake_06580.png,patch_overlay,('patch_overlay', 272, 101, 78, 78)
fake_06581.png,module_corruption,('module_corruption', 11, 2, 13)
fake_06582.png,module_corruption,('module_corruption', 16, 12, 12)
fake_06583.png,patch_overlay,('patch_overlay', 193, 369, 81, 81)
fake_06584.png,module_corruption,('module_corruption', 11, 6, 13)
fake_06585.png,module_corruption,('module_corruption', 20, 18, 12)
fake_06586.png,patch_overlay,('patch_overlay', 122, 250, 68, 68)
fake_06587.png,patch_overlay,('patch_overlay', 22, 219, 75, 75)
fake_06588.png,patch_overlay,('patch_overlay', 341, 297, 55, 55)
fake_06589.png,module_corruption,('module_corruption', 3, 17, 12)
fake_06590.png,module_corruption,('module_corruption', 10, 1, 13)
fake_06591.png,module_corruption,('module_corruption', 2, 23, 14)
fake_06592.png,module_corruption,('module_corruption', 1, 0, 10)
fake_06593.png,patch_overlay,('patch_overlay', 13, 5, 78, 78)
fake_06594.png,module_corruption,('module_corruption', 13, 17, 13)
fake_06595.png,patch_overlay,('patch_overlay', 113, 234, 73, 73)
fake_06596.png,module_corruption,('module_corruption', 10, 20, 12)
fake_06597.png,patch_overlay,('patch_overlay', 181, 278, 78, 78)
fake_06598.png,module_corruption,('module_corruption', 17, 20, 11)
fake_06599.png,patch_overlay,('patch_overlay', 116, 231, 95, 95)
fake_06600.png,patch_overlay,('patch_overlay', 325, 344, 57, 57)
fake_06601.png,module_corruption,('module_corruption', 20, 1, 12)
fake_06602.png,patch_overlay,('patch_overlay', 377, 45, 57, 57)
fake_06603.png,module_corruption,('module_corruption', 8, 13, 14)
fake_06604.png,module_corruption,('module_corruption', 21, 11, 13)
fake_06605.png,patch_overlay,('patch_overlay', 261, 44, 64, 64)
fake_06606.png,module_corruption,('module_corruption', 19, 15, 13)
fake_06607.png,module_corruption,('module_corruption', 3, 25, 11)
fake_06608.png,module_corruption,('module_corruption', 19, 3, 12)
fake_06609.png,patch_overlay,('patch_overlay', 223, 196, 88, 88)
fake_06610.png,module_corruption,('module_corruption', 7, 9, 13)
fake_06611.png,module_corruption,('module_corruption', 6, 19, 12)
fake_06612.png,module_corruption,('module_corruption', 2, 15, 10)
fake_06613.png,module_corruption,('module_corruption', 10, 22, 13)
fake_06614.png,module_corruption,('module_corruption', 7, 8, 13)
fake_06615.png,module_corruption,('module_corruption', 6, 16, 10)
fake_06616.png,patch_overlay,('patch_overlay', 80, 143, 91, 91)
fake_06617.png,patch_overlay,('patch_overlay', 162, 227, 61, 61)
fake_06618.png,module_corruption,('module_corruption', 22, 24, 12)
fake_06619.png,patch_overlay,('patch_overlay', 261, 124, 56, 56)
fake_06620.png,module_corruption,('module_corruption', 11, 18, 13)
fake_06621.png,patch_overlay,('patch_overlay', 192, 1, 77, 77)
fake_06622.png,module_corruption,('module_corruption', 0, 21, 11)
fake_06623.png,module_corruption,('module_corruption', 21, 20, 9)
fake_06624.png,module_corruption,('module_corruption', 27, 10, 10)
fake_06625.png,patch_overlay,('patch_overlay', 287, 3, 90, 90)
fake_06626.png,patch_overlay,('patch_overlay', 240, 108, 62, 62)
fake_06627.png,patch_overlay,('patch_overlay', 273, 121, 73, 73)
fake_06628.png,module_corruption,('module_corruption', 3, 14, 13)
fake_06629.png,module_corruption,('module_corruption', 14, 14, 14)
fake_06630.png,patch_overlay,('patch_overlay', 205, 153, 72, 72)
fake_06631.png,patch_overlay,('patch_overlay', 130, 321, 91, 91)
fake_06632.png,module_corruption,('module_corruption', 5, 10, 12)
fake_06633.png,module_corruption,('module_corruption', 0, 7, 13)
fake_06634.png,module_corruption,('module_corruption', 11, 0, 14)
fake_06635.png,patch_overlay,('patch_overlay', 128, 249, 56, 56)
fake_06636.png,patch_overlay,('patch_overlay', 336, 32, 74, 74)
fake_06637.png,module_corruption,('module_corruption', 23, 22, 13)
fake_06638.png,module_corruption,('module_corruption', 2, 24, 12)
fake_06639.png,module_corruption,('module_corruption', 12, 15, 9)
fake_06640.png,module_corruption,('module_corruption', 15, 18, 9)
fake_06641.png,patch_overlay,('patch_overlay', 228, 193, 73, 73)
fake_06642.png,module_corruption,('module_corruption', 2, 6, 12)
fake_06643.png,module_corruption,('module_corruption', 13, 22, 10)
fake_06644.png,module_corruption,('module_corruption', 25, 12, 11)
fake_06645.png,patch_overlay,('patch_overlay', 255, 142, 63, 63)
fake_06646.png,patch_overlay,('patch_overlay', 56, 212, 69, 69)
fake_06647.png,patch_overlay,('patch_overlay', 340, 22, 72, 72)
fake_06648.png,module_corruption,('module_corruption', 10, 21, 10)
fake_06649.png,module_corruption,('module_corruption', 22, 15, 11)
fake_06650.png,module_corruption,('module_corruption', 25, 7, 10)
fake_06651.png,patch_overlay,('patch_overlay', 220, 273, 66, 66)
fake_06652.png,module_corruption,('module_corruption', 0, 21, 9)
fake_06653.png,patch_overlay,('patch_overlay', 375, 97, 73, 73)
fake_06654.png,patch_overlay,('patch_overlay', 226, 305, 77, 77)
fake_06655.png,patch_overlay,('patch_overlay', 30, 120, 96, 96)
fake_06656.png,patch_overlay,('patch_overlay', 187, 117, 87, 87)
fake_06657.png,module_corruption,('module_corruption', 5, 8, 14)
fake_06658.png,module_corruption,('module_corruption', 17, 0, 11)
fake_06659.png,patch_overlay,('patch_overlay', 116, 381, 57, 57)
fake_06660.png,patch_overlay,('patch_overlay', 110, 72, 65, 65)
fake_06661.png,patch_overlay,('patch_overlay', 119, 162, 84, 84)
fake_06662.png,module_corruption,('module_corruption', 5, 18, 10)
fake_06663.png,patch_overlay,('patch_overlay', 163, 37, 88, 88)
fake_06664.png,module_corruption,('module_corruption', 17, 10, 14)
fake_06665.png,module_corruption,('module_corruption', 13, 25, 12)
fake_06666.png,patch_overlay,('patch_overlay', 147, 386, 61, 61)
fake_06667.png,module_corruption,('module_corruption', 2, 16, 12)
fake_06668.png,patch_overlay,('patch_overlay', 60, 215, 88, 88)
fake_06669.png,patch_overlay,('patch_overlay', 306, 354, 63, 63)
fake_06670.png,patch_overlay,('patch_overlay', 105, 187, 92, 92)
fake_06671.png,patch_overlay,('patch_overlay', 58, 68, 67, 67)
fake_06672.png,patch_overlay,('patch_overlay', 147, 116, 72, 72)
fake_06673.png,patch_overlay,('patch_overlay', 134, 250, 76, 76)
fake_06674.png,patch_overlay,('patch_overlay', 191, 214, 82, 82)
fake_06675.png,module_corruption,('module_corruption', 12, 14, 10)
fake_06676.png,patch_overlay,('patch_overlay', 112, 216, 72, 72)
fake_06677.png,patch_overlay,('patch_overlay', 52, 181, 67, 67)
fake_06678.png,patch_overlay,('patch_overlay', 27, 102, 86, 86)
fake_06679.png,patch_overlay,('patch_overlay', 354, 96, 93, 93)
fake_06680.png,module_corruption,('module_corruption', 9, 21, 13)
fake_06681.png,patch_overlay,('patch_overlay', 39, 284, 70, 70)
fake_06682.png,module_corruption,('module_corruption', 18, 4, 12)
fake_06683.png,module_corruption,('module_corruption', 17, 13, 11)
fake_06684.png,patch_overlay,('patch_overlay', 84, 194, 93, 93)
fake_06685.png,module_corruption,('module_corruption', 14, 2, 14)
fake_06686.png,patch_overlay,('patch_overlay', 218, 80, 76, 76)
fake_06687.png,patch_overlay,('patch_overlay', 219, 314, 87, 87)
fake_06688.png,module_corruption,('module_corruption', 8, 5, 14)
fake_06689.png,module_corruption,('module_corruption', 6, 23, 13)
fake_06690.png,module_corruption,('module_corruption', 21, 19, 13)
fake_06691.png,patch_overlay,('patch_overlay', 385, 358, 56, 56)
fake_06692.png,patch_overlay,('patch_overlay', 242, 330, 66, 66)
fake_06693.png,module_corruption,('module_corruption', 22, 3, 9)
fake_06694.png,patch_overlay,('patch_overlay', 320, 35, 93, 93)
fake_06695.png,module_corruption,('module_corruption', 20, 18, 11)
fake_06696.png,module_corruption,('module_corruption', 24, 19, 13)
fake_06697.png,module_corruption,('module_corruption', 21, 4, 14)
fake_06698.png,module_corruption,('module_corruption', 4, 12, 12)
fake_06699.png,patch_overlay,('patch_overlay', 62, 250, 85, 85)
fake_06700.png,patch_overlay,('patch_overlay', 63, 361, 80, 80)
fake_06701.png,module_corruption,('module_corruption', 15, 10, 11)
fake_06702.png,patch_overlay,('patch_overlay', 57, 19, 65, 65)
fake_06703.png,patch_overlay,('patch_overlay', 20, 261, 79, 79)
fake_06704.png,module_corruption,('module_corruption', 25, 3, 11)
fake_06705.png,module_corruption,('module_corruption', 9, 9, 12)
fake_06706.png,module_corruption,('module_corruption', 16, 8, 10)
fake_06707.png,patch_overlay,('patch_overlay', 22, 155, 77, 77)
fake_06708.png,module_corruption,('module_corruption', 17, 15, 9)
fake_06709.png,module_corruption,('module_corruption', 2, 4, 9)
fake_06710.png,module_corruption,('module_corruption', 24, 19, 9)
fake_06711.png,module_corruption,('module_corruption', 18, 14, 13)
fake_06712.png,module_corruption,('module_corruption', 7, 23, 10)
fake_06713.png,patch_overlay,('patch_overlay', 360, 142, 62, 62)
fake_06714.png,module_corruption,('module_corruption', 5, 10, 11)
fake_06715.png,module_corruption,('module_corruption', 10, 12, 13)
fake_06716.png,module_corruption,('module_corruption', 14, 16, 11)
fake_06717.png,module_corruption,('module_corruption', 18, 15, 13)
fake_06718.png,module_corruption,('module_corruption', 10, 19, 11)
fake_06719.png,patch_overlay,('patch_overlay', 255, 44, 93, 93)
fake_06720.png,patch_overlay,('patch_overlay', 24, 375, 64, 64)
fake_06721.png,patch_overlay,('patch_overlay', 323, 22, 55, 55)
fake_06722.png,module_corruption,('module_corruption', 8, 21, 14)
fake_06723.png,module_corruption,('module_corruption', 17, 0, 13)
fake_06724.png,module_corruption,('module_corruption', 9, 5, 11)
fake_06725.png,patch_overlay,('patch_overlay', 86, 217, 86, 86)
fake_06726.png,module_corruption,('module_corruption', 25, 6, 11)
fake_06727.png,patch_overlay,('patch_overlay', 276, 257, 63, 63)
fake_06728.png,patch_overlay,('patch_overlay', 151, 42, 89, 89)
fake_06729.png,patch_overlay,('patch_overlay', 35, 186, 90, 90)
fake_06730.png,patch_overlay,('patch_overlay', 348, 220, 70, 70)
fake_06731.png,patch_overlay,('patch_overlay', 35, 72, 82, 82)
fake_06732.png,module_corruption,('module_corruption', 4, 5, 13)
fake_06733.png,module_corruption,('module_corruption', 15, 9, 10)
fake_06734.png,module_corruption,('module_corruption', 19, 5, 13)
fake_06735.png,module_corruption,('module_corruption', 17, 8, 10)
fake_06736.png,module_corruption,('module_corruption', 14, 9, 11)
fake_06737.png,patch_overlay,('patch_overlay', 373, 39, 67, 67)
fake_06738.png,patch_overlay,('patch_overlay', 242, 169, 55, 55)
fake_06739.png,patch_overlay,('patch_overlay', 166, 144, 97, 97)
fake_06740.png,module_corruption,('module_corruption', 25, 20, 9)
fake_06741.png,module_corruption,('module_corruption', 21, 10, 11)
fake_06742.png,module_corruption,('module_corruption', 24, 26, 10)
fake_06743.png,patch_overlay,('patch_overlay', 156, 119, 82, 82)
fake_06744.png,module_corruption,('module_corruption', 5, 12, 11)
fake_06745.png,module_corruption,('module_corruption', 26, 17, 10)
fake_06746.png,patch_overlay,('patch_overlay', 116, 121, 85, 85)
fake_06747.png,patch_overlay,('patch_overlay', 242, 18, 83, 83)
fake_06748.png,patch_overlay,('patch_overlay', 334, 248, 66, 66)
fake_06749.png,patch_overlay,('patch_overlay', 302, 233, 90, 90)
fake_06750.png,patch_overlay,('patch_overlay', 328, 304, 55, 55)
fake_06751.png,module_corruption,('module_corruption', 0, 1, 12)
fake_06752.png,module_corruption,('module_corruption', 10, 20, 10)
fake_06753.png,patch_overlay,('patch_overlay', 60, 189, 54, 54)
fake_06754.png,patch_overlay,('patch_overlay', 225, 298, 70, 70)
fake_06755.png,patch_overlay,('patch_overlay', 150, 6, 71, 71)
fake_06756.png,module_corruption,('module_corruption', 18, 24, 9)
fake_06757.png,patch_overlay,('patch_overlay', 259, 4, 55, 55)
fake_06758.png,module_corruption,('module_corruption', 14, 19, 12)
fake_06759.png,patch_overlay,('patch_overlay', 38, 360, 77, 77)
fake_06760.png,module_corruption,('module_corruption', 24, 18, 11)
fake_06761.png,patch_overlay,('patch_overlay', 127, 188, 62, 62)
fake_06762.png,patch_overlay,('patch_overlay', 248, 143, 84, 84)
fake_06763.png,module_corruption,('module_corruption', 2, 14, 13)
fake_06764.png,module_corruption,('module_corruption', 12, 18, 13)
fake_06765.png,module_corruption,('module_corruption', 18, 3, 12)
fake_06766.png,module_corruption,('module_corruption', 12, 9, 9)
fake_06767.png,patch_overlay,('patch_overlay', 363, 256, 62, 62)
fake_06768.png,patch_overlay,('patch_overlay', 176, 304, 57, 57)
fake_06769.png,patch_overlay,('patch_overlay', 245, 277, 83, 83)
fake_06770.png,patch_overlay,('patch_overlay', 288, 221, 86, 86)
fake_06771.png,patch_overlay,('patch_overlay', 103, 55, 79, 79)
fake_06772.png,module_corruption,('module_corruption', 6, 6, 13)
fake_06773.png,module_corruption,('module_corruption', 22, 1, 12)
fake_06774.png,module_corruption,('module_corruption', 0, 2, 11)
fake_06775.png,patch_overlay,('patch_overlay', 171, 42, 89, 89)
fake_06776.png,module_corruption,('module_corruption', 13, 27, 9)
fake_06777.png,patch_overlay,('patch_overlay', 163, 314, 92, 92)
fake_06778.png,patch_overlay,('patch_overlay', 59, 320, 58, 58)
fake_06779.png,patch_overlay,('patch_overlay', 132, 246, 98, 98)
fake_06780.png,module_corruption,('module_corruption', 7, 21, 13)
fake_06781.png,module_corruption,('module_corruption', 20, 7, 13)
fake_06782.png,patch_overlay,('patch_overlay', 328, 331, 58, 58)
fake_06783.png,module_corruption,('module_corruption', 7, 24, 12)
fake_06784.png,module_corruption,('module_corruption', 17, 4, 10)
fake_06785.png,patch_overlay,('patch_overlay', 353, 203, 95, 95)
fake_06786.png,patch_overlay,('patch_overlay', 369, 277, 70, 70)
fake_06787.png,patch_overlay,('patch_overlay', 286, 155, 71, 71)
fake_06788.png,module_corruption,('module_corruption', 12, 15, 10)
fake_06789.png,patch_overlay,('patch_overlay', 327, 213, 67, 67)
fake_06790.png,module_corruption,('module_corruption', 16, 12, 10)
fake_06791.png,patch_overlay,('patch_overlay', 217, 312, 56, 56)
fake_06792.png,patch_overlay,('patch_overlay', 155, 109, 90, 90)
fake_06793.png,module_corruption,('module_corruption', 20, 13, 11)
fake_06794.png,module_corruption,('module_corruption', 7, 3, 9)
fake_06795.png,patch_overlay,('patch_overlay', 365, 267, 73, 73)
fake_06796.png,module_corruption,('module_corruption', 16, 23, 13)
fake_06797.png,module_corruption,('module_corruption', 18, 19, 14)
fake_06798.png,module_corruption,('module_corruption', 13, 6, 11)
fake_06799.png,patch_overlay,('patch_overlay', 203, 330, 83, 83)
fake_06800.png,module_corruption,('module_corruption', 14, 15, 10)
fake_06801.png,patch_overlay,('patch_overlay', 317, 108, 91, 91)
fake_06802.png,patch_overlay,('patch_overlay', 376, 342, 70, 70)
fake_06803.png,patch_overlay,('patch_overlay', 205, 231, 84, 84)
fake_06804.png,module_corruption,('module_corruption', 25, 21, 12)
fake_06805.png,patch_overlay,('patch_overlay', 50, 174, 55, 55)
fake_06806.png,module_corruption,('module_corruption', 0, 13, 12)
fake_06807.png,module_corruption,('module_corruption', 6, 23, 13)
fake_06808.png,module_corruption,('module_corruption', 26, 17, 10)
fake_06809.png,patch_overlay,('patch_overlay', 18, 300, 73, 73)
fake_06810.png,module_corruption,('module_corruption', 1, 15, 12)
fake_06811.png,patch_overlay,('patch_overlay', 247, 148, 91, 91)
fake_06812.png,patch_overlay,('patch_overlay', 330, 387, 54, 54)
fake_06813.png,patch_overlay,('patch_overlay', 271, 56, 80, 80)
fake_06814.png,module_corruption,('module_corruption', 9, 11, 10)
fake_06815.png,module_corruption,('module_corruption', 14, 2, 13)
fake_06816.png,patch_overlay,('patch_overlay', 298, 119, 63, 63)
fake_06817.png,module_corruption,('module_corruption', 14, 14, 9)
fake_06818.png,patch_overlay,('patch_overlay', 45, 171, 59, 59)
fake_06819.png,module_corruption,('module_corruption', 7, 15, 12)
fake_06820.png,patch_overlay,('patch_overlay', 209, 47, 98, 98)
fake_06821.png,module_corruption,('module_corruption', 21, 1, 13)
fake_06822.png,patch_overlay,('patch_overlay', 210, 200, 93, 93)
fake_06823.png,patch_overlay,('patch_overlay', 344, 339, 75, 75)
fake_06824.png,module_corruption,('module_corruption', 15, 22, 12)
fake_06825.png,module_corruption,('module_corruption', 3, 12, 11)
fake_06826.png,patch_overlay,('patch_overlay', 300, 212, 81, 81)
fake_06827.png,module_corruption,('module_corruption', 3, 1, 9)
fake_06828.png,module_corruption,('module_corruption', 11, 5, 13)
fake_06829.png,patch_overlay,('patch_overlay', 257, 293, 73, 73)
fake_06830.png,patch_overlay,('patch_overlay', 239, 299, 63, 63)
fake_06831.png,patch_overlay,('patch_overlay', 268, 40, 55, 55)
fake_06832.png,module_corruption,('module_corruption', 17, 14, 9)
fake_06833.png,patch_overlay,('patch_overlay', 247, 318, 62, 62)
fake_06834.png,patch_overlay,('patch_overlay', 255, 289, 78, 78)
fake_06835.png,module_corruption,('module_corruption', 21, 3, 13)
fake_06836.png,patch_overlay,('patch_overlay', 129, 146, 95, 95)
fake_06837.png,module_corruption,('module_corruption', 21, 8, 10)
fake_06838.png,patch_overlay,('patch_overlay', 68, 133, 69, 69)
fake_06839.png,patch_overlay,('patch_overlay', 335, 266, 76, 76)
fake_06840.png,module_corruption,('module_corruption', 5, 20, 12)
fake_06841.png,module_corruption,('module_corruption', 7, 19, 11)
fake_06842.png,module_corruption,('module_corruption', 24, 16, 11)
fake_06843.png,patch_overlay,('patch_overlay', 181, 111, 56, 56)
fake_06844.png,patch_overlay,('patch_overlay', 41, 218, 65, 65)
fake_06845.png,patch_overlay,('patch_overlay', 223, 37, 87, 87)
fake_06846.png,module_corruption,('module_corruption', 21, 24, 13)
fake_06847.png,module_corruption,('module_corruption', 5, 7, 11)
fake_06848.png,patch_overlay,('patch_overlay', 306, 25, 66, 66)
fake_06849.png,module_corruption,('module_corruption', 24, 26, 9)
fake_06850.png,module_corruption,('module_corruption', 20, 6, 13)
fake_06851.png,patch_overlay,('patch_overlay', 299, 42, 92, 92)
fake_06852.png,module_corruption,('module_corruption', 23, 16, 11)
fake_06853.png,module_corruption,('module_corruption', 1, 22, 13)
fake_06854.png,patch_overlay,('patch_overlay', 83, 138, 92, 92)
fake_06855.png,module_corruption,('module_corruption', 5, 15, 10)
fake_06856.png,patch_overlay,('patch_overlay', 267, 280, 98, 98)
fake_06857.png,patch_overlay,('patch_overlay', 238, 23, 81, 81)
fake_06858.png,patch_overlay,('patch_overlay', 164, 344, 55, 55)
fake_06859.png,module_corruption,('module_corruption', 15, 22, 9)
fake_06860.png,patch_overlay,('patch_overlay', 321, 320, 85, 85)
fake_06861.png,patch_overlay,('patch_overlay', 346, 84, 74, 74)
fake_06862.png,module_corruption,('module_corruption', 18, 22, 13)
fake_06863.png,module_corruption,('module_corruption', 3, 14, 13)
fake_06864.png,module_corruption,('module_corruption', 18, 23, 13)
fake_06865.png,module_corruption,('module_corruption', 12, 18, 14)
fake_06866.png,patch_overlay,('patch_overlay', 219, 332, 91, 91)
fake_06867.png,module_corruption,('module_corruption', 5, 13, 14)
fake_06868.png,patch_overlay,('patch_overlay', 194, 91, 73, 73)
fake_06869.png,module_corruption,('module_corruption', 12, 22, 10)
fake_06870.png,patch_overlay,('patch_overlay', 34, 305, 58, 58)
fake_06871.png,module_corruption,('module_corruption', 22, 5, 13)
fake_06872.png,patch_overlay,('patch_overlay', 355, 32, 93, 93)
fake_06873.png,patch_overlay,('patch_overlay', 146, 349, 63, 63)
fake_06874.png,module_corruption,('module_corruption', 1, 8, 10)
fake_06875.png,module_corruption,('module_corruption', 12, 28, 9)
fake_06876.png,module_corruption,('module_corruption', 12, 23, 10)
fake_06877.png,patch_overlay,('patch_overlay', 213, 215, 76, 76)
fake_06878.png,module_corruption,('module_corruption', 10, 12, 13)
fake_06879.png,module_corruption,('module_corruption', 13, 16, 10)
fake_06880.png,patch_overlay,('patch_overlay', 10, 293, 64, 64)
fake_06881.png,patch_overlay,('patch_overlay', 76, 29, 94, 94)
fake_06882.png,module_corruption,('module_corruption', 11, 21, 9)
fake_06883.png,patch_overlay,('patch_overlay', 314, 9, 74, 74)
fake_06884.png,patch_overlay,('patch_overlay', 196, 15, 85, 85)
fake_06885.png,patch_overlay,('patch_overlay', 110, 24, 87, 87)
fake_06886.png,patch_overlay,('patch_overlay', 54, 248, 64, 64)
fake_06887.png,patch_overlay,('patch_overlay', 223, 206, 68, 68)
fake_06888.png,module_corruption,('module_corruption', 1, 21, 10)
fake_06889.png,patch_overlay,('patch_overlay', 313, 149, 66, 66)
fake_06890.png,module_corruption,('module_corruption', 23, 18, 13)
fake_06891.png,patch_overlay,('patch_overlay', 80, 276, 93, 93)
fake_06892.png,patch_overlay,('patch_overlay', 127, 107, 58, 58)
fake_06893.png,patch_overlay,('patch_overlay', 78, 208, 73, 73)
fake_06894.png,module_corruption,('module_corruption', 14, 12, 14)
fake_06895.png,module_corruption,('module_corruption', 7, 3, 10)
fake_06896.png,module_corruption,('module_corruption', 16, 1, 11)
fake_06897.png,patch_overlay,('patch_overlay', 315, 360, 69, 69)
fake_06898.png,patch_overlay,('patch_overlay', 293, 50, 58, 58)
fake_06899.png,module_corruption,('module_corruption', 13, 16, 14)
fake_06900.png,patch_overlay,('patch_overlay', 111, 251, 78, 78)
fake_06901.png,module_corruption,('module_corruption', 7, 11, 12)
fake_06902.png,patch_overlay,('patch_overlay', 352, 116, 82, 82)
fake_06903.png,module_corruption,('module_corruption', 10, 4, 9)
fake_06904.png,module_corruption,('module_corruption', 17, 3, 13)
fake_06905.png,module_corruption,('module_corruption', 12, 3, 11)
fake_06906.png,module_corruption,('module_corruption', 11, 21, 13)
fake_06907.png,module_corruption,('module_corruption', 27, 18, 10)
fake_06908.png,patch_overlay,('patch_overlay', 72, 39, 91, 91)
fake_06909.png,module_corruption,('module_corruption', 19, 3, 9)
fake_06910.png,patch_overlay,('patch_overlay', 223, 34, 95, 95)
fake_06911.png,patch_overlay,('patch_overlay', 379, 14, 56, 56)
fake_06912.png,patch_overlay,('patch_overlay', 152, 364, 64, 64)
fake_06913.png,module_corruption,('module_corruption', 22, 26, 11)
fake_06914.png,module_corruption,('module_corruption', 10, 11, 13)
fake_06915.png,module_corruption,('module_corruption', 10, 24, 10)
fake_06916.png,module_corruption,('module_corruption', 6, 4, 13)
fake_06917.png,patch_overlay,('patch_overlay', 338, 51, 71, 71)
fake_06918.png,module_corruption,('module_corruption', 10, 9, 10)
fake_06919.png,patch_overlay,('patch_overlay', 324, 72, 55, 55)
fake_06920.png,module_corruption,('module_corruption', 11, 19, 13)
fake_06921.png,patch_overlay,('patch_overlay', 165, 259, 80, 80)
fake_06922.png,patch_overlay,('patch_overlay', 161, 63, 62, 62)
fake_06923.png,module_corruption,('module_corruption', 25, 0, 11)
fake_06924.png,patch_overlay,('patch_overlay', 320, 104, 68, 68)
fake_06925.png,patch_overlay,('patch_overlay', 319, 126, 70, 70)
fake_06926.png,module_corruption,('module_corruption', 3, 16, 13)
fake_06927.png,module_corruption,('module_corruption', 0, 14, 13)
fake_06928.png,patch_overlay,('patch_overlay', 369, 367, 56, 56)
fake_06929.png,patch_overlay,('patch_overlay', 162, 355, 70, 70)
fake_06930.png,module_corruption,('module_corruption', 15, 10, 13)
fake_06931.png,patch_overlay,('patch_overlay', 202, 233, 88, 88)
fake_06932.png,module_corruption,('module_corruption', 20, 21, 13)
fake_06933.png,patch_overlay,('patch_overlay', 20, 87, 59, 59)
fake_06934.png,patch_overlay,('patch_overlay', 153, 320, 68, 68)
fake_06935.png,patch_overlay,('patch_overlay', 117, 28, 68, 68)
fake_06936.png,module_corruption,('module_corruption', 21, 22, 9)
fake_06937.png,module_corruption,('module_corruption', 22, 7, 11)
fake_06938.png,patch_overlay,('patch_overlay', 138, 297, 55, 55)
fake_06939.png,module_corruption,('module_corruption', 9, 10, 11)
fake_06940.png,module_corruption,('module_corruption', 9, 17, 10)
fake_06941.png,module_corruption,('module_corruption', 13, 18, 10)
fake_06942.png,module_corruption,('module_corruption', 2, 8, 11)
fake_06943.png,module_corruption,('module_corruption', 16, 21, 11)
fake_06944.png,module_corruption,('module_corruption', 27, 24, 10)
fake_06945.png,patch_overlay,('patch_overlay', 101, 174, 61, 61)
fake_06946.png,module_corruption,('module_corruption', 19, 11, 11)
fake_06947.png,patch_overlay,('patch_overlay', 166, 106, 83, 83)
fake_06948.png,patch_overlay,('patch_overlay', 69, 269, 88, 88)
fake_06949.png,module_corruption,('module_corruption', 22, 13, 9)
fake_06950.png,patch_overlay,('patch_overlay', 222, 249, 92, 92)
fake_06951.png,patch_overlay,('patch_overlay', 81, 387, 59, 59)
fake_06952.png,module_corruption,('module_corruption', 14, 9, 14)
fake_06953.png,patch_overlay,('patch_overlay', 125, 106, 69, 69)
fake_06954.png,module_corruption,('module_corruption', 22, 1, 11)
fake_06955.png,patch_overlay,('patch_overlay', 195, 242, 72, 72)
fake_06956.png,patch_overlay,('patch_overlay', 157, 176, 82, 82)
fake_06957.png,module_corruption,('module_corruption', 23, 8, 13)
fake_06958.png,patch_overlay,('patch_overlay', 4, 294, 83, 83)
fake_06959.png,patch_overlay,('patch_overlay', 272, 332, 63, 63)
fake_06960.png,patch_overlay,('patch_overlay', 311, 21, 93, 93)
fake_06961.png,patch_overlay,('patch_overlay', 181, 19, 60, 60)
fake_06962.png,patch_overlay,('patch_overlay', 149, 54, 77, 77)
fake_06963.png,module_corruption,('module_corruption', 5, 12, 9)
fake_06964.png,module_corruption,('module_corruption', 8, 4, 12)
fake_06965.png,patch_overlay,('patch_overlay', 274, 46, 64, 64)
fake_06966.png,patch_overlay,('patch_overlay', 19, 360, 74, 74)
fake_06967.png,module_corruption,('module_corruption', 2, 12, 12)
fake_06968.png,patch_overlay,('patch_overlay', 288, 141, 69, 69)
fake_06969.png,module_corruption,('module_corruption', 23, 5, 12)
fake_06970.png,module_corruption,('module_corruption', 23, 25, 10)
fake_06971.png,module_corruption,('module_corruption', 20, 1, 14)
fake_06972.png,module_corruption,('module_corruption', 6, 10, 14)
fake_06973.png,module_corruption,('module_corruption', 25, 7, 12)
fake_06974.png,patch_overlay,('patch_overlay', 314, 275, 90, 90)
fake_06975.png,module_corruption,('module_corruption', 6, 18, 12)
fake_06976.png,module_corruption,('module_corruption', 24, 16, 9)
fake_06977.png,module_corruption,('module_corruption', 10, 16, 12)
fake_06978.png,module_corruption,('module_corruption', 15, 2, 9)
fake_06979.png,patch_overlay,('patch_overlay', 271, 287, 92, 92)
fake_06980.png,module_corruption,('module_corruption', 11, 17, 11)
fake_06981.png,patch_overlay,('patch_overlay', 119, 111, 64, 64)
fake_06982.png,patch_overlay,('patch_overlay', 320, 11, 81, 81)
fake_06983.png,patch_overlay,('patch_overlay', 210, 229, 54, 54)
fake_06984.png,patch_overlay,('patch_overlay', 172, 191, 97, 97)
fake_06985.png,module_corruption,('module_corruption', 9, 11, 13)
fake_06986.png,patch_overlay,('patch_overlay', 237, 335, 55, 55)
fake_06987.png,patch_overlay,('patch_overlay', 136, 258, 69, 69)
fake_06988.png,patch_overlay,('patch_overlay', 201, 358, 91, 91)
fake_06989.png,module_corruption,('module_corruption', 15, 15, 11)
fake_06990.png,patch_overlay,('patch_overlay', 330, 266, 77, 77)
fake_06991.png,patch_overlay,('patch_overlay', 120, 324, 74, 74)
fake_06992.png,patch_overlay,('patch_overlay', 172, 17, 94, 94)
fake_06993.png,module_corruption,('module_corruption', 2, 23, 10)
fake_06994.png,patch_overlay,('patch_overlay', 22, 217, 60, 60)
fake_06995.png,patch_overlay,('patch_overlay', 154, 312, 90, 90)
fake_06996.png,patch_overlay,('patch_overlay', 186, 133, 88, 88)
fake_06997.png,module_corruption,('module_corruption', 13, 0, 14)
fake_06998.png,patch_overlay,('patch_overlay', 259, 14, 79, 79)
fake_06999.png,module_corruption,('module_corruption', 4, 21, 14)
fake_07000.png,patch_overlay,('patch_overlay', 200, 188, 89, 89)
fake_07001.png,module_corruption,('module_corruption', 16, 25, 12)
fake_07002.png,module_corruption,('module_corruption', 25, 5, 12)
fake_07003.png,module_corruption,('module_corruption', 22, 21, 13)
fake_07004.png,module_corruption,('module_corruption', 15, 22, 10)
fake_07005.png,module_corruption,('module_corruption', 22, 21, 13)
fake_07006.png,module_corruption,('module_corruption', 5, 3, 12)
fake_07007.png,module_corruption,('module_corruption', 8, 26, 11)
fake_07008.png,module_corruption,('module_corruption', 0, 6, 13)
fake_07009.png,patch_overlay,('patch_overlay', 90, 192, 70, 70)
fake_07010.png,patch_overlay,('patch_overlay', 331, 22, 75, 75)
fake_07011.png,module_corruption,('module_corruption', 3, 1, 9)
fake_07012.png,module_corruption,('module_corruption', 15, 21, 14)
fake_07013.png,module_corruption,('module_corruption', 26, 3, 11)
fake_07014.png,module_corruption,('module_corruption', 20, 25, 9)
fake_07015.png,module_corruption,('module_corruption', 18, 8, 13)
fake_07016.png,module_corruption,('module_corruption', 8, 3, 10)
fake_07017.png,patch_overlay,('patch_overlay', 237, 237, 72, 72)
fake_07018.png,patch_overlay,('patch_overlay', 252, 108, 66, 66)
fake_07019.png,module_corruption,('module_corruption', 9, 17, 9)
fake_07020.png,patch_overlay,('patch_overlay', 6, 360, 71, 71)
fake_07021.png,module_corruption,('module_corruption', 11, 21, 11)
fake_07022.png,module_corruption,('module_corruption', 12, 16, 10)
fake_07023.png,module_corruption,('module_corruption', 10, 22, 14)
fake_07024.png,module_corruption,('module_corruption', 13, 5, 11)
fake_07025.png,patch_overlay,('patch_overlay', 177, 248, 69, 69)
fake_07026.png,patch_overlay,('patch_overlay', 271, 179, 81, 81)
fake_07027.png,patch_overlay,('patch_overlay', 81, 301, 68, 68)
fake_07028.png,patch_overlay,('patch_overlay', 346, 176, 73, 73)
fake_07029.png,module_corruption,('module_corruption', 15, 0, 10)
fake_07030.png,module_corruption,('module_corruption', 5, 2, 12)
fake_07031.png,patch_overlay,('patch_overlay', 185, 209, 78, 78)
fake_07032.png,module_corruption,('module_corruption', 18, 0, 13)
fake_07033.png,module_corruption,('module_corruption', 24, 22, 10)
fake_07034.png,module_corruption,('module_corruption', 1, 25, 11)
fake_07035.png,patch_overlay,('patch_overlay', 56, 101, 92, 92)
fake_07036.png,module_corruption,('module_corruption', 13, 17, 12)
fake_07037.png,patch_overlay,('patch_overlay', 110, 17, 81, 81)
fake_07038.png,module_corruption,('module_corruption', 7, 8, 13)
fake_07039.png,patch_overlay,('patch_overlay', 226, 295, 83, 83)
fake_07040.png,patch_overlay,('patch_overlay', 240, 209, 95, 95)
fake_07041.png,patch_overlay,('patch_overlay', 158, 255, 95, 95)
fake_07042.png,module_corruption,('module_corruption', 6, 25, 12)
fake_07043.png,patch_overlay,('patch_overlay', 128, 213, 87, 87)
fake_07044.png,module_corruption,('module_corruption', 0, 17, 9)
fake_07045.png,patch_overlay,('patch_overlay', 213, 336, 75, 75)
fake_07046.png,module_corruption,('module_corruption', 0, 11, 13)
fake_07047.png,module_corruption,('module_corruption', 0, 22, 12)
fake_07048.png,patch_overlay,('patch_overlay', 157, 264, 70, 70)
fake_07049.png,module_corruption,('module_corruption', 12, 19, 10)
fake_07050.png,patch_overlay,('patch_overlay', 64, 91, 91, 91)
fake_07051.png,patch_overlay,('patch_overlay', 69, 112, 98, 98)
fake_07052.png,module_corruption,('module_corruption', 3, 5, 10)
fake_07053.png,module_corruption,('module_corruption', 4, 9, 10)
fake_07054.png,patch_overlay,('patch_overlay', 69, 304, 84, 84)
fake_07055.png,patch_overlay,('patch_overlay', 250, 160, 62, 62)
fake_07056.png,module_corruption,('module_corruption', 15, 18, 11)
fake_07057.png,patch_overlay,('patch_overlay', 41, 225, 77, 77)
fake_07058.png,module_corruption,('module_corruption', 3, 17, 14)
fake_07059.png,patch_overlay,('patch_overlay', 41, 15, 98, 98)
fake_07060.png,patch_overlay,('patch_overlay', 125, 81, 75, 75)
fake_07061.png,module_corruption,('module_corruption', 14, 8, 11)
fake_07062.png,module_corruption,('module_corruption', 4, 17, 9)
fake_07063.png,patch_overlay,('patch_overlay', 44, 79, 54, 54)
fake_07064.png,module_corruption,('module_corruption', 15, 13, 9)
fake_07065.png,patch_overlay,('patch_overlay', 42, 156, 60, 60)
fake_07066.png,module_corruption,('module_corruption', 7, 20, 12)
fake_07067.png,module_corruption,('module_corruption', 24, 22, 10)
fake_07068.png,patch_overlay,('patch_overlay', 244, 177, 84, 84)
fake_07069.png,module_corruption,('module_corruption', 9, 7, 10)
fake_07070.png,module_corruption,('module_corruption', 10, 7, 13)
fake_07071.png,module_corruption,('module_corruption', 17, 6, 13)
fake_07072.png,patch_overlay,('patch_overlay', 233, 346, 68, 68)
fake_07073.png,patch_overlay,('patch_overlay', 256, 294, 81, 81)
fake_07074.png,module_corruption,('module_corruption', 8, 18, 13)
fake_07075.png,module_corruption,('module_corruption', 9, 4, 13)
fake_07076.png,module_corruption,('module_corruption', 23, 9, 12)
fake_07077.png,patch_overlay,('patch_overlay', 69, 159, 78, 78)
fake_07078.png,module_corruption,('module_corruption', 25, 15, 11)
fake_07079.png,module_corruption,('module_corruption', 21, 13, 11)
fake_07080.png,module_corruption,('module_corruption', 20, 11, 13)
fake_07081.png,module_corruption,('module_corruption', 3, 9, 9)
fake_07082.png,module_corruption,('module_corruption', 21, 19, 12)
fake_07083.png,patch_overlay,('patch_overlay', 344, 212, 71, 71)
fake_07084.png,patch_overlay,('patch_overlay', 49, 110, 78, 78)
fake_07085.png,patch_overlay,('patch_overlay', 188, 211, 87, 87)
fake_07086.png,patch_overlay,('patch_overlay', 272, 302, 58, 58)
fake_07087.png,module_corruption,('module_corruption', 16, 14, 10)
fake_07088.png,module_corruption,('module_corruption', 19, 5, 11)
fake_07089.png,patch_overlay,('patch_overlay', 46, 196, 72, 72)
fake_07090.png,patch_overlay,('patch_overlay', 118, 169, 61, 61)
fake_07091.png,module_corruption,('module_corruption', 17, 25, 9)
fake_07092.png,module_corruption,('module_corruption', 11, 5, 9)
fake_07093.png,module_corruption,('module_corruption', 25, 0, 11)
fake_07094.png,module_corruption,('module_corruption', 4, 18, 11)
fake_07095.png,patch_overlay,('patch_overlay', 333, 227, 71, 71)
fake_07096.png,patch_overlay,('patch_overlay', 355, 74, 67, 67)
fake_07097.png,patch_overlay,('patch_overlay', 27, 105, 59, 59)
fake_07098.png,module_corruption,('module_corruption', 3, 13, 11)
fake_07099.png,patch_overlay,('patch_overlay', 126, 118, 68, 68)
fake_07100.png,patch_overlay,('patch_overlay', 45, 90, 79, 79)
fake_07101.png,module_corruption,('module_corruption', 18, 1, 10)
fake_07102.png,patch_overlay,('patch_overlay', 194, 78, 96, 96)
fake_07103.png,module_corruption,('module_corruption', 18, 2, 9)
fake_07104.png,patch_overlay,('patch_overlay', 218, 349, 86, 86)
fake_07105.png,module_corruption,('module_corruption', 26, 4, 9)
fake_07106.png,module_corruption,('module_corruption', 0, 4, 11)
fake_07107.png,module_corruption,('module_corruption', 19, 14, 12)
fake_07108.png,module_corruption,('module_corruption', 19, 22, 10)
fake_07109.png,patch_overlay,('patch_overlay', 218, 372, 77, 77)
fake_07110.png,patch_overlay,('patch_overlay', 156, 125, 57, 57)
fake_07111.png,module_corruption,('module_corruption', 4, 10, 12)
fake_07112.png,patch_overlay,('patch_overlay', 280, 81, 54, 54)
fake_07113.png,module_corruption,('module_corruption', 4, 7, 14)
fake_07114.png,patch_overlay,('patch_overlay', 182, 233, 78, 78)
fake_07115.png,module_corruption,('module_corruption', 11, 12, 12)
fake_07116.png,module_corruption,('module_corruption', 9, 4, 13)
fake_07117.png,module_corruption,('module_corruption', 5, 21, 11)
fake_07118.png,module_corruption,('module_corruption', 7, 27, 9)
fake_07119.png,module_corruption,('module_corruption', 10, 6, 11)
fake_07120.png,patch_overlay,('patch_overlay', 318, 236, 80, 80)
fake_07121.png,patch_overlay,('patch_overlay', 367, 127, 66, 66)
fake_07122.png,module_corruption,('module_corruption', 5, 8, 14)
fake_07123.png,module_corruption,('module_corruption', 4, 27, 10)
fake_07124.png,module_corruption,('module_corruption', 15, 13, 14)
fake_07125.png,patch_overlay,('patch_overlay', 172, 323, 89, 89)
fake_07126.png,module_corruption,('module_corruption', 4, 19, 12)
fake_07127.png,module_corruption,('module_corruption', 8, 24, 10)
fake_07128.png,patch_overlay,('patch_overlay', 205, 103, 88, 88)
fake_07129.png,patch_overlay,('patch_overlay', 384, 343, 56, 56)
fake_07130.png,patch_overlay,('patch_overlay', 24, 105, 57, 57)
fake_07131.png,module_corruption,('module_corruption', 15, 10, 12)
fake_07132.png,patch_overlay,('patch_overlay', 285, 132, 98, 98)
fake_07133.png,patch_overlay,('patch_overlay', 91, 290, 72, 72)
fake_07134.png,module_corruption,('module_corruption', 19, 18, 12)
fake_07135.png,patch_overlay,('patch_overlay', 36, 72, 95, 95)
fake_07136.png,patch_overlay,('patch_overlay', 121, 220, 91, 91)
fake_07137.png,module_corruption,('module_corruption', 26, 3, 10)
fake_07138.png,patch_overlay,('patch_overlay', 230, 140, 91, 91)
fake_07139.png,patch_overlay,('patch_overlay', 213, 98, 64, 64)
fake_07140.png,module_corruption,('module_corruption', 11, 6, 11)
fake_07141.png,module_corruption,('module_corruption', 13, 2, 11)
fake_07142.png,module_corruption,('module_corruption', 10, 12, 13)
fake_07143.png,module_corruption,('module_corruption', 1, 11, 9)
fake_07144.png,patch_overlay,('patch_overlay', 144, 243, 54, 54)
fake_07145.png,patch_overlay,('patch_overlay', 11, 119, 58, 58)
fake_07146.png,patch_overlay,('patch_overlay', 346, 309, 78, 78)
fake_07147.png,module_corruption,('module_corruption', 17, 16, 11)
fake_07148.png,patch_overlay,('patch_overlay', 211, 246, 96, 96)
fake_07149.png,patch_overlay,('patch_overlay', 172, 86, 69, 69)
fake_07150.png,patch_overlay,('patch_overlay', 204, 8, 80, 80)
fake_07151.png,patch_overlay,('patch_overlay', 67, 129, 85, 85)
fake_07152.png,module_corruption,('module_corruption', 3, 13, 12)
fake_07153.png,patch_overlay,('patch_overlay', 54, 85, 74, 74)
fake_07154.png,patch_overlay,('patch_overlay', 238, 131, 59, 59)
fake_07155.png,module_corruption,('module_corruption', 26, 10, 10)
fake_07156.png,module_corruption,('module_corruption', 2, 0, 10)
fake_07157.png,patch_overlay,('patch_overlay', 198, 368, 64, 64)
fake_07158.png,module_corruption,('module_corruption', 21, 20, 11)
fake_07159.png,module_corruption,('module_corruption', 10, 25, 11)
fake_07160.png,module_corruption,('module_corruption', 9, 22, 13)
fake_07161.png,module_corruption,('module_corruption', 23, 21, 9)
fake_07162.png,patch_overlay,('patch_overlay', 201, 18, 75, 75)
fake_07163.png,module_corruption,('module_corruption', 18, 15, 14)
fake_07164.png,patch_overlay,('patch_overlay', 299, 287, 89, 89)
fake_07165.png,module_corruption,('module_corruption', 22, 23, 13)
fake_07166.png,module_corruption,('module_corruption', 3, 6, 12)
fake_07167.png,module_corruption,('module_corruption', 3, 21, 10)
fake_07168.png,module_corruption,('module_corruption', 17, 20, 11)
fake_07169.png,patch_overlay,('patch_overlay', 273, 293, 97, 97)
fake_07170.png,module_corruption,('module_corruption', 23, 19, 11)
fake_07171.png,module_corruption,('module_corruption', 8, 2, 14)
fake_07172.png,patch_overlay,('patch_overlay', 168, 174, 56, 56)
fake_07173.png,patch_overlay,('patch_overlay', 133, 313, 84, 84)
fake_07174.png,module_corruption,('module_corruption', 13, 4, 11)
fake_07175.png,module_corruption,('module_corruption', 5, 12, 14)
fake_07176.png,module_corruption,('module_corruption', 2, 5, 9)
fake_07177.png,patch_overlay,('patch_overlay', 103, 243, 63, 63)
fake_07178.png,module_corruption,('module_corruption', 4, 15, 9)
fake_07179.png,module_corruption,('module_corruption', 15, 13, 10)
fake_07180.png,module_corruption,('module_corruption', 24, 23, 10)
fake_07181.png,patch_overlay,('patch_overlay', 41, 51, 72, 72)
fake_07182.png,module_corruption,('module_corruption', 13, 2, 11)
fake_07183.png,module_corruption,('module_corruption', 18, 25, 9)
fake_07184.png,module_corruption,('module_corruption', 12, 7, 13)
fake_07185.png,patch_overlay,('patch_overlay', 0, 110, 89, 89)
fake_07186.png,patch_overlay,('patch_overlay', 52, 350, 87, 87)
fake_07187.png,module_corruption,('module_corruption', 3, 5, 10)
fake_07188.png,patch_overlay,('patch_overlay', 48, 213, 73, 73)
fake_07189.png,patch_overlay,('patch_overlay', 303, 75, 74, 74)
fake_07190.png,module_corruption,('module_corruption', 17, 21, 12)
fake_07191.png,patch_overlay,('patch_overlay', 368, 77, 75, 75)
fake_07192.png,patch_overlay,('patch_overlay', 183, 106, 94, 94)
fake_07193.png,module_corruption,('module_corruption', 2, 24, 12)
fake_07194.png,module_corruption,('module_corruption', 18, 20, 9)
fake_07195.png,patch_overlay,('patch_overlay', 329, 279, 88, 88)
fake_07196.png,patch_overlay,('patch_overlay', 332, 202, 54, 54)
fake_07197.png,module_corruption,('module_corruption', 6, 13, 9)
fake_07198.png,patch_overlay,('patch_overlay', 134, 96, 90, 90)
fake_07199.png,patch_overlay,('patch_overlay', 308, 208, 97, 97)
fake_07200.png,module_corruption,('module_corruption', 13, 8, 11)
fake_07201.png,module_corruption,('module_corruption', 13, 20, 12)
fake_07202.png,module_corruption,('module_corruption', 17, 11, 11)
fake_07203.png,module_corruption,('module_corruption', 6, 2, 9)
fake_07204.png,module_corruption,('module_corruption', 27, 12, 10)
fake_07205.png,patch_overlay,('patch_overlay', 54, 154, 54, 54)
fake_07206.png,module_corruption,('module_corruption', 21, 1, 10)
fake_07207.png,patch_overlay,('patch_overlay', 189, 118, 65, 65)
fake_07208.png,patch_overlay,('patch_overlay', 29, 107, 77, 77)
fake_07209.png,module_corruption,('module_corruption', 18, 24, 13)
fake_07210.png,patch_overlay,('patch_overlay', 21, 278, 84, 84)
fake_07211.png,patch_overlay,('patch_overlay', 274, 160, 91, 91)
fake_07212.png,patch_overlay,('patch_overlay', 87, 161, 72, 72)
fake_07213.png,patch_overlay,('patch_overlay', 103, 86, 89, 89)
fake_07214.png,module_corruption,('module_corruption', 3, 24, 10)
fake_07215.png,patch_overlay,('patch_overlay', 87, 269, 63, 63)
fake_07216.png,module_corruption,('module_corruption', 10, 9, 12)
fake_07217.png,module_corruption,('module_corruption', 12, 7, 13)
fake_07218.png,module_corruption,('module_corruption', 19, 2, 12)
fake_07219.png,patch_overlay,('patch_overlay', 271, 264, 61, 61)
fake_07220.png,module_corruption,('module_corruption', 18, 6, 11)
fake_07221.png,patch_overlay,('patch_overlay', 342, 327, 82, 82)
fake_07222.png,module_corruption,('module_corruption', 3, 11, 13)
fake_07223.png,module_corruption,('module_corruption', 1, 20, 12)
fake_07224.png,module_corruption,('module_corruption', 3, 0, 10)
fake_07225.png,patch_overlay,('patch_overlay', 57, 47, 71, 71)
fake_07226.png,patch_overlay,('patch_overlay', 29, 169, 81, 81)
fake_07227.png,patch_overlay,('patch_overlay', 147, 117, 77, 77)
fake_07228.png,patch_overlay,('patch_overlay', 177, 294, 79, 79)
fake_07229.png,patch_overlay,('patch_overlay', 71, 179, 94, 94)
fake_07230.png,patch_overlay,('patch_overlay', 291, 253, 90, 90)
fake_07231.png,patch_overlay,('patch_overlay', 184, 27, 88, 88)
fake_07232.png,patch_overlay,('patch_overlay', 22, 150, 84, 84)
fake_07233.png,patch_overlay,('patch_overlay', 115, 336, 91, 91)
fake_07234.png,module_corruption,('module_corruption', 3, 28, 9)
fake_07235.png,module_corruption,('module_corruption', 1, 1, 10)
fake_07236.png,patch_overlay,('patch_overlay', 156, 220, 55, 55)
fake_07237.png,patch_overlay,('patch_overlay', 283, 56, 56, 56)
fake_07238.png,module_corruption,('module_corruption', 17, 11, 10)
fake_07239.png,module_corruption,('module_corruption', 11, 26, 11)
fake_07240.png,patch_overlay,('patch_overlay', 23, 194, 86, 86)
fake_07241.png,module_corruption,('module_corruption', 22, 0, 10)
fake_07242.png,patch_overlay,('patch_overlay', 218, 34, 83, 83)
fake_07243.png,module_corruption,('module_corruption', 17, 26, 9)
fake_07244.png,module_corruption,('module_corruption', 15, 18, 12)
fake_07245.png,module_corruption,('module_corruption', 22, 18, 11)
fake_07246.png,patch_overlay,('patch_overlay', 81, 10, 85, 85)
fake_07247.png,module_corruption,('module_corruption', 12, 16, 13)
fake_07248.png,module_corruption,('module_corruption', 19, 25, 12)
fake_07249.png,module_corruption,('module_corruption', 2, 17, 11)
fake_07250.png,module_corruption,('module_corruption', 24, 3, 11)
fake_07251.png,module_corruption,('module_corruption', 3, 4, 14)
fake_07252.png,patch_overlay,('patch_overlay', 172, 136, 81, 81)
fake_07253.png,module_corruption,('module_corruption', 3, 12, 13)
fake_07254.png,patch_overlay,('patch_overlay', 104, 323, 83, 83)
fake_07255.png,module_corruption,('module_corruption', 3, 4, 9)
fake_07256.png,patch_overlay,('patch_overlay', 334, 255, 92, 92)
fake_07257.png,module_corruption,('module_corruption', 5, 11, 13)
fake_07258.png,module_corruption,('module_corruption', 10, 25, 12)
fake_07259.png,module_corruption,('module_corruption', 3, 3, 13)
fake_07260.png,module_corruption,('module_corruption', 12, 22, 10)
fake_07261.png,module_corruption,('module_corruption', 5, 2, 10)
fake_07262.png,module_corruption,('module_corruption', 18, 28, 9)
fake_07263.png,module_corruption,('module_corruption', 15, 22, 9)
fake_07264.png,module_corruption,('module_corruption', 10, 18, 13)
fake_07265.png,patch_overlay,('patch_overlay', 162, 295, 64, 64)
fake_07266.png,module_corruption,('module_corruption', 4, 6, 12)
fake_07267.png,patch_overlay,('patch_overlay', 215, 348, 56, 56)
fake_07268.png,patch_overlay,('patch_overlay', 163, 201, 98, 98)
fake_07269.png,module_corruption,('module_corruption', 6, 5, 11)
fake_07270.png,patch_overlay,('patch_overlay', 124, 325, 89, 89)
fake_07271.png,patch_overlay,('patch_overlay', 257, 82, 84, 84)
fake_07272.png,module_corruption,('module_corruption', 12, 2, 12)
fake_07273.png,patch_overlay,('patch_overlay', 230, 180, 74, 74)
fake_07274.png,patch_overlay,('patch_overlay', 330, 224, 91, 91)
fake_07275.png,module_corruption,('module_corruption', 23, 8, 10)
fake_07276.png,module_corruption,('module_corruption', 3, 8, 14)
fake_07277.png,module_corruption,('module_corruption', 22, 13, 13)
fake_07278.png,patch_overlay,('patch_overlay', 282, 64, 84, 84)
fake_07279.png,module_corruption,('module_corruption', 17, 4, 9)
fake_07280.png,patch_overlay,('patch_overlay', 59, 266, 57, 57)
fake_07281.png,patch_overlay,('patch_overlay', 362, 219, 57, 57)
fake_07282.png,patch_overlay,('patch_overlay', 305, 206, 89, 89)
fake_07283.png,patch_overlay,('patch_overlay', 320, 305, 61, 61)
fake_07284.png,module_corruption,('module_corruption', 22, 13, 10)
fake_07285.png,patch_overlay,('patch_overlay', 240, 340, 67, 67)
fake_07286.png,patch_overlay,('patch_overlay', 168, 99, 56, 56)
fake_07287.png,module_corruption,('module_corruption', 4, 17, 13)
fake_07288.png,module_corruption,('module_corruption', 23, 21, 10)
fake_07289.png,module_corruption,('module_corruption', 26, 21, 10)
fake_07290.png,module_corruption,('module_corruption', 8, 15, 10)
fake_07291.png,patch_overlay,('patch_overlay', 283, 289, 91, 91)
fake_07292.png,module_corruption,('module_corruption', 1, 18, 13)
fake_07293.png,module_corruption,('module_corruption', 17, 21, 13)
fake_07294.png,patch_overlay,('patch_overlay', 289, 126, 54, 54)
fake_07295.png,patch_overlay,('patch_overlay', 125, 102, 59, 59)
fake_07296.png,module_corruption,('module_corruption', 0, 21, 12)
fake_07297.png,patch_overlay,('patch_overlay', 330, 224, 58, 58)
fake_07298.png,module_corruption,('module_corruption', 14, 15, 10)
fake_07299.png,module_corruption,('module_corruption', 0, 8, 13)
fake_07300.png,patch_overlay,('patch_overlay', 283, 89, 93, 93)
fake_07301.png,module_corruption,('module_corruption', 14, 24, 10)
fake_07302.png,patch_overlay,('patch_overlay', 325, 13, 75, 75)
fake_07303.png,patch_overlay,('patch_overlay', 187, 48, 86, 86)
fake_07304.png,module_corruption,('module_corruption', 15, 2, 12)
fake_07305.png,module_corruption,('module_corruption', 9, 21, 10)
fake_07306.png,patch_overlay,('patch_overlay', 268, 232, 95, 95)
fake_07307.png,patch_overlay,('patch_overlay', 255, 200, 93, 93)
fake_07308.png,module_corruption,('module_corruption', 22, 19, 12)
fake_07309.png,patch_overlay,('patch_overlay', 137, 67, 56, 56)
fake_07310.png,patch_overlay,('patch_overlay', 268, 191, 82, 82)
fake_07311.png,patch_overlay,('patch_overlay', 155, 324, 84, 84)
fake_07312.png,patch_overlay,('patch_overlay', 159, 102, 70, 70)
fake_07313.png,module_corruption,('module_corruption', 19, 20, 12)
fake_07314.png,module_corruption,('module_corruption', 2, 8, 12)
fake_07315.png,module_corruption,('module_corruption', 8, 9, 13)
fake_07316.png,patch_overlay,('patch_overlay', 80, 98, 56, 56)
fake_07317.png,module_corruption,('module_corruption', 0, 19, 13)
fake_07318.png,patch_overlay,('patch_overlay', 33, 226, 91, 91)
fake_07319.png,module_corruption,('module_corruption', 21, 16, 9)
fake_07320.png,module_corruption,('module_corruption', 16, 2, 11)
fake_07321.png,patch_overlay,('patch_overlay', 324, 143, 58, 58)
fake_07322.png,patch_overlay,('patch_overlay', 61, 256, 75, 75)
fake_07323.png,patch_overlay,('patch_overlay', 174, 61, 92, 92)
fake_07324.png,patch_overlay,('patch_overlay', 309, 88, 92, 92)
fake_07325.png,patch_overlay,('patch_overlay', 213, 195, 73, 73)
fake_07326.png,patch_overlay,('patch_overlay', 215, 281, 66, 66)
fake_07327.png,patch_overlay,('patch_overlay', 52, 103, 76, 76)
fake_07328.png,patch_overlay,('patch_overlay', 256, 27, 82, 82)
fake_07329.png,patch_overlay,('patch_overlay', 200, 373, 58, 58)
fake_07330.png,module_corruption,('module_corruption', 2, 18, 12)
fake_07331.png,module_corruption,('module_corruption', 10, 2, 11)
fake_07332.png,patch_overlay,('patch_overlay', 232, 304, 69, 69)
fake_07333.png,module_corruption,('module_corruption', 12, 18, 12)
fake_07334.png,module_corruption,('module_corruption', 13, 17, 13)
fake_07335.png,patch_overlay,('patch_overlay', 365, 25, 77, 77)
fake_07336.png,patch_overlay,('patch_overlay', 3, 311, 59, 59)
fake_07337.png,module_corruption,('module_corruption', 26, 7, 11)
fake_07338.png,patch_overlay,('patch_overlay', 90, 290, 86, 86)
fake_07339.png,patch_overlay,('patch_overlay', 169, 39, 84, 84)
fake_07340.png,patch_overlay,('patch_overlay', 141, 264, 67, 67)
fake_07341.png,patch_overlay,('patch_overlay', 243, 144, 88, 88)
fake_07342.png,module_corruption,('module_corruption', 20, 3, 11)
fake_07343.png,patch_overlay,('patch_overlay', 43, 123, 86, 86)
fake_07344.png,patch_overlay,('patch_overlay', 283, 45, 59, 59)
fake_07345.png,module_corruption,('module_corruption', 13, 9, 12)
fake_07346.png,module_corruption,('module_corruption', 20, 11, 13)
fake_07347.png,patch_overlay,('patch_overlay', 330, 201, 91, 91)
fake_07348.png,patch_overlay,('patch_overlay', 230, 294, 73, 73)
fake_07349.png,module_corruption,('module_corruption', 1, 21, 10)
fake_07350.png,module_corruption,('module_corruption', 22, 19, 11)
fake_07351.png,patch_overlay,('patch_overlay', 212, 234, 96, 96)
fake_07352.png,patch_overlay,('patch_overlay', 167, 15, 71, 71)
fake_07353.png,module_corruption,('module_corruption', 23, 24, 11)
fake_07354.png,patch_overlay,('patch_overlay', 5, 359, 75, 75)
fake_07355.png,module_corruption,('module_corruption', 14, 13, 14)
fake_07356.png,module_corruption,('module_corruption', 11, 12, 13)
fake_07357.png,module_corruption,('module_corruption', 19, 5, 13)
fake_07358.png,patch_overlay,('patch_overlay', 135, 151, 93, 93)
fake_07359.png,module_corruption,('module_corruption', 0, 8, 13)
fake_07360.png,patch_overlay,('patch_overlay', 16, 277, 91, 91)
fake_07361.png,patch_overlay,('patch_overlay', 212, 351, 79, 79)
fake_07362.png,patch_overlay,('patch_overlay', 254, 189, 68, 68)
fake_07363.png,patch_overlay,('patch_overlay', 293, 223, 92, 92)
fake_07364.png,module_corruption,('module_corruption', 23, 11, 13)
fake_07365.png,patch_overlay,('patch_overlay', 10, 199, 96, 96)
fake_07366.png,patch_overlay,('patch_overlay', 58, 161, 92, 92)
fake_07367.png,patch_overlay,('patch_overlay', 233, 203, 93, 93)
fake_07368.png,patch_overlay,('patch_overlay', 199, 89, 84, 84)
fake_07369.png,module_corruption,('module_corruption', 25, 19, 11)
fake_07370.png,patch_overlay,('patch_overlay', 82, 51, 74, 74)
fake_07371.png,patch_overlay,('patch_overlay', 328, 116, 89, 89)
fake_07372.png,patch_overlay,('patch_overlay', 279, 229, 95, 95)
fake_07373.png,module_corruption,('module_corruption', 18, 4, 9)
fake_07374.png,patch_overlay,('patch_overlay', 336, 214, 57, 57)
fake_07375.png,patch_overlay,('patch_overlay', 238, 281, 60, 60)
fake_07376.png,patch_overlay,('patch_overlay', 259, 259, 84, 84)
fake_07377.png,patch_overlay,('patch_overlay', 83, 143, 59, 59)
fake_07378.png,module_corruption,('module_corruption', 4, 24, 13)
fake_07379.png,module_corruption,('module_corruption', 4, 0, 11)
fake_07380.png,patch_overlay,('patch_overlay', 306, 43, 72, 72)
fake_07381.png,patch_overlay,('patch_overlay', 256, 267, 95, 95)
fake_07382.png,patch_overlay,('patch_overlay', 321, 120, 74, 74)
fake_07383.png,patch_overlay,('patch_overlay', 290, 248, 98, 98)
fake_07384.png,module_corruption,('module_corruption', 24, 19, 9)
fake_07385.png,patch_overlay,('patch_overlay', 284, 101, 68, 68)
fake_07386.png,patch_overlay,('patch_overlay', 3, 289, 80, 80)
fake_07387.png,module_corruption,('module_corruption', 7, 21, 13)
fake_07388.png,patch_overlay,('patch_overlay', 245, 332, 88, 88)
fake_07389.png,module_corruption,('module_corruption', 18, 4, 11)
fake_07390.png,module_corruption,('module_corruption', 15, 12, 10)
fake_07391.png,module_corruption,('module_corruption', 4, 17, 14)
fake_07392.png,module_corruption,('module_corruption', 10, 3, 9)
fake_07393.png,module_corruption,('module_corruption', 25, 9, 11)
fake_07394.png,patch_overlay,('patch_overlay', 49, 242, 77, 77)
fake_07395.png,module_corruption,('module_corruption', 21, 7, 13)
fake_07396.png,patch_overlay,('patch_overlay', 27, 15, 55, 55)
fake_07397.png,patch_overlay,('patch_overlay', 221, 103, 77, 77)
fake_07398.png,module_corruption,('module_corruption', 24, 3, 10)
fake_07399.png,module_corruption,('module_corruption', 2, 23, 14)
fake_07400.png,patch_overlay,('patch_overlay', 62, 245, 83, 83)
fake_07401.png,patch_overlay,('patch_overlay', 379, 59, 57, 57)
fake_07402.png,module_corruption,('module_corruption', 7, 15, 9)
fake_07403.png,module_corruption,('module_corruption', 8, 18, 11)
fake_07404.png,module_corruption,('module_corruption', 3, 18, 9)
fake_07405.png,module_corruption,('module_corruption', 8, 11, 12)
fake_07406.png,patch_overlay,('patch_overlay', 134, 169, 71, 71)
fake_07407.png,patch_overlay,('patch_overlay', 363, 251, 86, 86)
fake_07408.png,module_corruption,('module_corruption', 10, 4, 11)
fake_07409.png,module_corruption,('module_corruption', 3, 5, 12)
fake_07410.png,module_corruption,('module_corruption', 7, 8, 14)
fake_07411.png,module_corruption,('module_corruption', 4, 17, 11)
fake_07412.png,module_corruption,('module_corruption', 4, 21, 11)
fake_07413.png,module_corruption,('module_corruption', 1, 8, 10)
fake_07414.png,patch_overlay,('patch_overlay', 91, 199, 73, 73)
fake_07415.png,patch_overlay,('patch_overlay', 83, 175, 83, 83)
fake_07416.png,patch_overlay,('patch_overlay', 108, 14, 73, 73)
fake_07417.png,patch_overlay,('patch_overlay', 130, 262, 57, 57)
fake_07418.png,module_corruption,('module_corruption', 1, 18, 11)
fake_07419.png,patch_overlay,('patch_overlay', 216, 31, 93, 93)
fake_07420.png,patch_overlay,('patch_overlay', 250, 290, 98, 98)
fake_07421.png,patch_overlay,('patch_overlay', 194, 352, 68, 68)
fake_07422.png,module_corruption,('module_corruption', 7, 20, 11)
fake_07423.png,patch_overlay,('patch_overlay', 108, 39, 57, 57)
fake_07424.png,patch_overlay,('patch_overlay', 237, 208, 95, 95)
fake_07425.png,patch_overlay,('patch_overlay', 115, 21, 65, 65)
fake_07426.png,patch_overlay,('patch_overlay', 37, 100, 83, 83)
fake_07427.png,module_corruption,('module_corruption', 14, 20, 13)
fake_07428.png,module_corruption,('module_corruption', 9, 8, 12)
fake_07429.png,patch_overlay,('patch_overlay', 281, 144, 90, 90)
fake_07430.png,module_corruption,('module_corruption', 19, 1, 10)
fake_07431.png,module_corruption,('module_corruption', 8, 18, 11)
fake_07432.png,module_corruption,('module_corruption', 5, 10, 13)
fake_07433.png,module_corruption,('module_corruption', 23, 3, 13)
fake_07434.png,module_corruption,('module_corruption', 3, 1, 11)
fake_07435.png,module_corruption,('module_corruption', 10, 26, 10)
fake_07436.png,patch_overlay,('patch_overlay', 58, 270, 71, 71)
fake_07437.png,patch_overlay,('patch_overlay', 244, 219, 68, 68)
fake_07438.png,module_corruption,('module_corruption', 19, 20, 11)
fake_07439.png,module_corruption,('module_corruption', 2, 9, 10)
fake_07440.png,patch_overlay,('patch_overlay', 309, 265, 58, 58)
fake_07441.png,module_corruption,('module_corruption', 24, 23, 11)
fake_07442.png,patch_overlay,('patch_overlay', 235, 136, 54, 54)
fake_07443.png,module_corruption,('module_corruption', 23, 16, 14)
fake_07444.png,module_corruption,('module_corruption', 25, 7, 10)
fake_07445.png,module_corruption,('module_corruption', 16, 3, 9)
fake_07446.png,module_corruption,('module_corruption', 19, 1, 11)
fake_07447.png,patch_overlay,('patch_overlay', 231, 240, 83, 83)
fake_07448.png,patch_overlay,('patch_overlay', 359, 372, 66, 66)
fake_07449.png,patch_overlay,('patch_overlay', 41, 357, 92, 92)
fake_07450.png,module_corruption,('module_corruption', 19, 17, 13)
fake_07451.png,patch_overlay,('patch_overlay', 354, 166, 67, 67)
fake_07452.png,patch_overlay,('patch_overlay', 82, 154, 98, 98)
fake_07453.png,patch_overlay,('patch_overlay', 124, 287, 64, 64)
fake_07454.png,patch_overlay,('patch_overlay', 244, 231, 61, 61)
fake_07455.png,module_corruption,('module_corruption', 5, 25, 11)
fake_07456.png,module_corruption,('module_corruption', 17, 17, 14)
fake_07457.png,patch_overlay,('patch_overlay', 366, 58, 66, 66)
fake_07458.png,module_corruption,('module_corruption', 11, 12, 11)
fake_07459.png,module_corruption,('module_corruption', 15, 8, 11)
fake_07460.png,module_corruption,('module_corruption', 3, 15, 14)
fake_07461.png,patch_overlay,('patch_overlay', 116, 89, 62, 62)
fake_07462.png,module_corruption,('module_corruption', 15, 3, 9)
fake_07463.png,module_corruption,('module_corruption', 16, 10, 13)
fake_07464.png,patch_overlay,('patch_overlay', 154, 129, 84, 84)
fake_07465.png,module_corruption,('module_corruption', 6, 9, 13)
fake_07466.png,module_corruption,('module_corruption', 14, 7, 13)
fake_07467.png,patch_overlay,('patch_overlay', 125, 129, 60, 60)
fake_07468.png,module_corruption,('module_corruption', 8, 16, 12)
fake_07469.png,patch_overlay,('patch_overlay', 284, 46, 67, 67)
fake_07470.png,patch_overlay,('patch_overlay', 167, 57, 57, 57)
fake_07471.png,module_corruption,('module_corruption', 18, 10, 11)
fake_07472.png,module_corruption,('module_corruption', 19, 3, 10)
fake_07473.png,patch_overlay,('patch_overlay', 48, 310, 84, 84)
fake_07474.png,module_corruption,('module_corruption', 11, 23, 12)
fake_07475.png,patch_overlay,('patch_overlay', 54, 152, 75, 75)
fake_07476.png,patch_overlay,('patch_overlay', 70, 135, 61, 61)
fake_07477.png,patch_overlay,('patch_overlay', 90, 264, 98, 98)
fake_07478.png,patch_overlay,('patch_overlay', 375, 355, 60, 60)
fake_07479.png,module_corruption,('module_corruption', 1, 2, 10)
fake_07480.png,patch_overlay,('patch_overlay', 96, 239, 75, 75)
fake_07481.png,patch_overlay,('patch_overlay', 201, 372, 69, 69)
fake_07482.png,patch_overlay,('patch_overlay', 216, 172, 86, 86)
fake_07483.png,module_corruption,('module_corruption', 5, 17, 12)
fake_07484.png,module_corruption,('module_corruption', 0, 10, 13)
fake_07485.png,module_corruption,('module_corruption', 11, 12, 12)
fake_07486.png,patch_overlay,('patch_overlay', 58, 194, 93, 93)
fake_07487.png,module_corruption,('module_corruption', 7, 19, 13)
fake_07488.png,patch_overlay,('patch_overlay', 369, 109, 71, 71)
fake_07489.png,module_corruption,('module_corruption', 17, 3, 9)
fake_07490.png,module_corruption,('module_corruption', 9, 8, 10)
fake_07491.png,module_corruption,('module_corruption', 13, 1, 13)
fake_07492.png,module_corruption,('module_corruption', 11, 12, 10)
fake_07493.png,module_corruption,('module_corruption', 12, 8, 13)
fake_07494.png,patch_overlay,('patch_overlay', 268, 230, 96, 96)
fake_07495.png,module_corruption,('module_corruption', 3, 7, 9)
fake_07496.png,module_corruption,('module_corruption', 0, 10, 12)
fake_07497.png,patch_overlay,('patch_overlay', 44, 61, 59, 59)
fake_07498.png,module_corruption,('module_corruption', 2, 4, 12)
fake_07499.png,module_corruption,('module_corruption', 15, 24, 12)
fake_07500.png,patch_overlay,('patch_overlay', 55, 127, 79, 79)
fake_07501.png,module_corruption,('module_corruption', 6, 19, 13)
fake_07502.png,patch_overlay,('patch_overlay', 86, 362, 60, 60)
fake_07503.png,patch_overlay,('patch_overlay', 167, 100, 54, 54)
fake_07504.png,patch_overlay,('patch_overlay', 130, 33, 67, 67)
fake_07505.png,patch_overlay,('patch_overlay', 232, 282, 81, 81)
fake_07506.png,patch_overlay,('patch_overlay', 173, 136, 75, 75)
fake_07507.png,module_corruption,('module_corruption', 9, 22, 9)
fake_07508.png,patch_overlay,('patch_overlay', 177, 109, 89, 89)
fake_07509.png,patch_overlay,('patch_overlay', 142, 339, 97, 97)
fake_07510.png,module_corruption,('module_corruption', 25, 21, 10)
fake_07511.png,module_corruption,('module_corruption', 24, 10, 12)
fake_07512.png,module_corruption,('module_corruption', 21, 12, 13)
fake_07513.png,patch_overlay,('patch_overlay', 250, 93, 86, 86)
fake_07514.png,module_corruption,('module_corruption', 12, 26, 10)
fake_07515.png,patch_overlay,('patch_overlay', 138, 201, 91, 91)
fake_07516.png,module_corruption,('module_corruption', 21, 6, 12)
fake_07517.png,module_corruption,('module_corruption', 23, 13, 13)
fake_07518.png,module_corruption,('module_corruption', 14, 20, 9)
fake_07519.png,module_corruption,('module_corruption', 3, 14, 12)
fake_07520.png,module_corruption,('module_corruption', 13, 19, 14)
fake_07521.png,patch_overlay,('patch_overlay', 363, 264, 59, 59)
fake_07522.png,module_corruption,('module_corruption', 17, 14, 13)
fake_07523.png,patch_overlay,('patch_overlay', 220, 174, 66, 66)
fake_07524.png,patch_overlay,('patch_overlay', 202, 74, 97, 97)
fake_07525.png,patch_overlay,('patch_overlay', 171, 119, 73, 73)
fake_07526.png,module_corruption,('module_corruption', 11, 23, 12)
fake_07527.png,module_corruption,('module_corruption', 22, 6, 12)
fake_07528.png,patch_overlay,('patch_overlay', 222, 98, 71, 71)
fake_07529.png,module_corruption,('module_corruption', 16, 3, 13)
fake_07530.png,patch_overlay,('patch_overlay', 268, 65, 54, 54)
fake_07531.png,module_corruption,('module_corruption', 13, 2, 13)
fake_07532.png,module_corruption,('module_corruption', 12, 26, 10)
fake_07533.png,module_corruption,('module_corruption', 2, 13, 11)
fake_07534.png,patch_overlay,('patch_overlay', 284, 29, 69, 69)
fake_07535.png,patch_overlay,('patch_overlay', 281, 108, 86, 86)
fake_07536.png,patch_overlay,('patch_overlay', 189, 334, 94, 94)
fake_07537.png,patch_overlay,('patch_overlay', 265, 297, 72, 72)
fake_07538.png,module_corruption,('module_corruption', 21, 3, 11)
fake_07539.png,patch_overlay,('patch_overlay', 151, 306, 61, 61)
fake_07540.png,module_corruption,('module_corruption', 22, 0, 12)
fake_07541.png,module_corruption,('module_corruption', 9, 6, 13)
fake_07542.png,patch_overlay,('patch_overlay', 364, 267, 79, 79)
fake_07543.png,module_corruption,('module_corruption', 15, 6, 13)
fake_07544.png,module_corruption,('module_corruption', 7, 3, 10)
fake_07545.png,patch_overlay,('patch_overlay', 202, 0, 77, 77)
fake_07546.png,patch_overlay,('patch_overlay', 177, 80, 96, 96)
fake_07547.png,module_corruption,('module_corruption', 18, 26, 10)
fake_07548.png,module_corruption,('module_corruption', 20, 11, 10)
fake_07549.png,module_corruption,('module_corruption', 26, 28, 9)
fake_07550.png,patch_overlay,('patch_overlay', 138, 139, 80, 80)
fake_07551.png,module_corruption,('module_corruption', 13, 21, 10)
fake_07552.png,patch_overlay,('patch_overlay', 116, 192, 78, 78)
fake_07553.png,module_corruption,('module_corruption', 0, 8, 12)
fake_07554.png,module_corruption,('module_corruption', 19, 10, 14)
fake_07555.png,patch_overlay,('patch_overlay', 164, 21, 55, 55)
fake_07556.png,module_corruption,('module_corruption', 24, 19, 12)
fake_07557.png,patch_overlay,('patch_overlay', 90, 128, 63, 63)
fake_07558.png,patch_overlay,('patch_overlay', 96, 215, 85, 85)
fake_07559.png,module_corruption,('module_corruption', 13, 12, 9)
fake_07560.png,module_corruption,('module_corruption', 27, 15, 10)
fake_07561.png,patch_overlay,('patch_overlay', 296, 328, 72, 72)
fake_07562.png,patch_overlay,('patch_overlay', 135, 207, 93, 93)
fake_07563.png,patch_overlay,('patch_overlay', 124, 28, 81, 81)
fake_07564.png,module_corruption,('module_corruption', 15, 19, 9)
fake_07565.png,patch_overlay,('patch_overlay', 23, 288, 71, 71)
fake_07566.png,module_corruption,('module_corruption', 23, 9, 11)
fake_07567.png,module_corruption,('module_corruption', 18, 16, 9)
fake_07568.png,module_corruption,('module_corruption', 12, 21, 9)
fake_07569.png,module_corruption,('module_corruption', 13, 7, 11)
fake_07570.png,patch_overlay,('patch_overlay', 162, 211, 62, 62)
fake_07571.png,patch_overlay,('patch_overlay', 275, 138, 66, 66)
fake_07572.png,patch_overlay,('patch_overlay', 105, 278, 92, 92)
fake_07573.png,patch_overlay,('patch_overlay', 128, 339, 96, 96)
fake_07574.png,patch_overlay,('patch_overlay', 195, 39, 73, 73)
fake_07575.png,patch_overlay,('patch_overlay', 111, 329, 71, 71)
fake_07576.png,module_corruption,('module_corruption', 7, 16, 12)
fake_07577.png,patch_overlay,('patch_overlay', 199, 258, 90, 90)
fake_07578.png,patch_overlay,('patch_overlay', 366, 288, 65, 65)
fake_07579.png,patch_overlay,('patch_overlay', 28, 37, 68, 68)
fake_07580.png,module_corruption,('module_corruption', 5, 22, 12)
fake_07581.png,module_corruption,('module_corruption', 12, 7, 13)
fake_07582.png,patch_overlay,('patch_overlay', 256, 326, 86, 86)
fake_07583.png,patch_overlay,('patch_overlay', 221, 140, 98, 98)
fake_07584.png,module_corruption,('module_corruption', 10, 17, 9)
fake_07585.png,patch_overlay,('patch_overlay', 51, 261, 91, 91)
fake_07586.png,module_corruption,('module_corruption', 24, 18, 11)
fake_07587.png,module_corruption,('module_corruption', 0, 13, 12)
fake_07588.png,patch_overlay,('patch_overlay', 186, 250, 91, 91)
fake_07589.png,module_corruption,('module_corruption', 4, 0, 11)
fake_07590.png,patch_overlay,('patch_overlay', 279, 237, 81, 81)
fake_07591.png,module_corruption,('module_corruption', 25, 10, 9)
fake_07592.png,patch_overlay,('patch_overlay', 66, 264, 76, 76)
fake_07593.png,module_corruption,('module_corruption', 8, 0, 12)
fake_07594.png,patch_overlay,('patch_overlay', 357, 137, 91, 91)
fake_07595.png,patch_overlay,('patch_overlay', 86, 222, 93, 93)
fake_07596.png,patch_overlay,('patch_overlay', 268, 118, 72, 72)
fake_07597.png,patch_overlay,('patch_overlay', 30, 237, 54, 54)
fake_07598.png,patch_overlay,('patch_overlay', 173, 4, 63, 63)
fake_07599.png,module_corruption,('module_corruption', 3, 5, 13)
fake_07600.png,patch_overlay,('patch_overlay', 88, 166, 76, 76)
fake_07601.png,module_corruption,('module_corruption', 10, 0, 10)
fake_07602.png,patch_overlay,('patch_overlay', 37, 27, 77, 77)
fake_07603.png,patch_overlay,('patch_overlay', 44, 84, 54, 54)
fake_07604.png,module_corruption,('module_corruption', 17, 15, 10)
fake_07605.png,module_corruption,('module_corruption', 9, 23, 10)
fake_07606.png,module_corruption,('module_corruption', 19, 11, 11)
fake_07607.png,patch_overlay,('patch_overlay', 278, 268, 61, 61)
fake_07608.png,patch_overlay,('patch_overlay', 350, 174, 79, 79)
fake_07609.png,module_corruption,('module_corruption', 11, 13, 10)
fake_07610.png,patch_overlay,('patch_overlay', 282, 206, 63, 63)
fake_07611.png,module_corruption,('module_corruption', 3, 8, 11)
fake_07612.png,patch_overlay,('patch_overlay', 25, 324, 58, 58)
fake_07613.png,patch_overlay,('patch_overlay', 348, 328, 74, 74)
fake_07614.png,module_corruption,('module_corruption', 0, 1, 9)
fake_07615.png,module_corruption,('module_corruption', 13, 9, 11)
fake_07616.png,patch_overlay,('patch_overlay', 65, 89, 93, 93)
fake_07617.png,module_corruption,('module_corruption', 16, 7, 9)
fake_07618.png,patch_overlay,('patch_overlay', 32, 67, 57, 57)
fake_07619.png,patch_overlay,('patch_overlay', 294, 8, 78, 78)
fake_07620.png,module_corruption,('module_corruption', 21, 17, 9)
fake_07621.png,patch_overlay,('patch_overlay', 88, 42, 68, 68)
fake_07622.png,patch_overlay,('patch_overlay', 314, 268, 89, 89)
fake_07623.png,module_corruption,('module_corruption', 15, 3, 12)
fake_07624.png,module_corruption,('module_corruption', 19, 6, 10)
fake_07625.png,patch_overlay,('patch_overlay', 284, 374, 54, 54)
fake_07626.png,patch_overlay,('patch_overlay', 350, 306, 75, 75)
fake_07627.png,module_corruption,('module_corruption', 3, 4, 12)
fake_07628.png,patch_overlay,('patch_overlay', 323, 181, 60, 60)
fake_07629.png,module_corruption,('module_corruption', 7, 24, 12)
fake_07630.png,patch_overlay,('patch_overlay', 298, 17, 96, 96)
fake_07631.png,module_corruption,('module_corruption', 5, 13, 11)
fake_07632.png,module_corruption,('module_corruption', 18, 1, 12)
fake_07633.png,patch_overlay,('patch_overlay', 280, 166, 84, 84)
fake_07634.png,module_corruption,('module_corruption', 0, 9, 13)
fake_07635.png,patch_overlay,('patch_overlay', 205, 308, 69, 69)
fake_07636.png,module_corruption,('module_corruption', 9, 17, 10)
fake_07637.png,module_corruption,('module_corruption', 23, 25, 11)
fake_07638.png,module_corruption,('module_corruption', 8, 12, 12)
fake_07639.png,patch_overlay,('patch_overlay', 7, 184, 89, 89)
fake_07640.png,patch_overlay,('patch_overlay', 133, 77, 98, 98)
fake_07641.png,patch_overlay,('patch_overlay', 134, 328, 80, 80)
fake_07642.png,patch_overlay,('patch_overlay', 55, 178, 76, 76)
fake_07643.png,patch_overlay,('patch_overlay', 258, 213, 65, 65)
fake_07644.png,module_corruption,('module_corruption', 0, 23, 11)
fake_07645.png,module_corruption,('module_corruption', 22, 3, 12)
fake_07646.png,module_corruption,('module_corruption', 0, 11, 14)
fake_07647.png,patch_overlay,('patch_overlay', 300, 38, 82, 82)
fake_07648.png,module_corruption,('module_corruption', 24, 3, 11)
fake_07649.png,module_corruption,('module_corruption', 23, 6, 14)
fake_07650.png,module_corruption,('module_corruption', 20, 10, 11)
fake_07651.png,patch_overlay,('patch_overlay', 264, 118, 86, 86)
fake_07652.png,module_corruption,('module_corruption', 15, 23, 11)
fake_07653.png,module_corruption,('module_corruption', 0, 10, 9)
fake_07654.png,patch_overlay,('patch_overlay', 11, 168, 67, 67)
fake_07655.png,patch_overlay,('patch_overlay', 185, 207, 74, 74)
fake_07656.png,patch_overlay,('patch_overlay', 37, 89, 98, 98)
fake_07657.png,module_corruption,('module_corruption', 6, 16, 13)
fake_07658.png,patch_overlay,('patch_overlay', 119, 199, 86, 86)
fake_07659.png,patch_overlay,('patch_overlay', 319, 297, 96, 96)
fake_07660.png,patch_overlay,('patch_overlay', 291, 227, 98, 98)
fake_07661.png,patch_overlay,('patch_overlay', 289, 282, 59, 59)
fake_07662.png,patch_overlay,('patch_overlay', 225, 153, 96, 96)
fake_07663.png,patch_overlay,('patch_overlay', 280, 286, 92, 92)
fake_07664.png,patch_overlay,('patch_overlay', 11, 173, 72, 72)
fake_07665.png,patch_overlay,('patch_overlay', 151, 165, 77, 77)
fake_07666.png,patch_overlay,('patch_overlay', 346, 40, 71, 71)
fake_07667.png,module_corruption,('module_corruption', 19, 12, 12)
fake_07668.png,patch_overlay,('patch_overlay', 326, 109, 60, 60)
fake_07669.png,patch_overlay,('patch_overlay', 117, 132, 61, 61)
fake_07670.png,module_corruption,('module_corruption', 6, 12, 12)
fake_07671.png,module_corruption,('module_corruption', 20, 15, 12)
fake_07672.png,patch_overlay,('patch_overlay', 236, 325, 91, 91)
fake_07673.png,patch_overlay,('patch_overlay', 223, 256, 57, 57)
fake_07674.png,module_corruption,('module_corruption', 5, 2, 11)
fake_07675.png,patch_overlay,('patch_overlay', 226, 237, 56, 56)
fake_07676.png,module_corruption,('module_corruption', 11, 3, 13)
fake_07677.png,module_corruption,('module_corruption', 10, 0, 13)
fake_07678.png,patch_overlay,('patch_overlay', 56, 245, 74, 74)
fake_07679.png,module_corruption,('module_corruption', 16, 3, 13)
fake_07680.png,module_corruption,('module_corruption', 4, 18, 12)
fake_07681.png,module_corruption,('module_corruption', 20, 8, 13)
fake_07682.png,patch_overlay,('patch_overlay', 106, 172, 65, 65)
fake_07683.png,module_corruption,('module_corruption', 15, 25, 12)
fake_07684.png,patch_overlay,('patch_overlay', 172, 285, 63, 63)
fake_07685.png,module_corruption,('module_corruption', 19, 1, 10)
fake_07686.png,module_corruption,('module_corruption', 2, 12, 10)
fake_07687.png,module_corruption,('module_corruption', 14, 23, 13)
fake_07688.png,patch_overlay,('patch_overlay', 240, 327, 73, 73)
fake_07689.png,module_corruption,('module_corruption', 12, 10, 11)
fake_07690.png,module_corruption,('module_corruption', 3, 12, 10)
fake_07691.png,module_corruption,('module_corruption', 5, 22, 14)
fake_07692.png,module_corruption,('module_corruption', 8, 10, 12)
fake_07693.png,module_corruption,('module_corruption', 4, 14, 13)
fake_07694.png,module_corruption,('module_corruption', 11, 15, 12)
fake_07695.png,patch_overlay,('patch_overlay', 158, 31, 88, 88)
fake_07696.png,module_corruption,('module_corruption', 13, 17, 12)
fake_07697.png,module_corruption,('module_corruption', 19, 24, 13)
fake_07698.png,patch_overlay,('patch_overlay', 262, 381, 66, 66)
fake_07699.png,patch_overlay,('patch_overlay', 289, 115, 67, 67)
fake_07700.png,patch_overlay,('patch_overlay', 139, 183, 81, 81)
fake_07701.png,patch_overlay,('patch_overlay', 138, 120, 59, 59)
fake_07702.png,module_corruption,('module_corruption', 6, 12, 13)
fake_07703.png,patch_overlay,('patch_overlay', 243, 23, 87, 87)
fake_07704.png,module_corruption,('module_corruption', 22, 13, 13)
fake_07705.png,module_corruption,('module_corruption', 14, 11, 13)
fake_07706.png,patch_overlay,('patch_overlay', 40, 353, 72, 72)
fake_07707.png,patch_overlay,('patch_overlay', 284, 307, 96, 96)
fake_07708.png,patch_overlay,('patch_overlay', 162, 355, 72, 72)
fake_07709.png,module_corruption,('module_corruption', 10, 18, 10)
fake_07710.png,module_corruption,('module_corruption', 10, 23, 11)
fake_07711.png,module_corruption,('module_corruption', 7, 16, 10)
fake_07712.png,module_corruption,('module_corruption', 12, 0, 13)
fake_07713.png,module_corruption,('module_corruption', 1, 16, 11)
fake_07714.png,module_corruption,('module_corruption', 7, 18, 11)
fake_07715.png,module_corruption,('module_corruption', 25, 24, 9)
fake_07716.png,patch_overlay,('patch_overlay', 125, 24, 83, 83)
fake_07717.png,module_corruption,('module_corruption', 17, 7, 11)
fake_07718.png,patch_overlay,('patch_overlay', 5, 163, 68, 68)
fake_07719.png,patch_overlay,('patch_overlay', 79, 176, 93, 93)
fake_07720.png,patch_overlay,('patch_overlay', 312, 252, 69, 69)
fake_07721.png,patch_overlay,('patch_overlay', 4, 123, 95, 95)
fake_07722.png,module_corruption,('module_corruption', 23, 16, 12)
fake_07723.png,module_corruption,('module_corruption', 24, 2, 12)
fake_07724.png,patch_overlay,('patch_overlay', 348, 221, 90, 90)
fake_07725.png,patch_overlay,('patch_overlay', 241, 128, 86, 86)
fake_07726.png,module_corruption,('module_corruption', 6, 19, 10)
fake_07727.png,module_corruption,('module_corruption', 23, 15, 10)
fake_07728.png,patch_overlay,('patch_overlay', 59, 97, 88, 88)
fake_07729.png,module_corruption,('module_corruption', 22, 5, 13)
fake_07730.png,module_corruption,('module_corruption', 3, 16, 10)
fake_07731.png,patch_overlay,('patch_overlay', 247, 172, 90, 90)
fake_07732.png,module_corruption,('module_corruption', 20, 26, 9)
fake_07733.png,patch_overlay,('patch_overlay', 97, 53, 79, 79)
fake_07734.png,module_corruption,('module_corruption', 7, 19, 13)
fake_07735.png,module_corruption,('module_corruption', 9, 20, 11)
fake_07736.png,patch_overlay,('patch_overlay', 381, 85, 55, 55)
fake_07737.png,patch_overlay,('patch_overlay', 377, 146, 69, 69)
fake_07738.png,module_corruption,('module_corruption', 14, 18, 13)
fake_07739.png,module_corruption,('module_corruption', 13, 25, 12)
fake_07740.png,patch_overlay,('patch_overlay', 309, 171, 76, 76)
fake_07741.png,module_corruption,('module_corruption', 24, 9, 11)
fake_07742.png,module_corruption,('module_corruption', 0, 10, 12)
fake_07743.png,patch_overlay,('patch_overlay', 247, 289, 54, 54)
fake_07744.png,patch_overlay,('patch_overlay', 164, 27, 92, 92)
fake_07745.png,module_corruption,('module_corruption', 2, 24, 13)
fake_07746.png,patch_overlay,('patch_overlay', 331, 202, 93, 93)
fake_07747.png,patch_overlay,('patch_overlay', 273, 97, 61, 61)
fake_07748.png,patch_overlay,('patch_overlay', 9, 196, 94, 94)
fake_07749.png,module_corruption,('module_corruption', 22, 5, 13)
fake_07750.png,module_corruption,('module_corruption', 19, 17, 14)
fake_07751.png,module_corruption,('module_corruption', 19, 27, 10)
fake_07752.png,patch_overlay,('patch_overlay', 218, 388, 58, 58)
fake_07753.png,patch_overlay,('patch_overlay', 127, 302, 68, 68)
fake_07754.png,patch_overlay,('patch_overlay', 124, 280, 72, 72)
fake_07755.png,module_corruption,('module_corruption', 8, 18, 14)
fake_07756.png,module_corruption,('module_corruption', 25, 9, 9)
fake_07757.png,patch_overlay,('patch_overlay', 303, 315, 70, 70)
fake_07758.png,module_corruption,('module_corruption', 13, 15, 13)
fake_07759.png,module_corruption,('module_corruption', 19, 23, 12)
fake_07760.png,module_corruption,('module_corruption', 2, 15, 10)
fake_07761.png,patch_overlay,('patch_overlay', 145, 347, 87, 87)
fake_07762.png,module_corruption,('module_corruption', 0, 7, 13)
fake_07763.png,patch_overlay,('patch_overlay', 180, 257, 91, 91)
fake_07764.png,module_corruption,('module_corruption', 4, 7, 12)
fake_07765.png,module_corruption,('module_corruption', 11, 1, 10)
fake_07766.png,module_corruption,('module_corruption', 24, 11, 11)
fake_07767.png,patch_overlay,('patch_overlay', 127, 262, 61, 61)
fake_07768.png,module_corruption,('module_corruption', 2, 26, 11)
fake_07769.png,module_corruption,('module_corruption', 10, 0, 13)
fake_07770.png,module_corruption,('module_corruption', 2, 4, 10)
fake_07771.png,module_corruption,('module_corruption', 9, 2, 11)
fake_07772.png,module_corruption,('module_corruption', 17, 24, 13)
fake_07773.png,module_corruption,('module_corruption', 4, 18, 10)
fake_07774.png,patch_overlay,('patch_overlay', 261, 234, 90, 90)
fake_07775.png,patch_overlay,('patch_overlay', 86, 136, 81, 81)
fake_07776.png,module_corruption,('module_corruption', 20, 22, 13)
fake_07777.png,patch_overlay,('patch_overlay', 212, 164, 66, 66)
fake_07778.png,module_corruption,('module_corruption', 6, 6, 12)
fake_07779.png,module_corruption,('module_corruption', 14, 2, 12)
fake_07780.png,module_corruption,('module_corruption', 23, 3, 14)
fake_07781.png,patch_overlay,('patch_overlay', 186, 318, 90, 90)
fake_07782.png,module_corruption,('module_corruption', 8, 20, 14)
fake_07783.png,module_corruption,('module_corruption', 0, 3, 11)
fake_07784.png,patch_overlay,('patch_overlay', 234, 325, 90, 90)
fake_07785.png,patch_overlay,('patch_overlay', 215, 309, 75, 75)
fake_07786.png,patch_overlay,('patch_overlay', 285, 290, 91, 91)
fake_07787.png,patch_overlay,('patch_overlay', 228, 113, 83, 83)
fake_07788.png,module_corruption,('module_corruption', 7, 14, 11)
fake_07789.png,module_corruption,('module_corruption', 20, 13, 9)
fake_07790.png,patch_overlay,('patch_overlay', 305, 50, 55, 55)
fake_07791.png,module_corruption,('module_corruption', 14, 15, 11)
fake_07792.png,module_corruption,('module_corruption', 13, 12, 12)
fake_07793.png,module_corruption,('module_corruption', 1, 24, 10)
fake_07794.png,patch_overlay,('patch_overlay', 240, 249, 60, 60)
fake_07795.png,patch_overlay,('patch_overlay', 221, 110, 86, 86)
fake_07796.png,module_corruption,('module_corruption', 6, 12, 9)
fake_07797.png,module_corruption,('module_corruption', 20, 19, 9)
fake_07798.png,module_corruption,('module_corruption', 2, 12, 13)
fake_07799.png,patch_overlay,('patch_overlay', 126, 32, 61, 61)
fake_07800.png,patch_overlay,('patch_overlay', 246, 252, 61, 61)
fake_07801.png,patch_overlay,('patch_overlay', 195, 74, 93, 93)
fake_07802.png,module_corruption,('module_corruption', 10, 7, 12)
fake_07803.png,module_corruption,('module_corruption', 18, 17, 13)
fake_07804.png,module_corruption,('module_corruption', 18, 5, 10)
fake_07805.png,module_corruption,('module_corruption', 11, 8, 10)
fake_07806.png,patch_overlay,('patch_overlay', 103, 118, 72, 72)
fake_07807.png,module_corruption,('module_corruption', 1, 16, 13)
fake_07808.png,patch_overlay,('patch_overlay', 310, 228, 70, 70)
fake_07809.png,module_corruption,('module_corruption', 9, 26, 9)
fake_07810.png,patch_overlay,('patch_overlay', 147, 216, 57, 57)
fake_07811.png,patch_overlay,('patch_overlay', 55, 189, 93, 93)
fake_07812.png,module_corruption,('module_corruption', 18, 22, 11)
fake_07813.png,patch_overlay,('patch_overlay', 85, 299, 98, 98)
fake_07814.png,module_corruption,('module_corruption', 1, 11, 13)
fake_07815.png,patch_overlay,('patch_overlay', 312, 313, 96, 96)
fake_07816.png,module_corruption,('module_corruption', 5, 14, 10)
fake_07817.png,patch_overlay,('patch_overlay', 85, 345, 62, 62)
fake_07818.png,patch_overlay,('patch_overlay', 200, 252, 88, 88)
fake_07819.png,module_corruption,('module_corruption', 22, 18, 10)
fake_07820.png,patch_overlay,('patch_overlay', 291, 213, 95, 95)
fake_07821.png,patch_overlay,('patch_overlay', 183, 273, 77, 77)
fake_07822.png,patch_overlay,('patch_overlay', 211, 337, 62, 62)
fake_07823.png,patch_overlay,('patch_overlay', 69, 351, 83, 83)
fake_07824.png,module_corruption,('module_corruption', 7, 15, 14)
fake_07825.png,patch_overlay,('patch_overlay', 276, 303, 80, 80)
fake_07826.png,module_corruption,('module_corruption', 16, 3, 9)
fake_07827.png,module_corruption,('module_corruption', 21, 14, 11)
fake_07828.png,module_corruption,('module_corruption', 23, 11, 14)
fake_07829.png,module_corruption,('module_corruption', 28, 2, 9)
fake_07830.png,patch_overlay,('patch_overlay', 235, 189, 61, 61)
fake_07831.png,module_corruption,('module_corruption', 17, 12, 12)
fake_07832.png,module_corruption,('module_corruption', 25, 25, 12)
fake_07833.png,module_corruption,('module_corruption', 26, 24, 11)
fake_07834.png,patch_overlay,('patch_overlay', 28, 301, 94, 94)
fake_07835.png,patch_overlay,('patch_overlay', 59, 58, 64, 64)
fake_07836.png,patch_overlay,('patch_overlay', 223, 269, 83, 83)
fake_07837.png,patch_overlay,('patch_overlay', 359, 215, 89, 89)
fake_07838.png,patch_overlay,('patch_overlay', 116, 159, 63, 63)
fake_07839.png,patch_overlay,('patch_overlay', 90, 242, 89, 89)
fake_07840.png,patch_overlay,('patch_overlay', 278, 103, 90, 90)
fake_07841.png,module_corruption,('module_corruption', 23, 0, 13)
fake_07842.png,patch_overlay,('patch_overlay', 205, 336, 94, 94)
fake_07843.png,patch_overlay,('patch_overlay', 229, 75, 81, 81)
fake_07844.png,patch_overlay,('patch_overlay', 347, 361, 57, 57)
fake_07845.png,patch_overlay,('patch_overlay', 280, 76, 57, 57)
fake_07846.png,module_corruption,('module_corruption', 28, 26, 9)
fake_07847.png,module_corruption,('module_corruption', 14, 20, 10)
fake_07848.png,patch_overlay,('patch_overlay', 340, 85, 71, 71)
fake_07849.png,patch_overlay,('patch_overlay', 229, 24, 98, 98)
fake_07850.png,patch_overlay,('patch_overlay', 264, 282, 72, 72)
fake_07851.png,module_corruption,('module_corruption', 16, 25, 9)
fake_07852.png,module_corruption,('module_corruption', 1, 25, 9)
fake_07853.png,patch_overlay,('patch_overlay', 112, 72, 98, 98)
fake_07854.png,patch_overlay,('patch_overlay', 342, 374, 71, 71)
fake_07855.png,module_corruption,('module_corruption', 5, 2, 11)
fake_07856.png,module_corruption,('module_corruption', 11, 9, 9)
fake_07857.png,module_corruption,('module_corruption', 15, 15, 13)
fake_07858.png,patch_overlay,('patch_overlay', 147, 351, 95, 95)
fake_07859.png,module_corruption,('module_corruption', 3, 10, 9)
fake_07860.png,module_corruption,('module_corruption', 16, 10, 12)
fake_07861.png,patch_overlay,('patch_overlay', 26, 182, 93, 93)
fake_07862.png,module_corruption,('module_corruption', 21, 7, 10)
fake_07863.png,module_corruption,('module_corruption', 1, 6, 9)
fake_07864.png,module_corruption,('module_corruption', 23, 26, 10)
fake_07865.png,patch_overlay,('patch_overlay', 138, 91, 97, 97)
fake_07866.png,module_corruption,('module_corruption', 16, 1, 10)
fake_07867.png,patch_overlay,('patch_overlay', 355, 282, 71, 71)
fake_07868.png,module_corruption,('module_corruption', 23, 1, 12)
fake_07869.png,patch_overlay,('patch_overlay', 104, 145, 68, 68)
fake_07870.png,patch_overlay,('patch_overlay', 218, 290, 71, 71)
fake_07871.png,patch_overlay,('patch_overlay', 186, 125, 78, 78)
fake_07872.png,module_corruption,('module_corruption', 13, 3, 10)
fake_07873.png,module_corruption,('module_corruption', 17, 10, 10)
fake_07874.png,patch_overlay,('patch_overlay', 97, 244, 55, 55)
fake_07875.png,module_corruption,('module_corruption', 3, 17, 13)
fake_07876.png,patch_overlay,('patch_overlay', 125, 194, 56, 56)
fake_07877.png,patch_overlay,('patch_overlay', 42, 228, 64, 64)
fake_07878.png,module_corruption,('module_corruption', 12, 22, 11)
fake_07879.png,module_corruption,('module_corruption', 0, 2, 11)
fake_07880.png,patch_overlay,('patch_overlay', 83, 1, 81, 81)
fake_07881.png,patch_overlay,('patch_overlay', 24, 130, 75, 75)
fake_07882.png,module_corruption,('module_corruption', 22, 12, 12)
fake_07883.png,patch_overlay,('patch_overlay', 244, 331, 90, 90)
fake_07884.png,patch_overlay,('patch_overlay', 38, 258, 65, 65)
fake_07885.png,module_corruption,('module_corruption', 10, 8, 10)
fake_07886.png,patch_overlay,('patch_overlay', 96, 202, 96, 96)
fake_07887.png,patch_overlay,('patch_overlay', 267, 246, 67, 67)
fake_07888.png,module_corruption,('module_corruption', 12, 3, 13)
fake_07889.png,patch_overlay,('patch_overlay', 268, 277, 76, 76)
fake_07890.png,module_corruption,('module_corruption', 5, 8, 12)
fake_07891.png,module_corruption,('module_corruption', 6, 0, 13)
fake_07892.png,module_corruption,('module_corruption', 4, 5, 12)
fake_07893.png,patch_overlay,('patch_overlay', 359, 232, 58, 58)
fake_07894.png,module_corruption,('module_corruption', 7, 21, 13)
fake_07895.png,patch_overlay,('patch_overlay', 135, 157, 70, 70)
fake_07896.png,patch_overlay,('patch_overlay', 57, 93, 78, 78)
fake_07897.png,patch_overlay,('patch_overlay', 248, 278, 90, 90)
fake_07898.png,module_corruption,('module_corruption', 17, 25, 12)
fake_07899.png,module_corruption,('module_corruption', 20, 10, 11)
fake_07900.png,module_corruption,('module_corruption', 14, 4, 13)
fake_07901.png,patch_overlay,('patch_overlay', 52, 263, 97, 97)
fake_07902.png,patch_overlay,('patch_overlay', 296, 190, 62, 62)
fake_07903.png,patch_overlay,('patch_overlay', 263, 251, 86, 86)
fake_07904.png,module_corruption,('module_corruption', 3, 7, 12)
fake_07905.png,module_corruption,('module_corruption', 8, 10, 12)
fake_07906.png,patch_overlay,('patch_overlay', 127, 274, 87, 87)
fake_07907.png,patch_overlay,('patch_overlay', 349, 348, 76, 76)
fake_07908.png,module_corruption,('module_corruption', 18, 5, 9)
fake_07909.png,module_corruption,('module_corruption', 19, 7, 9)
fake_07910.png,module_corruption,('module_corruption', 16, 12, 13)
fake_07911.png,patch_overlay,('patch_overlay', 189, 313, 91, 91)
fake_07912.png,patch_overlay,('patch_overlay', 34, 116, 89, 89)
fake_07913.png,module_corruption,('module_corruption', 2, 16, 11)
fake_07914.png,module_corruption,('module_corruption', 24, 21, 10)
fake_07915.png,module_corruption,('module_corruption', 13, 4, 9)
fake_07916.png,patch_overlay,('patch_overlay', 340, 268, 83, 83)
fake_07917.png,module_corruption,('module_corruption', 14, 13, 10)
fake_07918.png,module_corruption,('module_corruption', 6, 2, 10)
fake_07919.png,patch_overlay,('patch_overlay', 301, 312, 54, 54)
fake_07920.png,patch_overlay,('patch_overlay', 294, 156, 59, 59)
fake_07921.png,module_corruption,('module_corruption', 12, 10, 10)
fake_07922.png,patch_overlay,('patch_overlay', 258, 86, 57, 57)
fake_07923.png,patch_overlay,('patch_overlay', 270, 86, 71, 71)
fake_07924.png,module_corruption,('module_corruption', 0, 23, 12)
fake_07925.png,module_corruption,('module_corruption', 6, 11, 13)
fake_07926.png,module_corruption,('module_corruption', 17, 2, 10)
fake_07927.png,module_corruption,('module_corruption', 1, 7, 14)
fake_07928.png,module_corruption,('module_corruption', 13, 3, 11)
fake_07929.png,module_corruption,('module_corruption', 15, 27, 10)
fake_07930.png,patch_overlay,('patch_overlay', 374, 4, 70, 70)
fake_07931.png,patch_overlay,('patch_overlay', 191, 165, 70, 70)
fake_07932.png,module_corruption,('module_corruption', 2, 7, 13)
fake_07933.png,patch_overlay,('patch_overlay', 59, 376, 58, 58)
fake_07934.png,module_corruption,('module_corruption', 22, 0, 10)
fake_07935.png,patch_overlay,('patch_overlay', 120, 111, 68, 68)
fake_07936.png,patch_overlay,('patch_overlay', 40, 313, 93, 93)
fake_07937.png,patch_overlay,('patch_overlay', 363, 55, 72, 72)
fake_07938.png,patch_overlay,('patch_overlay', 339, 261, 61, 61)
fake_07939.png,module_corruption,('module_corruption', 4, 22, 13)
fake_07940.png,patch_overlay,('patch_overlay', 72, 23, 87, 87)
fake_07941.png,module_corruption,('module_corruption', 5, 2, 10)
fake_07942.png,module_corruption,('module_corruption', 17, 23, 10)
fake_07943.png,module_corruption,('module_corruption', 19, 6, 13)
fake_07944.png,module_corruption,('module_corruption', 1, 22, 11)
fake_07945.png,patch_overlay,('patch_overlay', 77, 16, 79, 79)
fake_07946.png,module_corruption,('module_corruption', 5, 8, 11)
fake_07947.png,patch_overlay,('patch_overlay', 105, 4, 80, 80)
fake_07948.png,module_corruption,('module_corruption', 27, 10, 10)
fake_07949.png,module_corruption,('module_corruption', 22, 3, 12)
fake_07950.png,patch_overlay,('patch_overlay', 242, 143, 90, 90)
fake_07951.png,module_corruption,('module_corruption', 6, 23, 10)
fake_07952.png,module_corruption,('module_corruption', 4, 8, 10)
fake_07953.png,patch_overlay,('patch_overlay', 218, 285, 60, 60)
fake_07954.png,patch_overlay,('patch_overlay', 303, 262, 58, 58)
fake_07955.png,patch_overlay,('patch_overlay', 150, 204, 93, 93)
fake_07956.png,patch_overlay,('patch_overlay', 264, 36, 67, 67)
fake_07957.png,patch_overlay,('patch_overlay', 105, 238, 88, 88)
fake_07958.png,module_corruption,('module_corruption', 0, 11, 11)
fake_07959.png,module_corruption,('module_corruption', 5, 0, 13)
fake_07960.png,patch_overlay,('patch_overlay', 225, 84, 77, 77)
fake_07961.png,module_corruption,('module_corruption', 21, 8, 10)
fake_07962.png,patch_overlay,('patch_overlay', 336, 282, 95, 95)
fake_07963.png,module_corruption,('module_corruption', 6, 19, 13)
fake_07964.png,patch_overlay,('patch_overlay', 306, 2, 73, 73)
fake_07965.png,module_corruption,('module_corruption', 15, 9, 14)
fake_07966.png,module_corruption,('module_corruption', 1, 5, 12)
fake_07967.png,module_corruption,('module_corruption', 12, 3, 14)
fake_07968.png,patch_overlay,('patch_overlay', 126, 338, 79, 79)
fake_07969.png,module_corruption,('module_corruption', 23, 17, 14)
fake_07970.png,module_corruption,('module_corruption', 0, 11, 9)
fake_07971.png,patch_overlay,('patch_overlay', 187, 343, 86, 86)
fake_07972.png,patch_overlay,('patch_overlay', 56, 375, 66, 66)
fake_07973.png,patch_overlay,('patch_overlay', 289, 101, 84, 84)
fake_07974.png,module_corruption,('module_corruption', 22, 13, 11)
fake_07975.png,module_corruption,('module_corruption', 18, 2, 11)
fake_07976.png,patch_overlay,('patch_overlay', 122, 276, 59, 59)
fake_07977.png,patch_overlay,('patch_overlay', 36, 223, 78, 78)
fake_07978.png,module_corruption,('module_corruption', 11, 2, 10)
fake_07979.png,module_corruption,('module_corruption', 0, 0, 12)
fake_07980.png,module_corruption,('module_corruption', 4, 20, 12)
fake_07981.png,patch_overlay,('patch_overlay', 142, 281, 65, 65)
fake_07982.png,patch_overlay,('patch_overlay', 29, 247, 69, 69)
fake_07983.png,patch_overlay,('patch_overlay', 246, 219, 87, 87)
fake_07984.png,module_corruption,('module_corruption', 22, 14, 11)
fake_07985.png,patch_overlay,('patch_overlay', 180, 123, 71, 71)
fake_07986.png,module_corruption,('module_corruption', 0, 3, 10)
fake_07987.png,module_corruption,('module_corruption', 7, 20, 14)
fake_07988.png,patch_overlay,('patch_overlay', 227, 69, 88, 88)
fake_07989.png,module_corruption,('module_corruption', 14, 21, 13)
fake_07990.png,patch_overlay,('patch_overlay', 147, 106, 87, 87)
fake_07991.png,patch_overlay,('patch_overlay', 0, 307, 81, 81)
fake_07992.png,module_corruption,('module_corruption', 3, 5, 12)
fake_07993.png,patch_overlay,('patch_overlay', 265, 329, 76, 76)
fake_07994.png,module_corruption,('module_corruption', 16, 23, 9)
fake_07995.png,module_corruption,('module_corruption', 14, 16, 10)
fake_07996.png,module_corruption,('module_corruption', 5, 4, 11)
fake_07997.png,module_corruption,('module_corruption', 7, 18, 12)
fake_07998.png,module_corruption,('module_corruption', 21, 11, 11)
fake_07999.png,module_corruption,('module_corruption', 5, 15, 12)
fake_08000.png,patch_overlay,('patch_overlay', 170, 140, 92, 92)
fake_08001.png,patch_overlay,('patch_overlay', 160, 341, 98, 98)
fake_08002.png,patch_overlay,('patch_overlay', 51, 269, 55, 55)
fake_08003.png,module_corruption,('module_corruption', 1, 2, 11)
fake_08004.png,module_corruption,('module_corruption', 13, 21, 11)
fake_08005.png,module_corruption,('module_corruption', 23, 9, 13)
fake_08006.png,patch_overlay,('patch_overlay', 283, 282, 75, 75)
fake_08007.png,patch_overlay,('patch_overlay', 375, 318, 65, 65)
fake_08008.png,module_corruption,('module_corruption', 11, 18, 12)
fake_08009.png,module_corruption,('module_corruption', 20, 22, 11)
fake_08010.png,module_corruption,('module_corruption', 9, 25, 12)
fake_08011.png,patch_overlay,('patch_overlay', 169, 138, 65, 65)
fake_08012.png,patch_overlay,('patch_overlay', 93, 330, 55, 55)
fake_08013.png,patch_overlay,('patch_overlay', 236, 220, 81, 81)
fake_08014.png,module_corruption,('module_corruption', 7, 7, 12)
fake_08015.png,module_corruption,('module_corruption', 16, 2, 11)
fake_08016.png,patch_overlay,('patch_overlay', 328, 273, 60, 60)
fake_08017.png,patch_overlay,('patch_overlay', 349, 346, 91, 91)
fake_08018.png,patch_overlay,('patch_overlay', 15, 31, 80, 80)
fake_08019.png,patch_overlay,('patch_overlay', 335, 232, 61, 61)
fake_08020.png,module_corruption,('module_corruption', 15, 11, 14)
fake_08021.png,module_corruption,('module_corruption', 3, 6, 11)
fake_08022.png,patch_overlay,('patch_overlay', 50, 38, 62, 62)
fake_08023.png,module_corruption,('module_corruption', 13, 23, 12)
fake_08024.png,module_corruption,('module_corruption', 9, 6, 14)
fake_08025.png,module_corruption,('module_corruption', 4, 18, 10)
fake_08026.png,module_corruption,('module_corruption', 4, 24, 13)
fake_08027.png,patch_overlay,('patch_overlay', 242, 344, 73, 73)
fake_08028.png,module_corruption,('module_corruption', 22, 8, 11)
fake_08029.png,module_corruption,('module_corruption', 18, 20, 11)
fake_08030.png,module_corruption,('module_corruption', 20, 13, 11)
fake_08031.png,module_corruption,('module_corruption', 10, 23, 12)
fake_08032.png,module_corruption,('module_corruption', 14, 21, 14)
fake_08033.png,module_corruption,('module_corruption', 23, 9, 11)
fake_08034.png,module_corruption,('module_corruption', 15, 23, 10)
fake_08035.png,module_corruption,('module_corruption', 16, 13, 13)
fake_08036.png,patch_overlay,('patch_overlay', 91, 102, 65, 65)
fake_08037.png,patch_overlay,('patch_overlay', 130, 208, 93, 93)
fake_08038.png,patch_overlay,('patch_overlay', 64, 130, 56, 56)
fake_08039.png,module_corruption,('module_corruption', 2, 16, 13)
fake_08040.png,module_corruption,('module_corruption', 15, 12, 13)
fake_08041.png,module_corruption,('module_corruption', 24, 6, 9)
fake_08042.png,patch_overlay,('patch_overlay', 131, 297, 74, 74)
fake_08043.png,patch_overlay,('patch_overlay', 315, 351, 80, 80)
fake_08044.png,module_corruption,('module_corruption', 23, 0, 12)
fake_08045.png,module_corruption,('module_corruption', 17, 8, 11)
fake_08046.png,module_corruption,('module_corruption', 22, 7, 12)
fake_08047.png,patch_overlay,('patch_overlay', 226, 280, 75, 75)
fake_08048.png,patch_overlay,('patch_overlay', 207, 242, 97, 97)
fake_08049.png,patch_overlay,('patch_overlay', 18, 210, 87, 87)
fake_08050.png,patch_overlay,('patch_overlay', 54, 244, 60, 60)
fake_08051.png,patch_overlay,('patch_overlay', 26, 357, 83, 83)
fake_08052.png,patch_overlay,('patch_overlay', 191, 262, 60, 60)
fake_08053.png,module_corruption,('module_corruption', 12, 7, 14)
fake_08054.png,module_corruption,('module_corruption', 2, 20, 13)
fake_08055.png,module_corruption,('module_corruption', 12, 5, 10)
fake_08056.png,module_corruption,('module_corruption', 22, 15, 11)
fake_08057.png,patch_overlay,('patch_overlay', 106, 91, 56, 56)
fake_08058.png,module_corruption,('module_corruption', 16, 17, 12)
fake_08059.png,module_corruption,('module_corruption', 7, 15, 12)
fake_08060.png,patch_overlay,('patch_overlay', 178, 72, 60, 60)
fake_08061.png,module_corruption,('module_corruption', 17, 12, 12)
fake_08062.png,patch_overlay,('patch_overlay', 341, 105, 89, 89)
fake_08063.png,module_corruption,('module_corruption', 7, 26, 9)
fake_08064.png,module_corruption,('module_corruption', 18, 9, 11)
fake_08065.png,module_corruption,('module_corruption', 6, 3, 11)
fake_08066.png,module_corruption,('module_corruption', 23, 23, 11)
fake_08067.png,patch_overlay,('patch_overlay', 177, 321, 66, 66)
fake_08068.png,module_corruption,('module_corruption', 4, 8, 12)
fake_08069.png,patch_overlay,('patch_overlay', 51, 31, 98, 98)
fake_08070.png,module_corruption,('module_corruption', 6, 15, 14)
fake_08071.png,patch_overlay,('patch_overlay', 149, 75, 55, 55)
fake_08072.png,patch_overlay,('patch_overlay', 100, 295, 72, 72)
fake_08073.png,patch_overlay,('patch_overlay', 77, 343, 68, 68)
fake_08074.png,patch_overlay,('patch_overlay', 75, 10, 58, 58)
fake_08075.png,module_corruption,('module_corruption', 16, 9, 10)
fake_08076.png,patch_overlay,('patch_overlay', 124, 268, 59, 59)
fake_08077.png,patch_overlay,('patch_overlay', 147, 353, 59, 59)
fake_08078.png,module_corruption,('module_corruption', 15, 11, 14)
fake_08079.png,patch_overlay,('patch_overlay', 60, 226, 66, 66)
fake_08080.png,patch_overlay,('patch_overlay', 72, 299, 96, 96)
fake_08081.png,module_corruption,('module_corruption', 17, 3, 13)
fake_08082.png,patch_overlay,('patch_overlay', 294, 171, 75, 75)
fake_08083.png,module_corruption,('module_corruption', 0, 24, 13)
fake_08084.png,module_corruption,('module_corruption', 11, 12, 10)
fake_08085.png,patch_overlay,('patch_overlay', 142, 21, 91, 91)
fake_08086.png,patch_overlay,('patch_overlay', 7, 262, 71, 71)
fake_08087.png,patch_overlay,('patch_overlay', 315, 201, 71, 71)
fake_08088.png,module_corruption,('module_corruption', 19, 4, 11)
fake_08089.png,patch_overlay,('patch_overlay', 116, 304, 93, 93)
fake_08090.png,module_corruption,('module_corruption', 0, 2, 13)
fake_08091.png,module_corruption,('module_corruption', 5, 16, 13)
fake_08092.png,module_corruption,('module_corruption', 11, 17, 13)
fake_08093.png,module_corruption,('module_corruption', 11, 13, 10)
fake_08094.png,module_corruption,('module_corruption', 22, 8, 12)
fake_08095.png,patch_overlay,('patch_overlay', 148, 160, 85, 85)
fake_08096.png,module_corruption,('module_corruption', 15, 11, 12)
fake_08097.png,patch_overlay,('patch_overlay', 54, 343, 77, 77)
fake_08098.png,module_corruption,('module_corruption', 24, 3, 11)
fake_08099.png,patch_overlay,('patch_overlay', 126, 90, 77, 77)
fake_08100.png,patch_overlay,('patch_overlay', 247, 31, 62, 62)
fake_08101.png,module_corruption,('module_corruption', 6, 9, 9)
fake_08102.png,module_corruption,('module_corruption', 17, 10, 12)
fake_08103.png,module_corruption,('module_corruption', 18, 3, 12)
fake_08104.png,module_corruption,('module_corruption', 9, 18, 13)
fake_08105.png,module_corruption,('module_corruption', 24, 22, 12)
fake_08106.png,patch_overlay,('patch_overlay', 51, 124, 83, 83)
fake_08107.png,module_corruption,('module_corruption', 9, 4, 11)
fake_08108.png,module_corruption,('module_corruption', 27, 19, 10)
fake_08109.png,module_corruption,('module_corruption', 0, 9, 9)
fake_08110.png,patch_overlay,('patch_overlay', 361, 279, 71, 71)
fake_08111.png,module_corruption,('module_corruption', 0, 3, 11)
fake_08112.png,module_corruption,('module_corruption', 0, 1, 11)
fake_08113.png,patch_overlay,('patch_overlay', 355, 184, 69, 69)
fake_08114.png,module_corruption,('module_corruption', 6, 4, 12)
fake_08115.png,patch_overlay,('patch_overlay', 362, 300, 85, 85)
fake_08116.png,module_corruption,('module_corruption', 12, 28, 9)
fake_08117.png,patch_overlay,('patch_overlay', 192, 5, 94, 94)
fake_08118.png,module_corruption,('module_corruption', 22, 12, 9)
fake_08119.png,module_corruption,('module_corruption', 3, 4, 13)
fake_08120.png,module_corruption,('module_corruption', 23, 4, 10)
fake_08121.png,module_corruption,('module_corruption', 2, 24, 12)
fake_08122.png,module_corruption,('module_corruption', 21, 5, 11)
fake_08123.png,module_corruption,('module_corruption', 14, 23, 11)
fake_08124.png,module_corruption,('module_corruption', 6, 17, 12)
fake_08125.png,patch_overlay,('patch_overlay', 204, 227, 71, 71)
fake_08126.png,module_corruption,('module_corruption', 17, 26, 11)
fake_08127.png,module_corruption,('module_corruption', 4, 24, 10)
fake_08128.png,module_corruption,('module_corruption', 5, 21, 10)
fake_08129.png,patch_overlay,('patch_overlay', 220, 310, 94, 94)
fake_08130.png,patch_overlay,('patch_overlay', 253, 68, 77, 77)
fake_08131.png,patch_overlay,('patch_overlay', 192, 271, 93, 93)
fake_08132.png,module_corruption,('module_corruption', 6, 15, 13)
fake_08133.png,patch_overlay,('patch_overlay', 181, 348, 95, 95)
fake_08134.png,patch_overlay,('patch_overlay', 133, 19, 81, 81)
fake_08135.png,module_corruption,('module_corruption', 12, 16, 10)
fake_08136.png,patch_overlay,('patch_overlay', 99, 284, 57, 57)
fake_08137.png,patch_overlay,('patch_overlay', 254, 334, 54, 54)
fake_08138.png,module_corruption,('module_corruption', 3, 11, 14)
fake_08139.png,patch_overlay,('patch_overlay', 289, 327, 69, 69)
fake_08140.png,module_corruption,('module_corruption', 0, 6, 13)
fake_08141.png,patch_overlay,('patch_overlay', 103, 79, 85, 85)
fake_08142.png,patch_overlay,('patch_overlay', 244, 290, 91, 91)
fake_08143.png,module_corruption,('module_corruption', 2, 2, 13)
fake_08144.png,patch_overlay,('patch_overlay', 305, 132, 66, 66)
fake_08145.png,patch_overlay,('patch_overlay', 259, 220, 89, 89)
fake_08146.png,patch_overlay,('patch_overlay', 120, 364, 62, 62)
fake_08147.png,patch_overlay,('patch_overlay', 223, 290, 92, 92)
fake_08148.png,module_corruption,('module_corruption', 3, 5, 13)
fake_08149.png,patch_overlay,('patch_overlay', 171, 363, 54, 54)
fake_08150.png,module_corruption,('module_corruption', 23, 15, 14)
fake_08151.png,module_corruption,('module_corruption', 24, 15, 10)
fake_08152.png,patch_overlay,('patch_overlay', 8, 226, 76, 76)
fake_08153.png,module_corruption,('module_corruption', 15, 8, 14)
fake_08154.png,patch_overlay,('patch_overlay', 216, 316, 66, 66)
fake_08155.png,module_corruption,('module_corruption', 18, 5, 11)
fake_08156.png,patch_overlay,('patch_overlay', 37, 48, 57, 57)
fake_08157.png,patch_overlay,('patch_overlay', 187, 374, 55, 55)
fake_08158.png,module_corruption,('module_corruption', 7, 6, 13)
fake_08159.png,module_corruption,('module_corruption', 15, 16, 9)
fake_08160.png,patch_overlay,('patch_overlay', 21, 38, 96, 96)
fake_08161.png,patch_overlay,('patch_overlay', 153, 271, 63, 63)
fake_08162.png,module_corruption,('module_corruption', 7, 25, 12)
fake_08163.png,module_corruption,('module_corruption', 11, 25, 9)
fake_08164.png,patch_overlay,('patch_overlay', 290, 86, 67, 67)
fake_08165.png,patch_overlay,('patch_overlay', 151, 219, 54, 54)
fake_08166.png,module_corruption,('module_corruption', 0, 11, 11)
fake_08167.png,patch_overlay,('patch_overlay', 307, 175, 60, 60)
fake_08168.png,patch_overlay,('patch_overlay', 210, 40, 95, 95)
fake_08169.png,patch_overlay,('patch_overlay', 84, 257, 85, 85)
fake_08170.png,patch_overlay,('patch_overlay', 126, 67, 72, 72)
fake_08171.png,module_corruption,('module_corruption', 20, 8, 11)
fake_08172.png,module_corruption,('module_corruption', 1, 9, 12)
fake_08173.png,patch_overlay,('patch_overlay', 285, 78, 59, 59)
fake_08174.png,module_corruption,('module_corruption', 17, 1, 9)
fake_08175.png,module_corruption,('module_corruption', 26, 20, 11)
fake_08176.png,module_corruption,('module_corruption', 8, 19, 13)
fake_08177.png,patch_overlay,('patch_overlay', 321, 0, 74, 74)
fake_08178.png,patch_overlay,('patch_overlay', 106, 147, 98, 98)
fake_08179.png,patch_overlay,('patch_overlay', 227, 144, 56, 56)
fake_08180.png,patch_overlay,('patch_overlay', 334, 136, 92, 92)
fake_08181.png,module_corruption,('module_corruption', 20, 7, 9)
fake_08182.png,module_corruption,('module_corruption', 15, 6, 12)
fake_08183.png,patch_overlay,('patch_overlay', 339, 10, 90, 90)
fake_08184.png,patch_overlay,('patch_overlay', 269, 179, 72, 72)
fake_08185.png,module_corruption,('module_corruption', 3, 14, 9)
fake_08186.png,module_corruption,('module_corruption', 5, 23, 10)
fake_08187.png,module_corruption,('module_corruption', 23, 7, 13)
fake_08188.png,patch_overlay,('patch_overlay', 99, 290, 68, 68)
fake_08189.png,patch_overlay,('patch_overlay', 364, 239, 54, 54)
fake_08190.png,patch_overlay,('patch_overlay', 354, 287, 91, 91)
fake_08191.png,patch_overlay,('patch_overlay', 178, 113, 92, 92)
fake_08192.png,module_corruption,('module_corruption', 20, 8, 10)
fake_08193.png,module_corruption,('module_corruption', 18, 2, 13)
fake_08194.png,patch_overlay,('patch_overlay', 337, 214, 66, 66)
fake_08195.png,module_corruption,('module_corruption', 13, 17, 10)
fake_08196.png,module_corruption,('module_corruption', 6, 0, 12)
fake_08197.png,patch_overlay,('patch_overlay', 44, 72, 85, 85)
fake_08198.png,module_corruption,('module_corruption', 26, 19, 10)
fake_08199.png,module_corruption,('module_corruption', 4, 23, 10)
fake_08200.png,module_corruption,('module_corruption', 16, 18, 11)
fake_08201.png,patch_overlay,('patch_overlay', 104, 66, 68, 68)
fake_08202.png,patch_overlay,('patch_overlay', 292, 279, 76, 76)
fake_08203.png,module_corruption,('module_corruption', 19, 9, 13)
fake_08204.png,module_corruption,('module_corruption', 2, 12, 13)
fake_08205.png,patch_overlay,('patch_overlay', 49, 136, 70, 70)
fake_08206.png,patch_overlay,('patch_overlay', 1, 221, 98, 98)
fake_08207.png,patch_overlay,('patch_overlay', 48, 166, 60, 60)
fake_08208.png,module_corruption,('module_corruption', 7, 5, 12)
fake_08209.png,patch_overlay,('patch_overlay', 128, 84, 69, 69)
fake_08210.png,patch_overlay,('patch_overlay', 235, 145, 71, 71)
fake_08211.png,patch_overlay,('patch_overlay', 318, 6, 97, 97)
fake_08212.png,module_corruption,('module_corruption', 25, 10, 11)
fake_08213.png,patch_overlay,('patch_overlay', 20, 38, 72, 72)
fake_08214.png,patch_overlay,('patch_overlay', 375, 129, 72, 72)
fake_08215.png,patch_overlay,('patch_overlay', 178, 319, 80, 80)
fake_08216.png,patch_overlay,('patch_overlay', 248, 29, 80, 80)
fake_08217.png,patch_overlay,('patch_overlay', 365, 115, 68, 68)
fake_08218.png,patch_overlay,('patch_overlay', 369, 2, 67, 67)
fake_08219.png,module_corruption,('module_corruption', 12, 9, 13)
fake_08220.png,module_corruption,('module_corruption', 12, 22, 13)
fake_08221.png,module_corruption,('module_corruption', 6, 7, 9)
fake_08222.png,patch_overlay,('patch_overlay', 309, 104, 80, 80)
fake_08223.png,patch_overlay,('patch_overlay', 101, 149, 91, 91)
fake_08224.png,patch_overlay,('patch_overlay', 168, 79, 70, 70)
fake_08225.png,patch_overlay,('patch_overlay', 231, 37, 91, 91)
fake_08226.png,patch_overlay,('patch_overlay', 128, 123, 79, 79)
fake_08227.png,patch_overlay,('patch_overlay', 309, 207, 91, 91)
fake_08228.png,patch_overlay,('patch_overlay', 245, 183, 91, 91)
fake_08229.png,module_corruption,('module_corruption', 2, 16, 12)
fake_08230.png,patch_overlay,('patch_overlay', 206, 69, 94, 94)
fake_08231.png,module_corruption,('module_corruption', 16, 20, 13)
fake_08232.png,module_corruption,('module_corruption', 19, 26, 11)
fake_08233.png,module_corruption,('module_corruption', 12, 17, 13)
fake_08234.png,module_corruption,('module_corruption', 12, 10, 12)
fake_08235.png,patch_overlay,('patch_overlay', 14, 49, 93, 93)
fake_08236.png,module_corruption,('module_corruption', 24, 5, 12)
fake_08237.png,module_corruption,('module_corruption', 9, 24, 13)
fake_08238.png,module_corruption,('module_corruption', 2, 7, 12)
fake_08239.png,patch_overlay,('patch_overlay', 375, 177, 54, 54)
fake_08240.png,module_corruption,('module_corruption', 12, 23, 12)
fake_08241.png,module_corruption,('module_corruption', 17, 10, 14)
fake_08242.png,patch_overlay,('patch_overlay', 255, 311, 86, 86)
fake_08243.png,module_corruption,('module_corruption', 21, 9, 10)
fake_08244.png,module_corruption,('module_corruption', 4, 23, 14)
fake_08245.png,patch_overlay,('patch_overlay', 103, 109, 78, 78)
fake_08246.png,patch_overlay,('patch_overlay', 84, 32, 64, 64)
fake_08247.png,patch_overlay,('patch_overlay', 33, 203, 79, 79)
fake_08248.png,module_corruption,('module_corruption', 5, 2, 13)
fake_08249.png,module_corruption,('module_corruption', 12, 20, 13)
fake_08250.png,module_corruption,('module_corruption', 19, 0, 9)
fake_08251.png,patch_overlay,('patch_overlay', 173, 124, 80, 80)
fake_08252.png,module_corruption,('module_corruption', 12, 1, 12)
fake_08253.png,module_corruption,('module_corruption', 13, 18, 13)
fake_08254.png,patch_overlay,('patch_overlay', 71, 62, 84, 84)
fake_08255.png,module_corruption,('module_corruption', 20, 12, 11)
fake_08256.png,patch_overlay,('patch_overlay', 222, 292, 78, 78)
fake_08257.png,patch_overlay,('patch_overlay', 234, 54, 98, 98)
fake_08258.png,module_corruption,('module_corruption', 0, 17, 13)
fake_08259.png,module_corruption,('module_corruption', 11, 10, 11)
fake_08260.png,module_corruption,('module_corruption', 5, 17, 12)
fake_08261.png,patch_overlay,('patch_overlay', 324, 173, 85, 85)
fake_08262.png,patch_overlay,('patch_overlay', 16, 115, 55, 55)
fake_08263.png,patch_overlay,('patch_overlay', 237, 82, 88, 88)
fake_08264.png,module_corruption,('module_corruption', 15, 20, 10)
fake_08265.png,module_corruption,('module_corruption', 16, 23, 13)
fake_08266.png,module_corruption,('module_corruption', 1, 3, 11)
fake_08267.png,module_corruption,('module_corruption', 19, 21, 12)
fake_08268.png,module_corruption,('module_corruption', 19, 20, 11)
fake_08269.png,module_corruption,('module_corruption', 0, 1, 9)
fake_08270.png,module_corruption,('module_corruption', 10, 17, 13)
fake_08271.png,module_corruption,('module_corruption', 14, 5, 13)
fake_08272.png,patch_overlay,('patch_overlay', 243, 193, 82, 82)
fake_08273.png,patch_overlay,('patch_overlay', 146, 118, 96, 96)
fake_08274.png,patch_overlay,('patch_overlay', 256, 274, 70, 70)
fake_08275.png,patch_overlay,('patch_overlay', 142, 172, 87, 87)
fake_08276.png,patch_overlay,('patch_overlay', 334, 337, 55, 55)
fake_08277.png,module_corruption,('module_corruption', 13, 5, 12)
fake_08278.png,module_corruption,('module_corruption', 5, 13, 10)
fake_08279.png,module_corruption,('module_corruption', 9, 21, 13)
fake_08280.png,patch_overlay,('patch_overlay', 21, 216, 91, 91)
fake_08281.png,module_corruption,('module_corruption', 2, 0, 13)
fake_08282.png,module_corruption,('module_corruption', 26, 2, 10)
fake_08283.png,module_corruption,('module_corruption', 1, 4, 12)
fake_08284.png,patch_overlay,('patch_overlay', 32, 152, 61, 61)
fake_08285.png,module_corruption,('module_corruption', 2, 0, 14)
fake_08286.png,patch_overlay,('patch_overlay', 262, 273, 92, 92)
fake_08287.png,patch_overlay,('patch_overlay', 309, 116, 55, 55)
fake_08288.png,patch_overlay,('patch_overlay', 222, 89, 97, 97)
fake_08289.png,module_corruption,('module_corruption', 23, 25, 10)
fake_08290.png,module_corruption,('module_corruption', 18, 2, 11)
fake_08291.png,patch_overlay,('patch_overlay', 76, 310, 84, 84)
fake_08292.png,patch_overlay,('patch_overlay', 192, 5, 58, 58)
fake_08293.png,patch_overlay,('patch_overlay', 199, 284, 98, 98)
fake_08294.png,module_corruption,('module_corruption', 4, 21, 13)
fake_08295.png,patch_overlay,('patch_overlay', 141, 108, 56, 56)
fake_08296.png,module_corruption,('module_corruption', 22, 6, 10)
fake_08297.png,patch_overlay,('patch_overlay', 295, 371, 59, 59)
fake_08298.png,module_corruption,('module_corruption', 21, 9, 13)
fake_08299.png,module_corruption,('module_corruption', 21, 11, 12)
fake_08300.png,patch_overlay,('patch_overlay', 320, 24, 95, 95)
fake_08301.png,module_corruption,('module_corruption', 7, 17, 13)
fake_08302.png,patch_overlay,('patch_overlay', 372, 118, 56, 56)
fake_08303.png,module_corruption,('module_corruption', 16, 11, 13)
fake_08304.png,patch_overlay,('patch_overlay', 287, 182, 72, 72)
fake_08305.png,module_corruption,('module_corruption', 13, 1, 13)
fake_08306.png,patch_overlay,('patch_overlay', 169, 175, 68, 68)
fake_08307.png,module_corruption,('module_corruption', 8, 8, 11)
fake_08308.png,patch_overlay,('patch_overlay', 170, 156, 93, 93)
fake_08309.png,patch_overlay,('patch_overlay', 170, 299, 61, 61)
fake_08310.png,module_corruption,('module_corruption', 19, 3, 9)
fake_08311.png,module_corruption,('module_corruption', 10, 22, 9)
fake_08312.png,module_corruption,('module_corruption', 3, 23, 11)
fake_08313.png,patch_overlay,('patch_overlay', 33, 59, 70, 70)
fake_08314.png,module_corruption,('module_corruption', 13, 1, 11)
fake_08315.png,module_corruption,('module_corruption', 6, 24, 13)
fake_08316.png,module_corruption,('module_corruption', 4, 24, 13)
fake_08317.png,module_corruption,('module_corruption', 8, 1, 14)
fake_08318.png,patch_overlay,('patch_overlay', 109, 58, 74, 74)
fake_08319.png,module_corruption,('module_corruption', 26, 22, 11)
fake_08320.png,patch_overlay,('patch_overlay', 197, 302, 68, 68)
fake_08321.png,patch_overlay,('patch_overlay', 78, 288, 76, 76)
fake_08322.png,module_corruption,('module_corruption', 8, 11, 9)
fake_08323.png,module_corruption,('module_corruption', 19, 3, 12)
fake_08324.png,module_corruption,('module_corruption', 5, 10, 10)
fake_08325.png,module_corruption,('module_corruption', 1, 22, 9)
fake_08326.png,module_corruption,('module_corruption', 21, 4, 13)
fake_08327.png,patch_overlay,('patch_overlay', 239, 251, 94, 94)
fake_08328.png,module_corruption,('module_corruption', 9, 20, 9)
fake_08329.png,module_corruption,('module_corruption', 24, 10, 12)
fake_08330.png,patch_overlay,('patch_overlay', 37, 312, 58, 58)
fake_08331.png,patch_overlay,('patch_overlay', 299, 218, 97, 97)
fake_08332.png,patch_overlay,('patch_overlay', 123, 239, 69, 69)
fake_08333.png,patch_overlay,('patch_overlay', 166, 183, 95, 95)
fake_08334.png,patch_overlay,('patch_overlay', 104, 122, 84, 84)
fake_08335.png,patch_overlay,('patch_overlay', 371, 317, 76, 76)
fake_08336.png,patch_overlay,('patch_overlay', 316, 232, 54, 54)
fake_08337.png,module_corruption,('module_corruption', 23, 6, 9)
fake_08338.png,module_corruption,('module_corruption', 7, 19, 11)
fake_08339.png,module_corruption,('module_corruption', 13, 26, 11)
fake_08340.png,patch_overlay,('patch_overlay', 12, 6, 60, 60)
fake_08341.png,module_corruption,('module_corruption', 15, 3, 13)
fake_08342.png,module_corruption,('module_corruption', 13, 9, 10)
fake_08343.png,patch_overlay,('patch_overlay', 78, 84, 88, 88)
fake_08344.png,module_corruption,('module_corruption', 12, 19, 12)
fake_08345.png,patch_overlay,('patch_overlay', 130, 245, 85, 85)
fake_08346.png,module_corruption,('module_corruption', 25, 3, 11)
fake_08347.png,patch_overlay,('patch_overlay', 135, 49, 71, 71)
fake_08348.png,module_corruption,('module_corruption', 9, 21, 14)
fake_08349.png,module_corruption,('module_corruption', 11, 6, 10)
fake_08350.png,patch_overlay,('patch_overlay', 182, 325, 71, 71)
fake_08351.png,patch_overlay,('patch_overlay', 38, 31, 60, 60)
fake_08352.png,patch_overlay,('patch_overlay', 65, 335, 58, 58)
fake_08353.png,module_corruption,('module_corruption', 14, 24, 13)
fake_08354.png,patch_overlay,('patch_overlay', 170, 258, 68, 68)
fake_08355.png,module_corruption,('module_corruption', 10, 8, 14)
fake_08356.png,module_corruption,('module_corruption', 1, 10, 13)
fake_08357.png,patch_overlay,('patch_overlay', 314, 127, 69, 69)
fake_08358.png,module_corruption,('module_corruption', 4, 15, 11)
fake_08359.png,patch_overlay,('patch_overlay', 195, 222, 86, 86)
fake_08360.png,patch_overlay,('patch_overlay', 289, 296, 84, 84)
fake_08361.png,module_corruption,('module_corruption', 23, 15, 13)
fake_08362.png,patch_overlay,('patch_overlay', 286, 47, 79, 79)
fake_08363.png,module_corruption,('module_corruption', 24, 6, 13)
fake_08364.png,module_corruption,('module_corruption', 2, 10, 14)
fake_08365.png,patch_overlay,('patch_overlay', 88, 104, 72, 72)
fake_08366.png,patch_overlay,('patch_overlay', 157, 319, 90, 90)
fake_08367.png,patch_overlay,('patch_overlay', 91, 349, 90, 90)
fake_08368.png,patch_overlay,('patch_overlay', 311, 157, 95, 95)
fake_08369.png,module_corruption,('module_corruption', 4, 23, 12)
fake_08370.png,patch_overlay,('patch_overlay', 80, 118, 67, 67)
fake_08371.png,module_corruption,('module_corruption', 22, 28, 9)
fake_08372.png,module_corruption,('module_corruption', 4, 8, 14)
fake_08373.png,module_corruption,('module_corruption', 5, 16, 12)
fake_08374.png,patch_overlay,('patch_overlay', 157, 330, 70, 70)
fake_08375.png,patch_overlay,('patch_overlay', 239, 182, 96, 96)
fake_08376.png,module_corruption,('module_corruption', 3, 8, 12)
fake_08377.png,module_corruption,('module_corruption', 21, 5, 13)
fake_08378.png,module_corruption,('module_corruption', 24, 12, 12)
fake_08379.png,patch_overlay,('patch_overlay', 157, 157, 74, 74)
fake_08380.png,module_corruption,('module_corruption', 22, 3, 13)
fake_08381.png,module_corruption,('module_corruption', 11, 14, 13)
fake_08382.png,patch_overlay,('patch_overlay', 270, 244, 87, 87)
fake_08383.png,module_corruption,('module_corruption', 18, 11, 10)
fake_08384.png,module_corruption,('module_corruption', 2, 7, 12)
fake_08385.png,module_corruption,('module_corruption', 19, 23, 11)
fake_08386.png,module_corruption,('module_corruption', 26, 17, 11)
fake_08387.png,patch_overlay,('patch_overlay', 205, 59, 97, 97)
fake_08388.png,module_corruption,('module_corruption', 9, 20, 10)
fake_08389.png,module_corruption,('module_corruption', 5, 1, 14)
fake_08390.png,module_corruption,('module_corruption', 23, 11, 12)
fake_08391.png,module_corruption,('module_corruption', 3, 3, 9)
fake_08392.png,patch_overlay,('patch_overlay', 317, 143, 97, 97)
fake_08393.png,module_corruption,('module_corruption', 26, 19, 10)
fake_08394.png,patch_overlay,('patch_overlay', 293, 145, 90, 90)
fake_08395.png,patch_overlay,('patch_overlay', 64, 95, 74, 74)
fake_08396.png,module_corruption,('module_corruption', 15, 22, 12)
fake_08397.png,patch_overlay,('patch_overlay', 92, 341, 72, 72)
fake_08398.png,patch_overlay,('patch_overlay', 308, 178, 62, 62)
fake_08399.png,patch_overlay,('patch_overlay', 355, 153, 73, 73)
fake_08400.png,patch_overlay,('patch_overlay', 133, 159, 64, 64)
fake_08401.png,module_corruption,('module_corruption', 19, 24, 12)
fake_08402.png,module_corruption,('module_corruption', 12, 8, 10)
fake_08403.png,patch_overlay,('patch_overlay', 315, 275, 95, 95)
fake_08404.png,patch_overlay,('patch_overlay', 234, 234, 89, 89)
fake_08405.png,module_corruption,('module_corruption', 0, 20, 11)
fake_08406.png,module_corruption,('module_corruption', 12, 27, 9)
fake_08407.png,module_corruption,('module_corruption', 4, 1, 12)
fake_08408.png,module_corruption,('module_corruption', 21, 9, 13)
fake_08409.png,patch_overlay,('patch_overlay', 156, 247, 62, 62)
fake_08410.png,module_corruption,('module_corruption', 3, 20, 10)
fake_08411.png,patch_overlay,('patch_overlay', 319, 306, 71, 71)
fake_08412.png,module_corruption,('module_corruption', 15, 4, 10)
fake_08413.png,module_corruption,('module_corruption', 16, 3, 13)
fake_08414.png,module_corruption,('module_corruption', 10, 23, 9)
fake_08415.png,module_corruption,('module_corruption', 4, 13, 10)
fake_08416.png,patch_overlay,('patch_overlay', 328, 106, 84, 84)
fake_08417.png,module_corruption,('module_corruption', 15, 14, 11)
fake_08418.png,patch_overlay,('patch_overlay', 195, 317, 63, 63)
fake_08419.png,patch_overlay,('patch_overlay', 78, 244, 77, 77)
fake_08420.png,patch_overlay,('patch_overlay', 63, 300, 65, 65)
fake_08421.png,module_corruption,('module_corruption', 26, 5, 10)
fake_08422.png,module_corruption,('module_corruption', 20, 22, 13)
fake_08423.png,module_corruption,('module_corruption', 8, 12, 12)
fake_08424.png,patch_overlay,('patch_overlay', 381, 30, 68, 68)
fake_08425.png,module_corruption,('module_corruption', 12, 28, 9)
fake_08426.png,patch_overlay,('patch_overlay', 202, 152, 88, 88)
fake_08427.png,module_corruption,('module_corruption', 22, 11, 13)
fake_08428.png,module_corruption,('module_corruption', 17, 15, 10)
fake_08429.png,patch_overlay,('patch_overlay', 248, 159, 96, 96)
fake_08430.png,module_corruption,('module_corruption', 4, 20, 11)
fake_08431.png,patch_overlay,('patch_overlay', 166, 317, 96, 96)
fake_08432.png,patch_overlay,('patch_overlay', 48, 370, 64, 64)
fake_08433.png,module_corruption,('module_corruption', 24, 2, 11)
fake_08434.png,patch_overlay,('patch_overlay', 204, 46, 56, 56)
fake_08435.png,module_corruption,('module_corruption', 14, 17, 11)
fake_08436.png,patch_overlay,('patch_overlay', 288, 136, 67, 67)
fake_08437.png,patch_overlay,('patch_overlay', 285, 37, 68, 68)
fake_08438.png,module_corruption,('module_corruption', 21, 14, 11)
fake_08439.png,patch_overlay,('patch_overlay', 76, 94, 72, 72)
fake_08440.png,module_corruption,('module_corruption', 19, 22, 10)
fake_08441.png,patch_overlay,('patch_overlay', 23, 196, 79, 79)
fake_08442.png,module_corruption,('module_corruption', 15, 18, 14)
fake_08443.png,module_corruption,('module_corruption', 13, 25, 10)
fake_08444.png,module_corruption,('module_corruption', 7, 1, 12)
fake_08445.png,patch_overlay,('patch_overlay', 36, 89, 95, 95)
fake_08446.png,patch_overlay,('patch_overlay', 352, 197, 89, 89)
fake_08447.png,module_corruption,('module_corruption', 22, 13, 13)
fake_08448.png,patch_overlay,('patch_overlay', 243, 299, 63, 63)
fake_08449.png,patch_overlay,('patch_overlay', 307, 306, 58, 58)
fake_08450.png,patch_overlay,('patch_overlay', 142, 263, 58, 58)
fake_08451.png,patch_overlay,('patch_overlay', 74, 184, 90, 90)
fake_08452.png,module_corruption,('module_corruption', 26, 12, 11)
fake_08453.png,module_corruption,('module_corruption', 22, 22, 13)
fake_08454.png,module_corruption,('module_corruption', 19, 27, 10)
fake_08455.png,patch_overlay,('patch_overlay', 4, 94, 79, 79)
fake_08456.png,patch_overlay,('patch_overlay', 176, 46, 92, 92)
fake_08457.png,patch_overlay,('patch_overlay', 145, 126, 67, 67)
fake_08458.png,patch_overlay,('patch_overlay', 281, 251, 72, 72)
fake_08459.png,module_corruption,('module_corruption', 4, 8, 11)
fake_08460.png,patch_overlay,('patch_overlay', 94, 231, 96, 96)
fake_08461.png,module_corruption,('module_corruption', 6, 10, 9)
fake_08462.png,module_corruption,('module_corruption', 15, 5, 13)
fake_08463.png,module_corruption,('module_corruption', 20, 24, 13)
fake_08464.png,module_corruption,('module_corruption', 6, 20, 14)
fake_08465.png,module_corruption,('module_corruption', 15, 1, 10)
fake_08466.png,module_corruption,('module_corruption', 20, 5, 11)
fake_08467.png,module_corruption,('module_corruption', 5, 19, 12)
fake_08468.png,patch_overlay,('patch_overlay', 154, 236, 57, 57)
fake_08469.png,module_corruption,('module_corruption', 5, 16, 10)
fake_08470.png,module_corruption,('module_corruption', 19, 2, 12)
fake_08471.png,module_corruption,('module_corruption', 23, 14, 13)
fake_08472.png,patch_overlay,('patch_overlay', 215, 224, 91, 91)
fake_08473.png,patch_overlay,('patch_overlay', 255, 99, 82, 82)
fake_08474.png,patch_overlay,('patch_overlay', 179, 190, 74, 74)
fake_08475.png,patch_overlay,('patch_overlay', 329, 6, 91, 91)
fake_08476.png,patch_overlay,('patch_overlay', 277, 148, 67, 67)
fake_08477.png,patch_overlay,('patch_overlay', 348, 99, 62, 62)
fake_08478.png,module_corruption,('module_corruption', 10, 17, 11)
fake_08479.png,patch_overlay,('patch_overlay', 376, 141, 71, 71)
fake_08480.png,patch_overlay,('patch_overlay', 79, 328, 87, 87)
fake_08481.png,patch_overlay,('patch_overlay', 266, 307, 78, 78)
fake_08482.png,patch_overlay,('patch_overlay', 275, 242, 58, 58)
fake_08483.png,module_corruption,('module_corruption', 25, 8, 12)
fake_08484.png,module_corruption,('module_corruption', 19, 21, 11)
fake_08485.png,patch_overlay,('patch_overlay', 350, 288, 81, 81)
fake_08486.png,patch_overlay,('patch_overlay', 224, 221, 80, 80)
fake_08487.png,module_corruption,('module_corruption', 18, 24, 12)
fake_08488.png,patch_overlay,('patch_overlay', 94, 124, 69, 69)
fake_08489.png,patch_overlay,('patch_overlay', 108, 63, 91, 91)
fake_08490.png,patch_overlay,('patch_overlay', 193, 95, 94, 94)
fake_08491.png,module_corruption,('module_corruption', 0, 12, 13)
fake_08492.png,module_corruption,('module_corruption', 14, 16, 13)
fake_08493.png,module_corruption,('module_corruption', 26, 0, 10)
fake_08494.png,patch_overlay,('patch_overlay', 6, 199, 87, 87)
fake_08495.png,patch_overlay,('patch_overlay', 28, 340, 56, 56)
fake_08496.png,patch_overlay,('patch_overlay', 137, 24, 82, 82)
fake_08497.png,module_corruption,('module_corruption', 2, 2, 13)
fake_08498.png,patch_overlay,('patch_overlay', 118, 121, 68, 68)
fake_08499.png,module_corruption,('module_corruption', 23, 5, 14)
fake_08500.png,patch_overlay,('patch_overlay', 204, 143, 77, 77)
fake_08501.png,module_corruption,('module_corruption', 12, 22, 11)
fake_08502.png,module_corruption,('module_corruption', 10, 12, 12)
fake_08503.png,patch_overlay,('patch_overlay', 141, 113, 73, 73)
fake_08504.png,patch_overlay,('patch_overlay', 363, 109, 73, 73)
fake_08505.png,module_corruption,('module_corruption', 1, 9, 13)
fake_08506.png,module_corruption,('module_corruption', 15, 20, 13)
fake_08507.png,module_corruption,('module_corruption', 3, 19, 13)
fake_08508.png,module_corruption,('module_corruption', 19, 25, 12)
fake_08509.png,module_corruption,('module_corruption', 19, 25, 12)
fake_08510.png,module_corruption,('module_corruption', 4, 17, 10)
fake_08511.png,module_corruption,('module_corruption', 15, 0, 10)
fake_08512.png,patch_overlay,('patch_overlay', 91, 52, 80, 80)
fake_08513.png,module_corruption,('module_corruption', 17, 5, 13)
fake_08514.png,module_corruption,('module_corruption', 5, 6, 11)
fake_08515.png,patch_overlay,('patch_overlay', 324, 260, 54, 54)
fake_08516.png,patch_overlay,('patch_overlay', 188, 305, 71, 71)
fake_08517.png,patch_overlay,('patch_overlay', 173, 25, 59, 59)
fake_08518.png,module_corruption,('module_corruption', 2, 15, 10)
fake_08519.png,module_corruption,('module_corruption', 20, 12, 9)
fake_08520.png,patch_overlay,('patch_overlay', 223, 86, 58, 58)
fake_08521.png,patch_overlay,('patch_overlay', 303, 197, 73, 73)
fake_08522.png,patch_overlay,('patch_overlay', 294, 321, 67, 67)
fake_08523.png,patch_overlay,('patch_overlay', 268, 224, 84, 84)
fake_08524.png,module_corruption,('module_corruption', 12, 23, 10)
fake_08525.png,patch_overlay,('patch_overlay', 221, 243, 63, 63)
fake_08526.png,patch_overlay,('patch_overlay', 63, 294, 57, 57)
fake_08527.png,module_corruption,('module_corruption', 21, 3, 9)
fake_08528.png,patch_overlay,('patch_overlay', 233, 115, 73, 73)
fake_08529.png,module_corruption,('module_corruption', 0, 1, 13)
fake_08530.png,patch_overlay,('patch_overlay', 255, 339, 88, 88)
fake_08531.png,module_corruption,('module_corruption', 2, 10, 10)
fake_08532.png,patch_overlay,('patch_overlay', 117, 358, 90, 90)
fake_08533.png,patch_overlay,('patch_overlay', 23, 338, 71, 71)
fake_08534.png,module_corruption,('module_corruption', 3, 4, 11)
fake_08535.png,module_corruption,('module_corruption', 1, 26, 10)
fake_08536.png,patch_overlay,('patch_overlay', 1, 280, 58, 58)
fake_08537.png,module_corruption,('module_corruption', 6, 21, 13)
fake_08538.png,module_corruption,('module_corruption', 17, 26, 10)
fake_08539.png,patch_overlay,('patch_overlay', 49, 247, 84, 84)
fake_08540.png,patch_overlay,('patch_overlay', 296, 186, 86, 86)
fake_08541.png,patch_overlay,('patch_overlay', 38, 261, 91, 91)
fake_08542.png,module_corruption,('module_corruption', 15, 17, 10)
fake_08543.png,patch_overlay,('patch_overlay', 207, 172, 97, 97)
fake_08544.png,module_corruption,('module_corruption', 3, 5, 9)
fake_08545.png,module_corruption,('module_corruption', 4, 12, 13)
fake_08546.png,patch_overlay,('patch_overlay', 213, 202, 86, 86)
fake_08547.png,patch_overlay,('patch_overlay', 323, 343, 83, 83)
fake_08548.png,module_corruption,('module_corruption', 16, 13, 11)
fake_08549.png,module_corruption,('module_corruption', 7, 3, 11)
fake_08550.png,patch_overlay,('patch_overlay', 61, 321, 87, 87)
fake_08551.png,patch_overlay,('patch_overlay', 247, 21, 56, 56)
fake_08552.png,patch_overlay,('patch_overlay', 157, 1, 63, 63)
fake_08553.png,module_corruption,('module_corruption', 25, 5, 11)
fake_08554.png,patch_overlay,('patch_overlay', 227, 158, 74, 74)
fake_08555.png,patch_overlay,('patch_overlay', 141, 260, 55, 55)
fake_08556.png,patch_overlay,('patch_overlay', 378, 135, 62, 62)
fake_08557.png,module_corruption,('module_corruption', 16, 1, 13)
fake_08558.png,module_corruption,('module_corruption', 18, 5, 12)
fake_08559.png,module_corruption,('module_corruption', 1, 25, 11)
fake_08560.png,module_corruption,('module_corruption', 12, 13, 9)
fake_08561.png,module_corruption,('module_corruption', 12, 18, 12)
fake_08562.png,module_corruption,('module_corruption', 7, 15, 12)
fake_08563.png,patch_overlay,('patch_overlay', 91, 336, 89, 89)
fake_08564.png,module_corruption,('module_corruption', 10, 12, 13)
fake_08565.png,module_corruption,('module_corruption', 25, 10, 11)
fake_08566.png,patch_overlay,('patch_overlay', 303, 99, 75, 75)
fake_08567.png,patch_overlay,('patch_overlay', 146, 183, 73, 73)
fake_08568.png,module_corruption,('module_corruption', 14, 20, 13)
fake_08569.png,patch_overlay,('patch_overlay', 19, 296, 59, 59)
fake_08570.png,module_corruption,('module_corruption', 14, 12, 12)
fake_08571.png,module_corruption,('module_corruption', 25, 13, 12)
fake_08572.png,patch_overlay,('patch_overlay', 346, 286, 84, 84)
fake_08573.png,module_corruption,('module_corruption', 1, 13, 10)
fake_08574.png,patch_overlay,('patch_overlay', 144, 192, 91, 91)
fake_08575.png,module_corruption,('module_corruption', 24, 0, 13)
fake_08576.png,module_corruption,('module_corruption', 7, 1, 13)
fake_08577.png,module_corruption,('module_corruption', 17, 24, 12)
fake_08578.png,module_corruption,('module_corruption', 19, 22, 10)
fake_08579.png,module_corruption,('module_corruption', 2, 6, 13)
fake_08580.png,patch_overlay,('patch_overlay', 200, 335, 72, 72)
fake_08581.png,patch_overlay,('patch_overlay', 193, 50, 91, 91)
fake_08582.png,module_corruption,('module_corruption', 10, 0, 13)
fake_08583.png,module_corruption,('module_corruption', 24, 6, 10)
fake_08584.png,patch_overlay,('patch_overlay', 144, 270, 81, 81)
fake_08585.png,patch_overlay,('patch_overlay', 317, 296, 62, 62)
fake_08586.png,patch_overlay,('patch_overlay', 132, 192, 98, 98)
fake_08587.png,patch_overlay,('patch_overlay', 121, 11, 96, 96)
fake_08588.png,module_corruption,('module_corruption', 2, 18, 13)
fake_08589.png,module_corruption,('module_corruption', 6, 22, 13)
fake_08590.png,module_corruption,('module_corruption', 23, 17, 10)
fake_08591.png,module_corruption,('module_corruption', 2, 11, 9)
fake_08592.png,patch_overlay,('patch_overlay', 318, 96, 97, 97)
fake_08593.png,module_corruption,('module_corruption', 7, 18, 11)
fake_08594.png,module_corruption,('module_corruption', 21, 11, 13)
fake_08595.png,module_corruption,('module_corruption', 17, 13, 10)
fake_08596.png,module_corruption,('module_corruption', 5, 8, 12)
fake_08597.png,module_corruption,('module_corruption', 7, 23, 13)
fake_08598.png,patch_overlay,('patch_overlay', 120, 44, 84, 84)
fake_08599.png,patch_overlay,('patch_overlay', 292, 293, 68, 68)
fake_08600.png,module_corruption,('module_corruption', 12, 3, 12)
fake_08601.png,patch_overlay,('patch_overlay', 3, 130, 95, 95)
fake_08602.png,patch_overlay,('patch_overlay', 249, 97, 86, 86)
fake_08603.png,patch_overlay,('patch_overlay', 8, 58, 73, 73)
fake_08604.png,module_corruption,('module_corruption', 12, 4, 10)
fake_08605.png,module_corruption,('module_corruption', 9, 10, 13)
fake_08606.png,module_corruption,('module_corruption', 2, 1, 10)
fake_08607.png,module_corruption,('module_corruption', 19, 18, 10)
fake_08608.png,module_corruption,('module_corruption', 19, 7, 13)
fake_08609.png,module_corruption,('module_corruption', 10, 16, 11)
fake_08610.png,patch_overlay,('patch_overlay', 267, 35, 70, 70)
fake_08611.png,module_corruption,('module_corruption', 2, 4, 13)
fake_08612.png,module_corruption,('module_corruption', 24, 5, 10)
fake_08613.png,patch_overlay,('patch_overlay', 228, 39, 98, 98)
fake_08614.png,patch_overlay,('patch_overlay', 57, 249, 54, 54)
fake_08615.png,patch_overlay,('patch_overlay', 7, 10, 69, 69)
fake_08616.png,patch_overlay,('patch_overlay', 239, 343, 70, 70)
fake_08617.png,module_corruption,('module_corruption', 20, 4, 12)
fake_08618.png,module_corruption,('module_corruption', 8, 4, 11)
fake_08619.png,patch_overlay,('patch_overlay', 23, 159, 72, 72)
fake_08620.png,patch_overlay,('patch_overlay', 87, 114, 78, 78)
fake_08621.png,patch_overlay,('patch_overlay', 113, 215, 60, 60)
fake_08622.png,patch_overlay,('patch_overlay', 163, 24, 55, 55)
fake_08623.png,patch_overlay,('patch_overlay', 201, 250, 96, 96)
fake_08624.png,module_corruption,('module_corruption', 11, 3, 14)
fake_08625.png,patch_overlay,('patch_overlay', 257, 147, 73, 73)
fake_08626.png,module_corruption,('module_corruption', 2, 27, 10)
fake_08627.png,patch_overlay,('patch_overlay', 228, 292, 55, 55)
fake_08628.png,module_corruption,('module_corruption', 1, 4, 14)
fake_08629.png,patch_overlay,('patch_overlay', 238, 14, 79, 79)
fake_08630.png,module_corruption,('module_corruption', 4, 14, 9)
fake_08631.png,module_corruption,('module_corruption', 26, 1, 9)
fake_08632.png,module_corruption,('module_corruption', 10, 21, 13)
fake_08633.png,module_corruption,('module_corruption', 12, 2, 10)
fake_08634.png,module_corruption,('module_corruption', 3, 14, 13)
fake_08635.png,module_corruption,('module_corruption', 15, 10, 10)
fake_08636.png,patch_overlay,('patch_overlay', 200, 176, 87, 87)
fake_08637.png,patch_overlay,('patch_overlay', 338, 326, 86, 86)
fake_08638.png,patch_overlay,('patch_overlay', 200, 67, 57, 57)
fake_08639.png,module_corruption,('module_corruption', 6, 14, 12)
fake_08640.png,patch_overlay,('patch_overlay', 93, 141, 73, 73)
fake_08641.png,module_corruption,('module_corruption', 23, 19, 11)
fake_08642.png,patch_overlay,('patch_overlay', 112, 112, 95, 95)
fake_08643.png,module_corruption,('module_corruption', 5, 9, 9)
fake_08644.png,module_corruption,('module_corruption', 10, 20, 14)
fake_08645.png,patch_overlay,('patch_overlay', 210, 71, 69, 69)
fake_08646.png,patch_overlay,('patch_overlay', 11, 338, 85, 85)
fake_08647.png,module_corruption,('module_corruption', 24, 3, 13)
fake_08648.png,patch_overlay,('patch_overlay', 102, 250, 78, 78)
fake_08649.png,module_corruption,('module_corruption', 12, 5, 11)
fake_08650.png,module_corruption,('module_corruption', 2, 18, 10)
fake_08651.png,patch_overlay,('patch_overlay', 259, 269, 63, 63)
fake_08652.png,module_corruption,('module_corruption', 9, 20, 9)
fake_08653.png,module_corruption,('module_corruption', 17, 20, 9)
fake_08654.png,patch_overlay,('patch_overlay', 282, 301, 55, 55)
fake_08655.png,patch_overlay,('patch_overlay', 254, 59, 98, 98)
fake_08656.png,module_corruption,('module_corruption', 7, 0, 13)
fake_08657.png,module_corruption,('module_corruption', 21, 6, 10)
fake_08658.png,patch_overlay,('patch_overlay', 253, 224, 84, 84)
fake_08659.png,module_corruption,('module_corruption', 24, 4, 13)
fake_08660.png,patch_overlay,('patch_overlay', 115, 141, 89, 89)
fake_08661.png,patch_overlay,('patch_overlay', 223, 0, 95, 95)
fake_08662.png,patch_overlay,('patch_overlay', 244, 192, 83, 83)
fake_08663.png,patch_overlay,('patch_overlay', 268, 103, 58, 58)
fake_08664.png,patch_overlay,('patch_overlay', 231, 259, 98, 98)
fake_08665.png,patch_overlay,('patch_overlay', 244, 202, 61, 61)
fake_08666.png,patch_overlay,('patch_overlay', 366, 322, 77, 77)
fake_08667.png,module_corruption,('module_corruption', 5, 14, 13)
fake_08668.png,module_corruption,('module_corruption', 26, 0, 10)
fake_08669.png,patch_overlay,('patch_overlay', 21, 227, 94, 94)
fake_08670.png,patch_overlay,('patch_overlay', 151, 32, 93, 93)
fake_08671.png,patch_overlay,('patch_overlay', 109, 161, 75, 75)
fake_08672.png,module_corruption,('module_corruption', 10, 10, 13)
fake_08673.png,patch_overlay,('patch_overlay', 278, 231, 76, 76)
fake_08674.png,patch_overlay,('patch_overlay', 138, 31, 70, 70)
fake_08675.png,patch_overlay,('patch_overlay', 339, 203, 89, 89)
fake_08676.png,patch_overlay,('patch_overlay', 52, 136, 93, 93)
fake_08677.png,module_corruption,('module_corruption', 12, 19, 13)
fake_08678.png,module_corruption,('module_corruption', 24, 4, 12)
fake_08679.png,module_corruption,('module_corruption', 18, 9, 10)
fake_08680.png,patch_overlay,('patch_overlay', 167, 338, 96, 96)
fake_08681.png,patch_overlay,('patch_overlay', 181, 76, 88, 88)
fake_08682.png,module_corruption,('module_corruption', 12, 21, 10)
fake_08683.png,patch_overlay,('patch_overlay', 340, 232, 81, 81)
fake_08684.png,patch_overlay,('patch_overlay', 235, 258, 83, 83)
fake_08685.png,patch_overlay,('patch_overlay', 277, 94, 73, 73)
fake_08686.png,patch_overlay,('patch_overlay', 36, 98, 78, 78)
fake_08687.png,patch_overlay,('patch_overlay', 18, 100, 84, 84)
fake_08688.png,module_corruption,('module_corruption', 13, 10, 9)
fake_08689.png,patch_overlay,('patch_overlay', 37, 194, 86, 86)
fake_08690.png,patch_overlay,('patch_overlay', 321, 18, 71, 71)
fake_08691.png,module_corruption,('module_corruption', 2, 5, 13)
fake_08692.png,module_corruption,('module_corruption', 18, 0, 9)
fake_08693.png,patch_overlay,('patch_overlay', 204, 223, 72, 72)
fake_08694.png,patch_overlay,('patch_overlay', 243, 55, 73, 73)
fake_08695.png,module_corruption,('module_corruption', 13, 23, 12)
fake_08696.png,patch_overlay,('patch_overlay', 142, 3, 94, 94)
fake_08697.png,patch_overlay,('patch_overlay', 326, 345, 81, 81)
fake_08698.png,module_corruption,('module_corruption', 13, 15, 11)
fake_08699.png,patch_overlay,('patch_overlay', 215, 59, 78, 78)
fake_08700.png,patch_overlay,('patch_overlay', 123, 367, 77, 77)
fake_08701.png,patch_overlay,('patch_overlay', 204, 224, 82, 82)
fake_08702.png,patch_overlay,('patch_overlay', 12, 96, 85, 85)
fake_08703.png,module_corruption,('module_corruption', 11, 5, 9)
fake_08704.png,module_corruption,('module_corruption', 9, 14, 10)
fake_08705.png,patch_overlay,('patch_overlay', 128, 201, 86, 86)
fake_08706.png,module_corruption,('module_corruption', 19, 10, 12)
fake_08707.png,module_corruption,('module_corruption', 4, 6, 11)
fake_08708.png,patch_overlay,('patch_overlay', 201, 328, 72, 72)
fake_08709.png,module_corruption,('module_corruption', 12, 15, 13)
fake_08710.png,patch_overlay,('patch_overlay', 210, 285, 81, 81)
fake_08711.png,patch_overlay,('patch_overlay', 381, 111, 64, 64)
fake_08712.png,patch_overlay,('patch_overlay', 213, 80, 69, 69)
fake_08713.png,patch_overlay,('patch_overlay', 83, 189, 59, 59)
fake_08714.png,patch_overlay,('patch_overlay', 262, 226, 82, 82)
fake_08715.png,patch_overlay,('patch_overlay', 302, 178, 93, 93)
fake_08716.png,patch_overlay,('patch_overlay', 346, 283, 70, 70)
fake_08717.png,module_corruption,('module_corruption', 0, 24, 12)
fake_08718.png,patch_overlay,('patch_overlay', 207, 333, 88, 88)
fake_08719.png,patch_overlay,('patch_overlay', 275, 268, 98, 98)
fake_08720.png,module_corruption,('module_corruption', 4, 6, 10)
fake_08721.png,module_corruption,('module_corruption', 8, 2, 10)
fake_08722.png,module_corruption,('module_corruption', 19, 17, 13)
fake_08723.png,patch_overlay,('patch_overlay', 328, 272, 70, 70)
fake_08724.png,patch_overlay,('patch_overlay', 80, 176, 78, 78)
fake_08725.png,module_corruption,('module_corruption', 20, 22, 9)
fake_08726.png,module_corruption,('module_corruption', 9, 19, 13)
fake_08727.png,module_corruption,('module_corruption', 1, 24, 10)
fake_08728.png,patch_overlay,('patch_overlay', 343, 50, 78, 78)
fake_08729.png,patch_overlay,('patch_overlay', 348, 270, 59, 59)
fake_08730.png,module_corruption,('module_corruption', 2, 17, 11)
fake_08731.png,patch_overlay,('patch_overlay', 69, 209, 84, 84)
fake_08732.png,module_corruption,('module_corruption', 20, 26, 9)
fake_08733.png,module_corruption,('module_corruption', 21, 10, 12)
fake_08734.png,patch_overlay,('patch_overlay', 287, 4, 72, 72)
fake_08735.png,patch_overlay,('patch_overlay', 287, 48, 66, 66)
fake_08736.png,patch_overlay,('patch_overlay', 252, 300, 75, 75)
fake_08737.png,patch_overlay,('patch_overlay', 250, 318, 83, 83)
fake_08738.png,module_corruption,('module_corruption', 8, 14, 14)
fake_08739.png,module_corruption,('module_corruption', 15, 23, 13)
fake_08740.png,patch_overlay,('patch_overlay', 274, 129, 72, 72)
fake_08741.png,module_corruption,('module_corruption', 14, 8, 11)
fake_08742.png,patch_overlay,('patch_overlay', 189, 31, 54, 54)
fake_08743.png,module_corruption,('module_corruption', 10, 24, 11)
fake_08744.png,module_corruption,('module_corruption', 2, 21, 13)
fake_08745.png,module_corruption,('module_corruption', 7, 24, 9)
fake_08746.png,module_corruption,('module_corruption', 15, 10, 13)
fake_08747.png,patch_overlay,('patch_overlay', 295, 40, 70, 70)
fake_08748.png,module_corruption,('module_corruption', 1, 7, 11)
fake_08749.png,patch_overlay,('patch_overlay', 368, 7, 79, 79)
fake_08750.png,patch_overlay,('patch_overlay', 103, 251, 60, 60)
fake_08751.png,module_corruption,('module_corruption', 0, 18, 10)
fake_08752.png,patch_overlay,('patch_overlay', 115, 150, 87, 87)
fake_08753.png,module_corruption,('module_corruption', 23, 19, 9)
fake_08754.png,patch_overlay,('patch_overlay', 199, 309, 91, 91)
fake_08755.png,patch_overlay,('patch_overlay', 39, 160, 67, 67)
fake_08756.png,patch_overlay,('patch_overlay', 39, 296, 76, 76)
fake_08757.png,module_corruption,('module_corruption', 14, 2, 10)
fake_08758.png,module_corruption,('module_corruption', 19, 10, 13)
fake_08759.png,module_corruption,('module_corruption', 0, 13, 12)
fake_08760.png,module_corruption,('module_corruption', 6, 24, 9)
fake_08761.png,patch_overlay,('patch_overlay', 97, 83, 77, 77)
fake_08762.png,patch_overlay,('patch_overlay', 196, 359, 68, 68)
fake_08763.png,module_corruption,('module_corruption', 19, 21, 13)
fake_08764.png,module_corruption,('module_corruption', 6, 17, 11)
fake_08765.png,patch_overlay,('patch_overlay', 273, 10, 72, 72)
fake_08766.png,module_corruption,('module_corruption', 10, 5, 10)
fake_08767.png,patch_overlay,('patch_overlay', 41, 265, 78, 78)
fake_08768.png,module_corruption,('module_corruption', 22, 21, 9)
fake_08769.png,module_corruption,('module_corruption', 12, 8, 14)
fake_08770.png,module_corruption,('module_corruption', 13, 24, 13)
fake_08771.png,patch_overlay,('patch_overlay', 303, 291, 59, 59)
fake_08772.png,patch_overlay,('patch_overlay', 354, 22, 84, 84)
fake_08773.png,module_corruption,('module_corruption', 18, 20, 11)
fake_08774.png,module_corruption,('module_corruption', 4, 17, 10)
fake_08775.png,patch_overlay,('patch_overlay', 313, 162, 73, 73)
fake_08776.png,module_corruption,('module_corruption', 13, 10, 13)
fake_08777.png,patch_overlay,('patch_overlay', 41, 153, 96, 96)
fake_08778.png,module_corruption,('module_corruption', 21, 23, 12)
fake_08779.png,patch_overlay,('patch_overlay', 264, 170, 59, 59)
fake_08780.png,patch_overlay,('patch_overlay', 255, 112, 73, 73)
fake_08781.png,module_corruption,('module_corruption', 13, 16, 13)
fake_08782.png,patch_overlay,('patch_overlay', 348, 262, 58, 58)
fake_08783.png,module_corruption,('module_corruption', 14, 16, 14)
fake_08784.png,module_corruption,('module_corruption', 5, 22, 13)
fake_08785.png,patch_overlay,('patch_overlay', 68, 285, 68, 68)
fake_08786.png,module_corruption,('module_corruption', 3, 10, 14)
fake_08787.png,module_corruption,('module_corruption', 1, 2, 11)
fake_08788.png,patch_overlay,('patch_overlay', 156, 224, 70, 70)
fake_08789.png,patch_overlay,('patch_overlay', 131, 151, 84, 84)
fake_08790.png,module_corruption,('module_corruption', 18, 6, 12)
fake_08791.png,module_corruption,('module_corruption', 7, 25, 11)
fake_08792.png,patch_overlay,('patch_overlay', 373, 329, 75, 75)
fake_08793.png,module_corruption,('module_corruption', 17, 4, 11)
fake_08794.png,patch_overlay,('patch_overlay', 314, 86, 88, 88)
fake_08795.png,module_corruption,('module_corruption', 17, 5, 11)
fake_08796.png,patch_overlay,('patch_overlay', 139, 167, 61, 61)
fake_08797.png,patch_overlay,('patch_overlay', 236, 328, 59, 59)
fake_08798.png,patch_overlay,('patch_overlay', 331, 214, 54, 54)
fake_08799.png,patch_overlay,('patch_overlay', 142, 115, 85, 85)
fake_08800.png,module_corruption,('module_corruption', 12, 9, 13)
fake_08801.png,module_corruption,('module_corruption', 13, 9, 12)
fake_08802.png,patch_overlay,('patch_overlay', 379, 267, 63, 63)
fake_08803.png,patch_overlay,('patch_overlay', 110, 198, 60, 60)
fake_08804.png,patch_overlay,('patch_overlay', 120, 78, 80, 80)
fake_08805.png,module_corruption,('module_corruption', 8, 7, 11)
fake_08806.png,patch_overlay,('patch_overlay', 51, 102, 65, 65)
fake_08807.png,module_corruption,('module_corruption', 2, 18, 13)
fake_08808.png,module_corruption,('module_corruption', 8, 22, 12)
fake_08809.png,module_corruption,('module_corruption', 13, 3, 13)
fake_08810.png,module_corruption,('module_corruption', 1, 23, 10)
fake_08811.png,patch_overlay,('patch_overlay', 387, 66, 55, 55)
fake_08812.png,module_corruption,('module_corruption', 12, 23, 10)
fake_08813.png,patch_overlay,('patch_overlay', 202, 303, 74, 74)
fake_08814.png,patch_overlay,('patch_overlay', 33, 372, 58, 58)
fake_08815.png,module_corruption,('module_corruption', 15, 17, 12)
fake_08816.png,module_corruption,('module_corruption', 12, 1, 9)
fake_08817.png,module_corruption,('module_corruption', 13, 15, 14)
fake_08818.png,patch_overlay,('patch_overlay', 168, 284, 88, 88)
fake_08819.png,patch_overlay,('patch_overlay', 50, 243, 87, 87)
fake_08820.png,module_corruption,('module_corruption', 5, 8, 13)
fake_08821.png,patch_overlay,('patch_overlay', 94, 83, 94, 94)
fake_08822.png,patch_overlay,('patch_overlay', 335, 13, 80, 80)
fake_08823.png,module_corruption,('module_corruption', 7, 3, 9)
fake_08824.png,module_corruption,('module_corruption', 11, 22, 12)
fake_08825.png,patch_overlay,('patch_overlay', 126, 299, 94, 94)
fake_08826.png,module_corruption,('module_corruption', 24, 3, 11)
fake_08827.png,module_corruption,('module_corruption', 19, 18, 13)
fake_08828.png,module_corruption,('module_corruption', 2, 2, 9)
fake_08829.png,module_corruption,('module_corruption', 25, 14, 11)
fake_08830.png,patch_overlay,('patch_overlay', 173, 52, 82, 82)
fake_08831.png,patch_overlay,('patch_overlay', 291, 352, 54, 54)
fake_08832.png,patch_overlay,('patch_overlay', 7, 21, 75, 75)
fake_08833.png,module_corruption,('module_corruption', 0, 4, 10)
fake_08834.png,module_corruption,('module_corruption', 11, 14, 13)
fake_08835.png,patch_overlay,('patch_overlay', 294, 183, 90, 90)
fake_08836.png,module_corruption,('module_corruption', 16, 19, 13)
fake_08837.png,patch_overlay,('patch_overlay', 35, 285, 63, 63)
fake_08838.png,module_corruption,('module_corruption', 5, 4, 11)
fake_08839.png,patch_overlay,('patch_overlay', 274, 180, 94, 94)
fake_08840.png,module_corruption,('module_corruption', 26, 18, 11)
fake_08841.png,module_corruption,('module_corruption', 7, 10, 13)
fake_08842.png,patch_overlay,('patch_overlay', 353, 102, 72, 72)
fake_08843.png,module_corruption,('module_corruption', 17, 2, 11)
fake_08844.png,patch_overlay,('patch_overlay', 60, 244, 98, 98)
fake_08845.png,patch_overlay,('patch_overlay', 63, 267, 81, 81)
fake_08846.png,module_corruption,('module_corruption', 0, 19, 11)
fake_08847.png,module_corruption,('module_corruption', 11, 19, 9)
fake_08848.png,module_corruption,('module_corruption', 0, 15, 11)
fake_08849.png,module_corruption,('module_corruption', 6, 15, 12)
fake_08850.png,module_corruption,('module_corruption', 25, 0, 11)
fake_08851.png,module_corruption,('module_corruption', 16, 9, 9)
fake_08852.png,patch_overlay,('patch_overlay', 224, 71, 64, 64)
fake_08853.png,patch_overlay,('patch_overlay', 184, 276, 86, 86)
fake_08854.png,patch_overlay,('patch_overlay', 157, 60, 91, 91)
fake_08855.png,patch_overlay,('patch_overlay', 123, 194, 66, 66)
fake_08856.png,module_corruption,('module_corruption', 6, 1, 10)
fake_08857.png,patch_overlay,('patch_overlay', 346, 175, 72, 72)
fake_08858.png,patch_overlay,('patch_overlay', 343, 39, 61, 61)
fake_08859.png,module_corruption,('module_corruption', 10, 21, 14)
fake_08860.png,patch_overlay,('patch_overlay', 139, 131, 63, 63)
fake_08861.png,patch_overlay,('patch_overlay', 324, 220, 91, 91)
fake_08862.png,module_corruption,('module_corruption', 15, 15, 11)
fake_08863.png,module_corruption,('module_corruption', 14, 20, 12)
fake_08864.png,module_corruption,('module_corruption', 9, 1, 10)
fake_08865.png,patch_overlay,('patch_overlay', 190, 108, 69, 69)
fake_08866.png,module_corruption,('module_corruption', 15, 11, 12)
fake_08867.png,patch_overlay,('patch_overlay', 203, 147, 82, 82)
fake_08868.png,patch_overlay,('patch_overlay', 121, 197, 54, 54)
fake_08869.png,module_corruption,('module_corruption', 4, 12, 12)
fake_08870.png,patch_overlay,('patch_overlay', 17, 88, 62, 62)
fake_08871.png,patch_overlay,('patch_overlay', 93, 145, 81, 81)
fake_08872.png,module_corruption,('module_corruption', 13, 15, 12)
fake_08873.png,patch_overlay,('patch_overlay', 183, 302, 73, 73)
fake_08874.png,module_corruption,('module_corruption', 11, 22, 14)
fake_08875.png,module_corruption,('module_corruption', 10, 4, 12)
fake_08876.png,patch_overlay,('patch_overlay', 272, 81, 70, 70)
fake_08877.png,module_corruption,('module_corruption', 22, 9, 9)
fake_08878.png,module_corruption,('module_corruption', 8, 21, 13)
fake_08879.png,module_corruption,('module_corruption', 1, 20, 10)
fake_08880.png,patch_overlay,('patch_overlay', 236, 346, 94, 94)
fake_08881.png,module_corruption,('module_corruption', 2, 23, 11)
fake_08882.png,module_corruption,('module_corruption', 11, 12, 13)
fake_08883.png,patch_overlay,('patch_overlay', 367, 108, 77, 77)
fake_08884.png,module_corruption,('module_corruption', 1, 23, 13)
fake_08885.png,module_corruption,('module_corruption', 24, 16, 10)
fake_08886.png,patch_overlay,('patch_overlay', 331, 335, 84, 84)
fake_08887.png,patch_overlay,('patch_overlay', 62, 177, 80, 80)
fake_08888.png,module_corruption,('module_corruption', 10, 11, 14)
fake_08889.png,module_corruption,('module_corruption', 4, 17, 14)
fake_08890.png,patch_overlay,('patch_overlay', 343, 87, 64, 64)
fake_08891.png,module_corruption,('module_corruption', 13, 16, 12)
fake_08892.png,patch_overlay,('patch_overlay', 196, 177, 54, 54)
fake_08893.png,patch_overlay,('patch_overlay', 58, 240, 74, 74)
fake_08894.png,module_corruption,('module_corruption', 21, 20, 9)
fake_08895.png,patch_overlay,('patch_overlay', 223, 112, 67, 67)
fake_08896.png,patch_overlay,('patch_overlay', 214, 207, 91, 91)
fake_08897.png,module_corruption,('module_corruption', 3, 18, 13)
fake_08898.png,module_corruption,('module_corruption', 26, 11, 9)
fake_08899.png,module_corruption,('module_corruption', 17, 17, 11)
fake_08900.png,module_corruption,('module_corruption', 7, 9, 10)
fake_08901.png,module_corruption,('module_corruption', 19, 5, 10)
fake_08902.png,patch_overlay,('patch_overlay', 383, 361, 54, 54)
fake_08903.png,module_corruption,('module_corruption', 17, 18, 14)
fake_08904.png,module_corruption,('module_corruption', 0, 11, 10)
fake_08905.png,module_corruption,('module_corruption', 2, 13, 13)
fake_08906.png,patch_overlay,('patch_overlay', 135, 15, 87, 87)
fake_08907.png,patch_overlay,('patch_overlay', 86, 53, 92, 92)
fake_08908.png,patch_overlay,('patch_overlay', 24, 144, 77, 77)
fake_08909.png,module_corruption,('module_corruption', 19, 2, 13)
fake_08910.png,module_corruption,('module_corruption', 26, 13, 11)
fake_08911.png,patch_overlay,('patch_overlay', 236, 45, 94, 94)
fake_08912.png,patch_overlay,('patch_overlay', 328, 145, 55, 55)
fake_08913.png,patch_overlay,('patch_overlay', 342, 298, 98, 98)
fake_08914.png,patch_overlay,('patch_overlay', 300, 93, 87, 87)
fake_08915.png,module_corruption,('module_corruption', 13, 10, 12)
fake_08916.png,module_corruption,('module_corruption', 6, 21, 11)
fake_08917.png,patch_overlay,('patch_overlay', 2, 176, 65, 65)
fake_08918.png,module_corruption,('module_corruption', 7, 23, 13)
fake_08919.png,patch_overlay,('patch_overlay', 334, 385, 55, 55)
fake_08920.png,patch_overlay,('patch_overlay', 27, 37, 96, 96)
fake_08921.png,module_corruption,('module_corruption', 6, 10, 9)
fake_08922.png,module_corruption,('module_corruption', 13, 21, 11)
fake_08923.png,patch_overlay,('patch_overlay', 302, 134, 98, 98)
fake_08924.png,module_corruption,('module_corruption', 7, 10, 9)
fake_08925.png,module_corruption,('module_corruption', 4, 20, 10)
fake_08926.png,patch_overlay,('patch_overlay', 351, 56, 96, 96)
fake_08927.png,module_corruption,('module_corruption', 3, 8, 11)
fake_08928.png,module_corruption,('module_corruption', 9, 13, 13)
fake_08929.png,patch_overlay,('patch_overlay', 138, 124, 68, 68)
fake_08930.png,patch_overlay,('patch_overlay', 149, 335, 86, 86)
fake_08931.png,patch_overlay,('patch_overlay', 92, 204, 64, 64)
fake_08932.png,module_corruption,('module_corruption', 18, 23, 13)
fake_08933.png,patch_overlay,('patch_overlay', 371, 196, 73, 73)
fake_08934.png,module_corruption,('module_corruption', 6, 24, 11)
fake_08935.png,patch_overlay,('patch_overlay', 255, 57, 65, 65)
fake_08936.png,module_corruption,('module_corruption', 13, 19, 10)
fake_08937.png,patch_overlay,('patch_overlay', 324, 182, 88, 88)
fake_08938.png,module_corruption,('module_corruption', 7, 9, 12)
fake_08939.png,module_corruption,('module_corruption', 13, 19, 9)
fake_08940.png,module_corruption,('module_corruption', 17, 8, 12)
fake_08941.png,patch_overlay,('patch_overlay', 305, 308, 77, 77)
fake_08942.png,module_corruption,('module_corruption', 3, 16, 11)
fake_08943.png,patch_overlay,('patch_overlay', 209, 26, 75, 75)
fake_08944.png,module_corruption,('module_corruption', 26, 9, 11)
fake_08945.png,patch_overlay,('patch_overlay', 303, 37, 84, 84)
fake_08946.png,module_corruption,('module_corruption', 21, 7, 10)
fake_08947.png,patch_overlay,('patch_overlay', 62, 107, 74, 74)
fake_08948.png,patch_overlay,('patch_overlay', 24, 342, 94, 94)
fake_08949.png,module_corruption,('module_corruption', 5, 27, 9)
fake_08950.png,patch_overlay,('patch_overlay', 204, 38, 74, 74)
fake_08951.png,patch_overlay,('patch_overlay', 18, 116, 81, 81)
fake_08952.png,patch_overlay,('patch_overlay', 65, 332, 54, 54)
fake_08953.png,patch_overlay,('patch_overlay', 26, 14, 67, 67)
fake_08954.png,module_corruption,('module_corruption', 16, 27, 10)
fake_08955.png,module_corruption,('module_corruption', 4, 9, 13)
fake_08956.png,patch_overlay,('patch_overlay', 155, 227, 79, 79)
fake_08957.png,patch_overlay,('patch_overlay', 53, 338, 66, 66)
fake_08958.png,module_corruption,('module_corruption', 6, 0, 10)
fake_08959.png,module_corruption,('module_corruption', 25, 1, 12)
fake_08960.png,module_corruption,('module_corruption', 21, 16, 12)
fake_08961.png,module_corruption,('module_corruption', 13, 11, 12)
fake_08962.png,module_corruption,('module_corruption', 23, 6, 13)
fake_08963.png,module_corruption,('module_corruption', 16, 1, 12)
fake_08964.png,module_corruption,('module_corruption', 21, 12, 10)
fake_08965.png,module_corruption,('module_corruption', 3, 13, 13)
fake_08966.png,patch_overlay,('patch_overlay', 36, 311, 56, 56)
fake_08967.png,module_corruption,('module_corruption', 13, 14, 12)
fake_08968.png,patch_overlay,('patch_overlay', 211, 247, 66, 66)
fake_08969.png,module_corruption,('module_corruption', 19, 13, 10)
fake_08970.png,module_corruption,('module_corruption', 23, 9, 9)
fake_08971.png,module_corruption,('module_corruption', 12, 8, 13)
fake_08972.png,patch_overlay,('patch_overlay', 169, 106, 55, 55)
fake_08973.png,module_corruption,('module_corruption', 14, 0, 9)
fake_08974.png,module_corruption,('module_corruption', 21, 18, 11)
fake_08975.png,module_corruption,('module_corruption', 0, 23, 11)
fake_08976.png,module_corruption,('module_corruption', 12, 8, 10)
fake_08977.png,patch_overlay,('patch_overlay', 95, 342, 97, 97)
fake_08978.png,patch_overlay,('patch_overlay', 333, 166, 59, 59)
fake_08979.png,patch_overlay,('patch_overlay', 362, 77, 63, 63)
fake_08980.png,module_corruption,('module_corruption', 6, 23, 12)
fake_08981.png,module_corruption,('module_corruption', 2, 1, 10)
fake_08982.png,module_corruption,('module_corruption', 11, 19, 14)
fake_08983.png,module_corruption,('module_corruption', 21, 14, 13)
fake_08984.png,module_corruption,('module_corruption', 4, 15, 10)
fake_08985.png,patch_overlay,('patch_overlay', 239, 71, 82, 82)
fake_08986.png,module_corruption,('module_corruption', 6, 14, 12)
fake_08987.png,module_corruption,('module_corruption', 2, 24, 12)
fake_08988.png,patch_overlay,('patch_overlay', 304, 155, 93, 93)
fake_08989.png,patch_overlay,('patch_overlay', 175, 47, 70, 70)
fake_08990.png,patch_overlay,('patch_overlay', 64, 244, 77, 77)
fake_08991.png,module_corruption,('module_corruption', 19, 24, 9)
fake_08992.png,module_corruption,('module_corruption', 6, 20, 10)
fake_08993.png,patch_overlay,('patch_overlay', 144, 102, 54, 54)
fake_08994.png,patch_overlay,('patch_overlay', 342, 318, 62, 62)
fake_08995.png,patch_overlay,('patch_overlay', 240, 318, 66, 66)
fake_08996.png,module_corruption,('module_corruption', 20, 5, 9)
fake_08997.png,module_corruption,('module_corruption', 25, 10, 10)
fake_08998.png,patch_overlay,('patch_overlay', 86, 96, 81, 81)
fake_08999.png,patch_overlay,('patch_overlay', 241, 209, 67, 67)
fake_09000.png,patch_overlay,('patch_overlay', 290, 73, 87, 87)
fake_09001.png,patch_overlay,('patch_overlay', 378, 381, 62, 62)
fake_09002.png,patch_overlay,('patch_overlay', 227, 63, 88, 88)
fake_09003.png,patch_overlay,('patch_overlay', 39, 245, 78, 78)
fake_09004.png,patch_overlay,('patch_overlay', 268, 35, 72, 72)
fake_09005.png,module_corruption,('module_corruption', 21, 23, 9)
fake_09006.png,patch_overlay,('patch_overlay', 236, 30, 96, 96)
fake_09007.png,module_corruption,('module_corruption', 1, 24, 9)
fake_09008.png,patch_overlay,('patch_overlay', 13, 102, 68, 68)
fake_09009.png,module_corruption,('module_corruption', 6, 15, 12)
fake_09010.png,patch_overlay,('patch_overlay', 353, 354, 76, 76)
fake_09011.png,module_corruption,('module_corruption', 22, 10, 14)
fake_09012.png,module_corruption,('module_corruption', 1, 3, 11)
fake_09013.png,patch_overlay,('patch_overlay', 173, 101, 64, 64)
fake_09014.png,module_corruption,('module_corruption', 27, 16, 10)
fake_09015.png,patch_overlay,('patch_overlay', 80, 116, 87, 87)
fake_09016.png,patch_overlay,('patch_overlay', 205, 51, 57, 57)
fake_09017.png,module_corruption,('module_corruption', 7, 7, 12)
fake_09018.png,patch_overlay,('patch_overlay', 185, 154, 56, 56)
fake_09019.png,patch_overlay,('patch_overlay', 292, 132, 85, 85)
fake_09020.png,module_corruption,('module_corruption', 20, 12, 11)
fake_09021.png,patch_overlay,('patch_overlay', 36, 352, 78, 78)
fake_09022.png,patch_overlay,('patch_overlay', 255, 349, 63, 63)
fake_09023.png,module_corruption,('module_corruption', 14, 23, 12)
fake_09024.png,module_corruption,('module_corruption', 17, 24, 13)
fake_09025.png,module_corruption,('module_corruption', 13, 4, 13)
fake_09026.png,module_corruption,('module_corruption', 27, 22, 10)
fake_09027.png,patch_overlay,('patch_overlay', 54, 23, 92, 92)
fake_09028.png,module_corruption,('module_corruption', 25, 8, 11)
fake_09029.png,patch_overlay,('patch_overlay', 32, 0, 73, 73)
fake_09030.png,patch_overlay,('patch_overlay', 174, 189, 58, 58)
fake_09031.png,patch_overlay,('patch_overlay', 360, 82, 66, 66)
fake_09032.png,patch_overlay,('patch_overlay', 255, 331, 98, 98)
fake_09033.png,patch_overlay,('patch_overlay', 271, 95, 97, 97)
fake_09034.png,module_corruption,('module_corruption', 8, 8, 14)
fake_09035.png,patch_overlay,('patch_overlay', 282, 151, 67, 67)
fake_09036.png,patch_overlay,('patch_overlay', 377, 301, 56, 56)
fake_09037.png,patch_overlay,('patch_overlay', 95, 279, 69, 69)
fake_09038.png,patch_overlay,('patch_overlay', 220, 305, 77, 77)
fake_09039.png,patch_overlay,('patch_overlay', 118, 255, 73, 73)
fake_09040.png,module_corruption,('module_corruption', 23, 24, 12)
fake_09041.png,module_corruption,('module_corruption', 9, 0, 12)
fake_09042.png,patch_overlay,('patch_overlay', 126, 255, 69, 69)
fake_09043.png,patch_overlay,('patch_overlay', 205, 198, 88, 88)
fake_09044.png,patch_overlay,('patch_overlay', 82, 6, 90, 90)
fake_09045.png,patch_overlay,('patch_overlay', 45, 241, 77, 77)
fake_09046.png,patch_overlay,('patch_overlay', 73, 20, 95, 95)
fake_09047.png,patch_overlay,('patch_overlay', 120, 212, 69, 69)
fake_09048.png,patch_overlay,('patch_overlay', 260, 81, 72, 72)
fake_09049.png,module_corruption,('module_corruption', 13, 4, 14)
fake_09050.png,patch_overlay,('patch_overlay', 95, 223, 69, 69)
fake_09051.png,patch_overlay,('patch_overlay', 62, 169, 86, 86)
fake_09052.png,module_corruption,('module_corruption', 1, 13, 14)
fake_09053.png,module_corruption,('module_corruption', 23, 17, 10)
fake_09054.png,patch_overlay,('patch_overlay', 343, 337, 54, 54)
fake_09055.png,patch_overlay,('patch_overlay', 229, 292, 98, 98)
fake_09056.png,module_corruption,('module_corruption', 0, 26, 11)
fake_09057.png,patch_overlay,('patch_overlay', 237, 191, 78, 78)
fake_09058.png,module_corruption,('module_corruption', 16, 7, 11)
fake_09059.png,module_corruption,('module_corruption', 25, 20, 12)
fake_09060.png,module_corruption,('module_corruption', 25, 9, 9)
fake_09061.png,patch_overlay,('patch_overlay', 317, 222, 92, 92)
fake_09062.png,module_corruption,('module_corruption', 2, 19, 12)
fake_09063.png,patch_overlay,('patch_overlay', 86, 229, 98, 98)
fake_09064.png,module_corruption,('module_corruption', 10, 12, 11)
fake_09065.png,patch_overlay,('patch_overlay', 175, 319, 79, 79)
fake_09066.png,module_corruption,('module_corruption', 19, 6, 9)
fake_09067.png,module_corruption,('module_corruption', 8, 18, 13)
fake_09068.png,module_corruption,('module_corruption', 13, 14, 14)
fake_09069.png,module_corruption,('module_corruption', 16, 19, 11)
fake_09070.png,module_corruption,('module_corruption', 7, 26, 9)
fake_09071.png,patch_overlay,('patch_overlay', 195, 17, 87, 87)
fake_09072.png,module_corruption,('module_corruption', 13, 1, 13)
fake_09073.png,patch_overlay,('patch_overlay', 251, 357, 75, 75)
fake_09074.png,patch_overlay,('patch_overlay', 220, 243, 64, 64)
fake_09075.png,module_corruption,('module_corruption', 24, 14, 12)
fake_09076.png,patch_overlay,('patch_overlay', 379, 37, 62, 62)
fake_09077.png,module_corruption,('module_corruption', 3, 6, 12)
fake_09078.png,patch_overlay,('patch_overlay', 62, 115, 83, 83)
fake_09079.png,module_corruption,('module_corruption', 11, 3, 11)
fake_09080.png,module_corruption,('module_corruption', 21, 6, 13)
fake_09081.png,module_corruption,('module_corruption', 11, 27, 9)
fake_09082.png,patch_overlay,('patch_overlay', 335, 8, 87, 87)
fake_09083.png,module_corruption,('module_corruption', 17, 20, 14)
fake_09084.png,module_corruption,('module_corruption', 25, 18, 11)
fake_09085.png,patch_overlay,('patch_overlay', 14, 116, 69, 69)
fake_09086.png,patch_overlay,('patch_overlay', 106, 167, 63, 63)
fake_09087.png,module_corruption,('module_corruption', 13, 19, 13)
fake_09088.png,patch_overlay,('patch_overlay', 289, 161, 55, 55)
fake_09089.png,module_corruption,('module_corruption', 22, 17, 13)
fake_09090.png,patch_overlay,('patch_overlay', 143, 225, 66, 66)
fake_09091.png,patch_overlay,('patch_overlay', 174, 12, 68, 68)
fake_09092.png,patch_overlay,('patch_overlay', 228, 78, 83, 83)
fake_09093.png,patch_overlay,('patch_overlay', 285, 379, 64, 64)
fake_09094.png,module_corruption,('module_corruption', 9, 1, 9)
fake_09095.png,module_corruption,('module_corruption', 5, 0, 13)
fake_09096.png,module_corruption,('module_corruption', 18, 3, 11)
fake_09097.png,module_corruption,('module_corruption', 25, 15, 10)
fake_09098.png,patch_overlay,('patch_overlay', 254, 341, 63, 63)
fake_09099.png,patch_overlay,('patch_overlay', 18, 80, 68, 68)
fake_09100.png,module_corruption,('module_corruption', 14, 12, 11)
fake_09101.png,module_corruption,('module_corruption', 0, 27, 9)
fake_09102.png,module_corruption,('module_corruption', 6, 11, 9)
fake_09103.png,module_corruption,('module_corruption', 19, 14, 12)
fake_09104.png,module_corruption,('module_corruption', 2, 13, 11)
fake_09105.png,module_corruption,('module_corruption', 3, 22, 11)
fake_09106.png,module_corruption,('module_corruption', 10, 26, 11)
fake_09107.png,patch_overlay,('patch_overlay', 349, 182, 70, 70)
fake_09108.png,module_corruption,('module_corruption', 0, 7, 13)
fake_09109.png,patch_overlay,('patch_overlay', 259, 375, 70, 70)
fake_09110.png,patch_overlay,('patch_overlay', 129, 317, 86, 86)
fake_09111.png,patch_overlay,('patch_overlay', 151, 170, 67, 67)
fake_09112.png,patch_overlay,('patch_overlay', 386, 17, 57, 57)
fake_09113.png,patch_overlay,('patch_overlay', 77, 386, 63, 63)
fake_09114.png,patch_overlay,('patch_overlay', 89, 265, 62, 62)
fake_09115.png,module_corruption,('module_corruption', 12, 24, 9)
fake_09116.png,module_corruption,('module_corruption', 19, 24, 12)
fake_09117.png,module_corruption,('module_corruption', 20, 9, 10)
fake_09118.png,patch_overlay,('patch_overlay', 3, 117, 94, 94)
fake_09119.png,module_corruption,('module_corruption', 9, 9, 9)
fake_09120.png,patch_overlay,('patch_overlay', 238, 153, 84, 84)
fake_09121.png,module_corruption,('module_corruption', 0, 7, 14)
fake_09122.png,patch_overlay,('patch_overlay', 241, 204, 58, 58)
fake_09123.png,module_corruption,('module_corruption', 12, 1, 14)
fake_09124.png,patch_overlay,('patch_overlay', 108, 297, 61, 61)
fake_09125.png,module_corruption,('module_corruption', 2, 23, 10)
fake_09126.png,module_corruption,('module_corruption', 24, 13, 12)
fake_09127.png,module_corruption,('module_corruption', 13, 11, 13)
fake_09128.png,patch_overlay,('patch_overlay', 308, 150, 75, 75)
fake_09129.png,patch_overlay,('patch_overlay', 284, 24, 90, 90)
fake_09130.png,module_corruption,('module_corruption', 3, 3, 13)
fake_09131.png,patch_overlay,('patch_overlay', 15, 287, 57, 57)
fake_09132.png,patch_overlay,('patch_overlay', 298, 283, 69, 69)
fake_09133.png,module_corruption,('module_corruption', 0, 17, 14)
fake_09134.png,patch_overlay,('patch_overlay', 384, 15, 61, 61)
fake_09135.png,patch_overlay,('patch_overlay', 87, 348, 94, 94)
fake_09136.png,patch_overlay,('patch_overlay', 260, 357, 84, 84)
fake_09137.png,module_corruption,('module_corruption', 24, 11, 13)
fake_09138.png,module_corruption,('module_corruption', 18, 9, 9)
fake_09139.png,module_corruption,('module_corruption', 16, 8, 10)
fake_09140.png,patch_overlay,('patch_overlay', 315, 58, 84, 84)
fake_09141.png,patch_overlay,('patch_overlay', 215, 276, 83, 83)
fake_09142.png,patch_overlay,('patch_overlay', 316, 328, 72, 72)
fake_09143.png,module_corruption,('module_corruption', 6, 7, 13)
fake_09144.png,module_corruption,('module_corruption', 5, 22, 11)
fake_09145.png,module_corruption,('module_corruption', 15, 20, 13)
fake_09146.png,module_corruption,('module_corruption', 16, 10, 14)
fake_09147.png,patch_overlay,('patch_overlay', 66, 90, 63, 63)
fake_09148.png,module_corruption,('module_corruption', 5, 9, 9)
fake_09149.png,patch_overlay,('patch_overlay', 121, 123, 74, 74)
fake_09150.png,module_corruption,('module_corruption', 14, 5, 9)
fake_09151.png,patch_overlay,('patch_overlay', 69, 302, 79, 79)
fake_09152.png,patch_overlay,('patch_overlay', 103, 39, 56, 56)
fake_09153.png,patch_overlay,('patch_overlay', 73, 21, 89, 89)
fake_09154.png,module_corruption,('module_corruption', 17, 14, 12)
fake_09155.png,patch_overlay,('patch_overlay', 360, 27, 70, 70)
fake_09156.png,module_corruption,('module_corruption', 22, 7, 14)
fake_09157.png,patch_overlay,('patch_overlay', 111, 325, 59, 59)
fake_09158.png,patch_overlay,('patch_overlay', 344, 223, 94, 94)
fake_09159.png,module_corruption,('module_corruption', 23, 4, 10)
fake_09160.png,patch_overlay,('patch_overlay', 34, 195, 88, 88)
fake_09161.png,module_corruption,('module_corruption', 12, 2, 12)
fake_09162.png,module_corruption,('module_corruption', 26, 25, 10)
fake_09163.png,patch_overlay,('patch_overlay', 67, 104, 91, 91)
fake_09164.png,patch_overlay,('patch_overlay', 350, 290, 60, 60)
fake_09165.png,patch_overlay,('patch_overlay', 273, 15, 85, 85)
fake_09166.png,patch_overlay,('patch_overlay', 336, 221, 83, 83)
fake_09167.png,module_corruption,('module_corruption', 25, 2, 10)
fake_09168.png,module_corruption,('module_corruption', 0, 17, 10)
fake_09169.png,module_corruption,('module_corruption', 20, 3, 10)
fake_09170.png,module_corruption,('module_corruption', 17, 2, 13)
fake_09171.png,module_corruption,('module_corruption', 11, 14, 12)
fake_09172.png,patch_overlay,('patch_overlay', 282, 261, 82, 82)
fake_09173.png,module_corruption,('module_corruption', 25, 1, 12)
fake_09174.png,module_corruption,('module_corruption', 15, 6, 13)
fake_09175.png,module_corruption,('module_corruption', 3, 2, 12)
fake_09176.png,patch_overlay,('patch_overlay', 168, 125, 62, 62)
fake_09177.png,patch_overlay,('patch_overlay', 0, 50, 97, 97)
fake_09178.png,module_corruption,('module_corruption', 0, 23, 14)
fake_09179.png,patch_overlay,('patch_overlay', 310, 131, 87, 87)
fake_09180.png,module_corruption,('module_corruption', 18, 8, 11)
fake_09181.png,module_corruption,('module_corruption', 24, 2, 11)
fake_09182.png,patch_overlay,('patch_overlay', 307, 189, 70, 70)
fake_09183.png,patch_overlay,('patch_overlay', 282, 352, 93, 93)
fake_09184.png,patch_overlay,('patch_overlay', 56, 348, 73, 73)
fake_09185.png,module_corruption,('module_corruption', 12, 18, 13)
fake_09186.png,patch_overlay,('patch_overlay', 159, 82, 55, 55)
fake_09187.png,module_corruption,('module_corruption', 9, 1, 11)
fake_09188.png,patch_overlay,('patch_overlay', 344, 77, 59, 59)
fake_09189.png,module_corruption,('module_corruption', 4, 8, 14)
fake_09190.png,patch_overlay,('patch_overlay', 363, 246, 87, 87)
fake_09191.png,module_corruption,('module_corruption', 5, 1, 13)
fake_09192.png,patch_overlay,('patch_overlay', 256, 333, 71, 71)
fake_09193.png,patch_overlay,('patch_overlay', 93, 262, 75, 75)
fake_09194.png,module_corruption,('module_corruption', 1, 9, 9)
fake_09195.png,module_corruption,('module_corruption', 5, 16, 12)
fake_09196.png,module_corruption,('module_corruption', 25, 17, 12)
fake_09197.png,module_corruption,('module_corruption', 8, 7, 12)
fake_09198.png,module_corruption,('module_corruption', 23, 13, 9)
fake_09199.png,patch_overlay,('patch_overlay', 63, 234, 97, 97)
fake_09200.png,module_corruption,('module_corruption', 19, 4, 9)
fake_09201.png,module_corruption,('module_corruption', 20, 4, 13)
fake_09202.png,module_corruption,('module_corruption', 22, 9, 9)
fake_09203.png,module_corruption,('module_corruption', 19, 10, 12)
fake_09204.png,patch_overlay,('patch_overlay', 335, 29, 72, 72)
fake_09205.png,patch_overlay,('patch_overlay', 274, 114, 83, 83)
fake_09206.png,module_corruption,('module_corruption', 20, 7, 11)
fake_09207.png,module_corruption,('module_corruption', 9, 10, 12)
fake_09208.png,patch_overlay,('patch_overlay', 215, 285, 70, 70)
fake_09209.png,module_corruption,('module_corruption', 3, 10, 10)
fake_09210.png,patch_overlay,('patch_overlay', 188, 264, 97, 97)
fake_09211.png,module_corruption,('module_corruption', 13, 17, 10)
fake_09212.png,patch_overlay,('patch_overlay', 92, 142, 59, 59)
fake_09213.png,module_corruption,('module_corruption', 5, 14, 11)
fake_09214.png,patch_overlay,('patch_overlay', 36, 172, 54, 54)
fake_09215.png,patch_overlay,('patch_overlay', 37, 332, 91, 91)
fake_09216.png,module_corruption,('module_corruption', 1, 5, 13)
fake_09217.png,patch_overlay,('patch_overlay', 238, 8, 83, 83)
fake_09218.png,module_corruption,('module_corruption', 10, 11, 11)
fake_09219.png,patch_overlay,('patch_overlay', 224, 32, 92, 92)
fake_09220.png,module_corruption,('module_corruption', 24, 6, 10)
fake_09221.png,module_corruption,('module_corruption', 15, 17, 12)
fake_09222.png,module_corruption,('module_corruption', 16, 7, 12)
fake_09223.png,module_corruption,('module_corruption', 5, 16, 14)
fake_09224.png,module_corruption,('module_corruption', 3, 4, 12)
fake_09225.png,module_corruption,('module_corruption', 12, 2, 13)
fake_09226.png,patch_overlay,('patch_overlay', 132, 75, 76, 76)
fake_09227.png,patch_overlay,('patch_overlay', 305, 103, 84, 84)
fake_09228.png,patch_overlay,('patch_overlay', 14, 284, 74, 74)
fake_09229.png,module_corruption,('module_corruption', 12, 24, 12)
fake_09230.png,module_corruption,('module_corruption', 4, 0, 12)
fake_09231.png,patch_overlay,('patch_overlay', 342, 304, 88, 88)
fake_09232.png,patch_overlay,('patch_overlay', 193, 338, 74, 74)
fake_09233.png,module_corruption,('module_corruption', 3, 19, 12)
fake_09234.png,module_corruption,('module_corruption', 12, 24, 11)
fake_09235.png,patch_overlay,('patch_overlay', 223, 205, 92, 92)
fake_09236.png,patch_overlay,('patch_overlay', 349, 146, 67, 67)
fake_09237.png,patch_overlay,('patch_overlay', 322, 290, 97, 97)
fake_09238.png,module_corruption,('module_corruption', 16, 17, 13)
fake_09239.png,patch_overlay,('patch_overlay', 5, 23, 93, 93)
fake_09240.png,module_corruption,('module_corruption', 9, 24, 11)
fake_09241.png,patch_overlay,('patch_overlay', 90, 192, 65, 65)
fake_09242.png,patch_overlay,('patch_overlay', 109, 97, 76, 76)
fake_09243.png,patch_overlay,('patch_overlay', 44, 169, 70, 70)
fake_09244.png,module_corruption,('module_corruption', 12, 12, 9)
fake_09245.png,module_corruption,('module_corruption', 0, 3, 12)
fake_09246.png,module_corruption,('module_corruption', 9, 4, 12)
fake_09247.png,module_corruption,('module_corruption', 17, 16, 13)
fake_09248.png,patch_overlay,('patch_overlay', 109, 148, 54, 54)
fake_09249.png,patch_overlay,('patch_overlay', 23, 14, 88, 88)
fake_09250.png,patch_overlay,('patch_overlay', 305, 312, 72, 72)
fake_09251.png,patch_overlay,('patch_overlay', 268, 181, 77, 77)
fake_09252.png,patch_overlay,('patch_overlay', 292, 295, 76, 76)
fake_09253.png,patch_overlay,('patch_overlay', 297, 137, 69, 69)
fake_09254.png,patch_overlay,('patch_overlay', 65, 177, 79, 79)
fake_09255.png,patch_overlay,('patch_overlay', 77, 99, 66, 66)
fake_09256.png,patch_overlay,('patch_overlay', 152, 266, 97, 97)
fake_09257.png,module_corruption,('module_corruption', 24, 19, 11)
fake_09258.png,module_corruption,('module_corruption', 7, 11, 10)
fake_09259.png,patch_overlay,('patch_overlay', 64, 144, 59, 59)
fake_09260.png,patch_overlay,('patch_overlay', 9, 120, 78, 78)
fake_09261.png,module_corruption,('module_corruption', 16, 22, 11)
fake_09262.png,patch_overlay,('patch_overlay', 294, 202, 76, 76)
fake_09263.png,module_corruption,('module_corruption', 23, 16, 12)
fake_09264.png,patch_overlay,('patch_overlay', 35, 9, 67, 67)
fake_09265.png,patch_overlay,('patch_overlay', 253, 117, 75, 75)
fake_09266.png,patch_overlay,('patch_overlay', 174, 46, 68, 68)
fake_09267.png,patch_overlay,('patch_overlay', 161, 265, 96, 96)
fake_09268.png,patch_overlay,('patch_overlay', 216, 189, 56, 56)
fake_09269.png,module_corruption,('module_corruption', 13, 1, 10)
fake_09270.png,patch_overlay,('patch_overlay', 12, 141, 67, 67)
fake_09271.png,module_corruption,('module_corruption', 14, 5, 12)
fake_09272.png,patch_overlay,('patch_overlay', 163, 2, 68, 68)
fake_09273.png,module_corruption,('module_corruption', 11, 3, 11)
fake_09274.png,patch_overlay,('patch_overlay', 40, 83, 65, 65)
fake_09275.png,patch_overlay,('patch_overlay', 288, 334, 58, 58)
fake_09276.png,patch_overlay,('patch_overlay', 134, 96, 91, 91)
fake_09277.png,module_corruption,('module_corruption', 5, 24, 12)
fake_09278.png,patch_overlay,('patch_overlay', 257, 88, 97, 97)
fake_09279.png,patch_overlay,('patch_overlay', 317, 160, 64, 64)
fake_09280.png,module_corruption,('module_corruption', 3, 10, 12)
fake_09281.png,patch_overlay,('patch_overlay', 40, 142, 88, 88)
fake_09282.png,module_corruption,('module_corruption', 6, 7, 11)
fake_09283.png,module_corruption,('module_corruption', 0, 16, 11)
fake_09284.png,patch_overlay,('patch_overlay', 104, 246, 89, 89)
fake_09285.png,patch_overlay,('patch_overlay', 31, 219, 80, 80)
fake_09286.png,patch_overlay,('patch_overlay', 362, 169, 81, 81)
fake_09287.png,module_corruption,('module_corruption', 0, 24, 13)
fake_09288.png,patch_overlay,('patch_overlay', 156, 97, 54, 54)
fake_09289.png,patch_overlay,('patch_overlay', 112, 142, 85, 85)
fake_09290.png,patch_overlay,('patch_overlay', 130, 2, 76, 76)
fake_09291.png,module_corruption,('module_corruption', 22, 20, 13)
fake_09292.png,module_corruption,('module_corruption', 8, 15, 12)
fake_09293.png,module_corruption,('module_corruption', 1, 16, 13)
fake_09294.png,patch_overlay,('patch_overlay', 247, 338, 60, 60)
fake_09295.png,module_corruption,('module_corruption', 24, 22, 13)
fake_09296.png,patch_overlay,('patch_overlay', 51, 119, 57, 57)
fake_09297.png,module_corruption,('module_corruption', 0, 20, 13)
fake_09298.png,patch_overlay,('patch_overlay', 8, 47, 67, 67)
fake_09299.png,module_corruption,('module_corruption', 10, 1, 14)
fake_09300.png,module_corruption,('module_corruption', 19, 3, 10)
fake_09301.png,patch_overlay,('patch_overlay', 182, 17, 76, 76)
fake_09302.png,patch_overlay,('patch_overlay', 220, 231, 96, 96)
fake_09303.png,module_corruption,('module_corruption', 5, 19, 9)
fake_09304.png,patch_overlay,('patch_overlay', 221, 280, 68, 68)
fake_09305.png,module_corruption,('module_corruption', 16, 21, 13)
fake_09306.png,patch_overlay,('patch_overlay', 225, 263, 83, 83)
fake_09307.png,module_corruption,('module_corruption', 25, 7, 10)
fake_09308.png,module_corruption,('module_corruption', 7, 19, 13)
fake_09309.png,module_corruption,('module_corruption', 21, 16, 12)
fake_09310.png,patch_overlay,('patch_overlay', 31, 156, 89, 89)
fake_09311.png,patch_overlay,('patch_overlay', 154, 232, 63, 63)
fake_09312.png,module_corruption,('module_corruption', 3, 3, 13)
fake_09313.png,module_corruption,('module_corruption', 24, 2, 9)
fake_09314.png,patch_overlay,('patch_overlay', 0, 84, 95, 95)
fake_09315.png,module_corruption,('module_corruption', 16, 9, 11)
fake_09316.png,module_corruption,('module_corruption', 24, 17, 13)
fake_09317.png,module_corruption,('module_corruption', 0, 6, 12)
fake_09318.png,patch_overlay,('patch_overlay', 236, 0, 63, 63)
fake_09319.png,module_corruption,('module_corruption', 6, 22, 12)
fake_09320.png,patch_overlay,('patch_overlay', 207, 244, 94, 94)
fake_09321.png,module_corruption,('module_corruption', 7, 18, 13)
fake_09322.png,module_corruption,('module_corruption', 4, 4, 13)
fake_09323.png,patch_overlay,('patch_overlay', 358, 338, 86, 86)
fake_09324.png,module_corruption,('module_corruption', 20, 11, 12)
fake_09325.png,module_corruption,('module_corruption', 14, 23, 12)
fake_09326.png,patch_overlay,('patch_overlay', 331, 2, 60, 60)
fake_09327.png,module_corruption,('module_corruption', 17, 9, 11)
fake_09328.png,patch_overlay,('patch_overlay', 105, 303, 69, 69)
fake_09329.png,patch_overlay,('patch_overlay', 354, 224, 58, 58)
fake_09330.png,module_corruption,('module_corruption', 6, 10, 13)
fake_09331.png,patch_overlay,('patch_overlay', 71, 225, 88, 88)
fake_09332.png,patch_overlay,('patch_overlay', 190, 157, 62, 62)
fake_09333.png,patch_overlay,('patch_overlay', 304, 12, 92, 92)
fake_09334.png,module_corruption,('module_corruption', 12, 5, 11)
fake_09335.png,module_corruption,('module_corruption', 9, 0, 11)
fake_09336.png,module_corruption,('module_corruption', 20, 15, 10)
fake_09337.png,module_corruption,('module_corruption', 0, 11, 13)
fake_09338.png,patch_overlay,('patch_overlay', 281, 324, 62, 62)
fake_09339.png,module_corruption,('module_corruption', 22, 17, 11)
fake_09340.png,module_corruption,('module_corruption', 10, 13, 13)
fake_09341.png,patch_overlay,('patch_overlay', 53, 305, 94, 94)
fake_09342.png,patch_overlay,('patch_overlay', 285, 85, 54, 54)
fake_09343.png,patch_overlay,('patch_overlay', 87, 222, 89, 89)
fake_09344.png,module_corruption,('module_corruption', 9, 21, 13)
fake_09345.png,patch_overlay,('patch_overlay', 208, 82, 89, 89)
fake_09346.png,patch_overlay,('patch_overlay', 359, 346, 73, 73)
fake_09347.png,patch_overlay,('patch_overlay', 327, 23, 63, 63)
fake_09348.png,patch_overlay,('patch_overlay', 107, 306, 92, 92)
fake_09349.png,module_corruption,('module_corruption', 19, 6, 13)
fake_09350.png,module_corruption,('module_corruption', 17, 13, 9)
fake_09351.png,module_corruption,('module_corruption', 10, 8, 11)
fake_09352.png,patch_overlay,('patch_overlay', 242, 13, 54, 54)
fake_09353.png,patch_overlay,('patch_overlay', 107, 156, 89, 89)
fake_09354.png,patch_overlay,('patch_overlay', 30, 151, 71, 71)
fake_09355.png,patch_overlay,('patch_overlay', 111, 170, 93, 93)
fake_09356.png,module_corruption,('module_corruption', 4, 9, 11)
fake_09357.png,patch_overlay,('patch_overlay', 295, 329, 90, 90)
fake_09358.png,patch_overlay,('patch_overlay', 43, 139, 84, 84)
fake_09359.png,module_corruption,('module_corruption', 26, 24, 11)
fake_09360.png,module_corruption,('module_corruption', 23, 22, 12)
fake_09361.png,patch_overlay,('patch_overlay', 42, 259, 56, 56)
fake_09362.png,patch_overlay,('patch_overlay', 223, 321, 77, 77)
fake_09363.png,patch_overlay,('patch_overlay', 132, 44, 90, 90)
fake_09364.png,module_corruption,('module_corruption', 26, 24, 10)
fake_09365.png,module_corruption,('module_corruption', 22, 24, 13)
fake_09366.png,module_corruption,('module_corruption', 19, 10, 12)
fake_09367.png,module_corruption,('module_corruption', 6, 12, 13)
fake_09368.png,patch_overlay,('patch_overlay', 43, 75, 84, 84)
fake_09369.png,module_corruption,('module_corruption', 25, 0, 10)
fake_09370.png,patch_overlay,('patch_overlay', 46, 311, 73, 73)
fake_09371.png,module_corruption,('module_corruption', 17, 10, 13)
fake_09372.png,module_corruption,('module_corruption', 3, 26, 9)
fake_09373.png,patch_overlay,('patch_overlay', 73, 341, 56, 56)
fake_09374.png,module_corruption,('module_corruption', 17, 9, 11)
fake_09375.png,patch_overlay,('patch_overlay', 199, 199, 68, 68)
fake_09376.png,patch_overlay,('patch_overlay', 175, 193, 88, 88)
fake_09377.png,patch_overlay,('patch_overlay', 278, 299, 97, 97)
fake_09378.png,patch_overlay,('patch_overlay', 144, 291, 64, 64)
fake_09379.png,module_corruption,('module_corruption', 16, 7, 13)
fake_09380.png,module_corruption,('module_corruption', 11, 4, 11)
fake_09381.png,patch_overlay,('patch_overlay', 367, 174, 74, 74)
fake_09382.png,patch_overlay,('patch_overlay', 338, 3, 79, 79)
fake_09383.png,module_corruption,('module_corruption', 20, 22, 13)
fake_09384.png,module_corruption,('module_corruption', 1, 17, 9)
fake_09385.png,module_corruption,('module_corruption', 22, 5, 10)
fake_09386.png,patch_overlay,('patch_overlay', 76, 314, 95, 95)
fake_09387.png,patch_overlay,('patch_overlay', 268, 131, 90, 90)
fake_09388.png,module_corruption,('module_corruption', 13, 24, 10)
fake_09389.png,module_corruption,('module_corruption', 18, 3, 13)
fake_09390.png,patch_overlay,('patch_overlay', 195, 250, 74, 74)
fake_09391.png,module_corruption,('module_corruption', 18, 18, 13)
fake_09392.png,patch_overlay,('patch_overlay', 230, 372, 78, 78)
fake_09393.png,module_corruption,('module_corruption', 7, 22, 11)
fake_09394.png,patch_overlay,('patch_overlay', 143, 348, 90, 90)
fake_09395.png,patch_overlay,('patch_overlay', 307, 188, 94, 94)
fake_09396.png,patch_overlay,('patch_overlay', 298, 269, 65, 65)
fake_09397.png,module_corruption,('module_corruption', 11, 11, 11)
fake_09398.png,module_corruption,('module_corruption', 13, 14, 12)
fake_09399.png,module_corruption,('module_corruption', 9, 21, 9)
fake_09400.png,patch_overlay,('patch_overlay', 140, 310, 76, 76)
fake_09401.png,patch_overlay,('patch_overlay', 302, 77, 73, 73)
fake_09402.png,module_corruption,('module_corruption', 0, 8, 10)
fake_09403.png,module_corruption,('module_corruption', 6, 15, 13)
fake_09404.png,module_corruption,('module_corruption', 24, 22, 13)
fake_09405.png,patch_overlay,('patch_overlay', 7, 255, 86, 86)
fake_09406.png,patch_overlay,('patch_overlay', 16, 392, 58, 58)
fake_09407.png,module_corruption,('module_corruption', 10, 24, 11)
fake_09408.png,patch_overlay,('patch_overlay', 280, 291, 98, 98)
fake_09409.png,patch_overlay,('patch_overlay', 162, 290, 89, 89)
fake_09410.png,patch_overlay,('patch_overlay', 387, 98, 60, 60)
fake_09411.png,patch_overlay,('patch_overlay', 204, 41, 75, 75)
fake_09412.png,patch_overlay,('patch_overlay', 104, 335, 98, 98)
fake_09413.png,module_corruption,('module_corruption', 7, 21, 10)
fake_09414.png,module_corruption,('module_corruption', 1, 10, 12)
fake_09415.png,module_corruption,('module_corruption', 5, 4, 12)
fake_09416.png,module_corruption,('module_corruption', 2, 17, 9)
fake_09417.png,patch_overlay,('patch_overlay', 209, 354, 58, 58)
fake_09418.png,patch_overlay,('patch_overlay', 0, 294, 59, 59)
fake_09419.png,patch_overlay,('patch_overlay', 84, 279, 90, 90)
fake_09420.png,module_corruption,('module_corruption', 9, 16, 9)
fake_09421.png,module_corruption,('module_corruption', 25, 8, 11)
fake_09422.png,patch_overlay,('patch_overlay', 276, 98, 80, 80)
fake_09423.png,module_corruption,('module_corruption', 5, 0, 10)
fake_09424.png,patch_overlay,('patch_overlay', 27, 101, 85, 85)
fake_09425.png,module_corruption,('module_corruption', 13, 22, 10)
fake_09426.png,patch_overlay,('patch_overlay', 302, 108, 75, 75)
fake_09427.png,patch_overlay,('patch_overlay', 335, 338, 98, 98)
fake_09428.png,patch_overlay,('patch_overlay', 56, 66, 87, 87)
fake_09429.png,module_corruption,('module_corruption', 2, 15, 11)
fake_09430.png,module_corruption,('module_corruption', 1, 16, 12)
fake_09431.png,module_corruption,('module_corruption', 0, 5, 14)
fake_09432.png,patch_overlay,('patch_overlay', 333, 71, 70, 70)
fake_09433.png,patch_overlay,('patch_overlay', 142, 90, 62, 62)
fake_09434.png,module_corruption,('module_corruption', 9, 1, 12)
fake_09435.png,module_corruption,('module_corruption', 7, 8, 14)
fake_09436.png,patch_overlay,('patch_overlay', 175, 14, 77, 77)
fake_09437.png,module_corruption,('module_corruption', 1, 14, 9)
fake_09438.png,module_corruption,('module_corruption', 15, 8, 12)
fake_09439.png,patch_overlay,('patch_overlay', 118, 178, 74, 74)
fake_09440.png,patch_overlay,('patch_overlay', 287, 163, 93, 93)
fake_09441.png,module_corruption,('module_corruption', 9, 16, 9)
fake_09442.png,module_corruption,('module_corruption', 19, 11, 10)
fake_09443.png,module_corruption,('module_corruption', 21, 3, 13)
fake_09444.png,patch_overlay,('patch_overlay', 231, 62, 93, 93)
fake_09445.png,patch_overlay,('patch_overlay', 225, 273, 73, 73)
fake_09446.png,module_corruption,('module_corruption', 8, 22, 9)
fake_09447.png,module_corruption,('module_corruption', 1, 19, 10)
fake_09448.png,module_corruption,('module_corruption', 2, 17, 11)
fake_09449.png,module_corruption,('module_corruption', 15, 9, 11)
fake_09450.png,module_corruption,('module_corruption', 5, 16, 14)
fake_09451.png,patch_overlay,('patch_overlay', 308, 37, 88, 88)
fake_09452.png,patch_overlay,('patch_overlay', 244, 4, 65, 65)
fake_09453.png,patch_overlay,('patch_overlay', 189, 169, 74, 74)
fake_09454.png,patch_overlay,('patch_overlay', 66, 100, 90, 90)
fake_09455.png,module_corruption,('module_corruption', 12, 10, 12)
fake_09456.png,module_corruption,('module_corruption', 18, 10, 10)
fake_09457.png,patch_overlay,('patch_overlay', 38, 175, 87, 87)
fake_09458.png,patch_overlay,('patch_overlay', 292, 284, 90, 90)
fake_09459.png,patch_overlay,('patch_overlay', 269, 355, 81, 81)
fake_09460.png,module_corruption,('module_corruption', 12, 10, 14)
fake_09461.png,module_corruption,('module_corruption', 4, 3, 14)
fake_09462.png,module_corruption,('module_corruption', 1, 21, 14)
fake_09463.png,patch_overlay,('patch_overlay', 350, 315, 96, 96)
fake_09464.png,patch_overlay,('patch_overlay', 322, 242, 65, 65)
fake_09465.png,patch_overlay,('patch_overlay', 76, 333, 74, 74)
fake_09466.png,module_corruption,('module_corruption', 0, 28, 9)
fake_09467.png,patch_overlay,('patch_overlay', 163, 173, 75, 75)
fake_09468.png,patch_overlay,('patch_overlay', 295, 1, 85, 85)
fake_09469.png,module_corruption,('module_corruption', 1, 26, 9)
fake_09470.png,module_corruption,('module_corruption', 24, 3, 13)
fake_09471.png,patch_overlay,('patch_overlay', 330, 370, 65, 65)
fake_09472.png,patch_overlay,('patch_overlay', 148, 133, 63, 63)
fake_09473.png,module_corruption,('module_corruption', 12, 14, 13)
fake_09474.png,patch_overlay,('patch_overlay', 41, 70, 62, 62)
fake_09475.png,module_corruption,('module_corruption', 12, 21, 11)
fake_09476.png,patch_overlay,('patch_overlay', 329, 340, 88, 88)
fake_09477.png,module_corruption,('module_corruption', 6, 5, 12)
fake_09478.png,module_corruption,('module_corruption', 3, 0, 14)
fake_09479.png,module_corruption,('module_corruption', 16, 9, 13)
fake_09480.png,module_corruption,('module_corruption', 17, 9, 12)
fake_09481.png,patch_overlay,('patch_overlay', 382, 9, 64, 64)
fake_09482.png,patch_overlay,('patch_overlay', 124, 343, 68, 68)
fake_09483.png,module_corruption,('module_corruption', 2, 1, 13)
fake_09484.png,patch_overlay,('patch_overlay', 39, 16, 56, 56)
fake_09485.png,patch_overlay,('patch_overlay', 338, 190, 83, 83)
fake_09486.png,patch_overlay,('patch_overlay', 229, 171, 88, 88)
fake_09487.png,patch_overlay,('patch_overlay', 120, 29, 57, 57)
fake_09488.png,module_corruption,('module_corruption', 2, 16, 13)
fake_09489.png,patch_overlay,('patch_overlay', 102, 292, 76, 76)
fake_09490.png,module_corruption,('module_corruption', 19, 21, 10)
fake_09491.png,module_corruption,('module_corruption', 21, 19, 10)
fake_09492.png,module_corruption,('module_corruption', 9, 22, 11)
fake_09493.png,module_corruption,('module_corruption', 12, 23, 10)
fake_09494.png,patch_overlay,('patch_overlay', 284, 44, 79, 79)
fake_09495.png,patch_overlay,('patch_overlay', 30, 42, 73, 73)
fake_09496.png,patch_overlay,('patch_overlay', 315, 172, 61, 61)
fake_09497.png,patch_overlay,('patch_overlay', 300, 99, 81, 81)
fake_09498.png,module_corruption,('module_corruption', 18, 14, 12)
fake_09499.png,module_corruption,('module_corruption', 6, 3, 12)
fake_09500.png,module_corruption,('module_corruption', 26, 17, 9)
fake_09501.png,patch_overlay,('patch_overlay', 3, 117, 81, 81)
fake_09502.png,patch_overlay,('patch_overlay', 216, 124, 71, 71)
fake_09503.png,patch_overlay,('patch_overlay', 161, 245, 81, 81)
fake_09504.png,module_corruption,('module_corruption', 23, 24, 12)
fake_09505.png,patch_overlay,('patch_overlay', 194, 29, 62, 62)
fake_09506.png,module_corruption,('module_corruption', 11, 3, 11)
fake_09507.png,patch_overlay,('patch_overlay', 33, 134, 78, 78)
fake_09508.png,module_corruption,('module_corruption', 1, 26, 10)
fake_09509.png,module_corruption,('module_corruption', 5, 15, 12)
fake_09510.png,patch_overlay,('patch_overlay', 212, 60, 59, 59)
fake_09511.png,patch_overlay,('patch_overlay', 357, 347, 86, 86)
fake_09512.png,module_corruption,('module_corruption', 10, 26, 10)
fake_09513.png,patch_overlay,('patch_overlay', 44, 198, 90, 90)
fake_09514.png,module_corruption,('module_corruption', 14, 2, 9)
fake_09515.png,module_corruption,('module_corruption', 6, 7, 13)
fake_09516.png,patch_overlay,('patch_overlay', 248, 23, 65, 65)
fake_09517.png,patch_overlay,('patch_overlay', 267, 10, 55, 55)
fake_09518.png,module_corruption,('module_corruption', 14, 6, 10)
fake_09519.png,module_corruption,('module_corruption', 10, 8, 9)
fake_09520.png,module_corruption,('module_corruption', 17, 26, 9)
fake_09521.png,module_corruption,('module_corruption', 1, 1, 12)
fake_09522.png,module_corruption,('module_corruption', 3, 8, 11)
fake_09523.png,module_corruption,('module_corruption', 21, 27, 9)
fake_09524.png,patch_overlay,('patch_overlay', 86, 353, 59, 59)
fake_09525.png,patch_overlay,('patch_overlay', 288, 301, 82, 82)
fake_09526.png,patch_overlay,('patch_overlay', 168, 346, 73, 73)
fake_09527.png,patch_overlay,('patch_overlay', 116, 194, 68, 68)
fake_09528.png,module_corruption,('module_corruption', 26, 5, 10)
fake_09529.png,patch_overlay,('patch_overlay', 186, 311, 66, 66)
fake_09530.png,module_corruption,('module_corruption', 13, 18, 11)
fake_09531.png,module_corruption,('module_corruption', 22, 22, 14)
fake_09532.png,patch_overlay,('patch_overlay', 345, 187, 55, 55)
fake_09533.png,patch_overlay,('patch_overlay', 233, 23, 63, 63)
fake_09534.png,module_corruption,('module_corruption', 22, 0, 12)
fake_09535.png,module_corruption,('module_corruption', 21, 22, 9)
fake_09536.png,module_corruption,('module_corruption', 6, 4, 10)
fake_09537.png,module_corruption,('module_corruption', 21, 9, 13)
fake_09538.png,patch_overlay,('patch_overlay', 306, 348, 87, 87)
fake_09539.png,patch_overlay,('patch_overlay', 299, 36, 94, 94)
fake_09540.png,module_corruption,('module_corruption', 18, 10, 11)
fake_09541.png,patch_overlay,('patch_overlay', 350, 103, 59, 59)
fake_09542.png,patch_overlay,('patch_overlay', 143, 18, 91, 91)
fake_09543.png,module_corruption,('module_corruption', 4, 0, 12)
fake_09544.png,patch_overlay,('patch_overlay', 247, 210, 61, 61)
fake_09545.png,patch_overlay,('patch_overlay', 270, 133, 92, 92)
fake_09546.png,patch_overlay,('patch_overlay', 81, 283, 83, 83)
fake_09547.png,patch_overlay,('patch_overlay', 91, 293, 86, 86)
fake_09548.png,patch_overlay,('patch_overlay', 31, 179, 54, 54)
fake_09549.png,module_corruption,('module_corruption', 18, 24, 13)
fake_09550.png,module_corruption,('module_corruption', 1, 7, 13)
fake_09551.png,module_corruption,('module_corruption', 19, 21, 11)
fake_09552.png,patch_overlay,('patch_overlay', 229, 304, 66, 66)
fake_09553.png,patch_overlay,('patch_overlay', 94, 187, 98, 98)
fake_09554.png,patch_overlay,('patch_overlay', 303, 265, 87, 87)
fake_09555.png,patch_overlay,('patch_overlay', 12, 165, 62, 62)
fake_09556.png,patch_overlay,('patch_overlay', 194, 355, 59, 59)
fake_09557.png,patch_overlay,('patch_overlay', 230, 110, 61, 61)
fake_09558.png,patch_overlay,('patch_overlay', 320, 261, 74, 74)
fake_09559.png,module_corruption,('module_corruption', 19, 17, 11)
fake_09560.png,module_corruption,('module_corruption', 3, 20, 14)
fake_09561.png,module_corruption,('module_corruption', 13, 8, 10)
fake_09562.png,module_corruption,('module_corruption', 8, 15, 12)
fake_09563.png,patch_overlay,('patch_overlay', 242, 235, 80, 80)
fake_09564.png,module_corruption,('module_corruption', 8, 26, 9)
fake_09565.png,patch_overlay,('patch_overlay', 165, 78, 73, 73)
fake_09566.png,module_corruption,('module_corruption', 23, 20, 14)
fake_09567.png,patch_overlay,('patch_overlay', 83, 324, 85, 85)
fake_09568.png,patch_overlay,('patch_overlay', 144, 273, 70, 70)
fake_09569.png,patch_overlay,('patch_overlay', 230, 25, 62, 62)
fake_09570.png,patch_overlay,('patch_overlay', 156, 309, 93, 93)
fake_09571.png,module_corruption,('module_corruption', 22, 8, 13)
fake_09572.png,module_corruption,('module_corruption', 11, 2, 13)
fake_09573.png,module_corruption,('module_corruption', 12, 28, 9)
fake_09574.png,module_corruption,('module_corruption', 3, 17, 12)
fake_09575.png,module_corruption,('module_corruption', 13, 8, 10)
fake_09576.png,patch_overlay,('patch_overlay', 12, 166, 68, 68)
fake_09577.png,module_corruption,('module_corruption', 8, 10, 10)
fake_09578.png,patch_overlay,('patch_overlay', 33, 265, 54, 54)
fake_09579.png,patch_overlay,('patch_overlay', 162, 203, 97, 97)
fake_09580.png,module_corruption,('module_corruption', 22, 4, 13)
fake_09581.png,patch_overlay,('patch_overlay', 243, 276, 90, 90)
fake_09582.png,module_corruption,('module_corruption', 5, 6, 10)
fake_09583.png,patch_overlay,('patch_overlay', 226, 283, 64, 64)
fake_09584.png,module_corruption,('module_corruption', 25, 6, 9)
fake_09585.png,module_corruption,('module_corruption', 0, 7, 13)
fake_09586.png,module_corruption,('module_corruption', 19, 20, 12)
fake_09587.png,module_corruption,('module_corruption', 24, 3, 9)
fake_09588.png,patch_overlay,('patch_overlay', 319, 285, 89, 89)
fake_09589.png,patch_overlay,('patch_overlay', 129, 112, 86, 86)
fake_09590.png,patch_overlay,('patch_overlay', 127, 269, 55, 55)
fake_09591.png,patch_overlay,('patch_overlay', 346, 257, 98, 98)
fake_09592.png,patch_overlay,('patch_overlay', 266, 93, 78, 78)
fake_09593.png,patch_overlay,('patch_overlay', 207, 275, 88, 88)
fake_09594.png,module_corruption,('module_corruption', 5, 3, 13)
fake_09595.png,patch_overlay,('patch_overlay', 192, 36, 81, 81)
fake_09596.png,module_corruption,('module_corruption', 5, 1, 12)
fake_09597.png,module_corruption,('module_corruption', 18, 1, 9)
fake_09598.png,module_corruption,('module_corruption', 26, 19, 11)
fake_09599.png,patch_overlay,('patch_overlay', 65, 20, 87, 87)
fake_09600.png,module_corruption,('module_corruption', 23, 0, 10)
fake_09601.png,module_corruption,('module_corruption', 11, 18, 11)
fake_09602.png,module_corruption,('module_corruption', 3, 13, 14)
fake_09603.png,patch_overlay,('patch_overlay', 4, 70, 86, 86)
fake_09604.png,module_corruption,('module_corruption', 13, 28, 9)
fake_09605.png,patch_overlay,('patch_overlay', 202, 205, 80, 80)
fake_09606.png,module_corruption,('module_corruption', 12, 25, 10)
fake_09607.png,patch_overlay,('patch_overlay', 207, 316, 92, 92)
fake_09608.png,patch_overlay,('patch_overlay', 159, 279, 92, 92)
fake_09609.png,patch_overlay,('patch_overlay', 351, 105, 68, 68)
fake_09610.png,patch_overlay,('patch_overlay', 360, 347, 72, 72)
fake_09611.png,module_corruption,('module_corruption', 7, 22, 12)
fake_09612.png,module_corruption,('module_corruption', 3, 17, 14)
fake_09613.png,module_corruption,('module_corruption', 13, 9, 11)
fake_09614.png,patch_overlay,('patch_overlay', 311, 314, 59, 59)
fake_09615.png,patch_overlay,('patch_overlay', 358, 62, 55, 55)
fake_09616.png,patch_overlay,('patch_overlay', 337, 316, 80, 80)
fake_09617.png,module_corruption,('module_corruption', 10, 14, 14)
fake_09618.png,patch_overlay,('patch_overlay', 260, 201, 80, 80)
fake_09619.png,module_corruption,('module_corruption', 3, 18, 10)
fake_09620.png,patch_overlay,('patch_overlay', 223, 122, 70, 70)
fake_09621.png,patch_overlay,('patch_overlay', 300, 354, 70, 70)
fake_09622.png,module_corruption,('module_corruption', 1, 2, 9)
fake_09623.png,patch_overlay,('patch_overlay', 104, 173, 88, 88)
fake_09624.png,module_corruption,('module_corruption', 13, 7, 9)
fake_09625.png,patch_overlay,('patch_overlay', 70, 265, 86, 86)
fake_09626.png,patch_overlay,('patch_overlay', 359, 263, 83, 83)
fake_09627.png,module_corruption,('module_corruption', 8, 1, 10)
fake_09628.png,module_corruption,('module_corruption', 23, 13, 12)
fake_09629.png,module_corruption,('module_corruption', 17, 7, 12)
fake_09630.png,patch_overlay,('patch_overlay', 59, 167, 70, 70)
fake_09631.png,module_corruption,('module_corruption', 2, 4, 12)
fake_09632.png,patch_overlay,('patch_overlay', 375, 97, 61, 61)
fake_09633.png,module_corruption,('module_corruption', 3, 20, 11)
fake_09634.png,module_corruption,('module_corruption', 6, 0, 11)
fake_09635.png,module_corruption,('module_corruption', 18, 19, 11)
fake_09636.png,patch_overlay,('patch_overlay', 45, 108, 66, 66)
fake_09637.png,patch_overlay,('patch_overlay', 30, 166, 91, 91)
fake_09638.png,patch_overlay,('patch_overlay', 285, 356, 78, 78)
fake_09639.png,patch_overlay,('patch_overlay', 58, 337, 87, 87)
fake_09640.png,module_corruption,('module_corruption', 3, 18, 13)
fake_09641.png,patch_overlay,('patch_overlay', 22, 10, 79, 79)
fake_09642.png,module_corruption,('module_corruption', 12, 11, 12)
fake_09643.png,patch_overlay,('patch_overlay', 40, 337, 94, 94)
fake_09644.png,patch_overlay,('patch_overlay', 56, 231, 96, 96)
fake_09645.png,patch_overlay,('patch_overlay', 265, 269, 87, 87)
fake_09646.png,patch_overlay,('patch_overlay', 295, 258, 76, 76)
fake_09647.png,module_corruption,('module_corruption', 14, 21, 11)
fake_09648.png,patch_overlay,('patch_overlay', 133, 362, 64, 64)
fake_09649.png,patch_overlay,('patch_overlay', 237, 216, 54, 54)
fake_09650.png,patch_overlay,('patch_overlay', 367, 117, 65, 65)
fake_09651.png,patch_overlay,('patch_overlay', 385, 120, 64, 64)
fake_09652.png,module_corruption,('module_corruption', 11, 9, 11)
fake_09653.png,module_corruption,('module_corruption', 5, 25, 11)
fake_09654.png,module_corruption,('module_corruption', 5, 22, 13)
fake_09655.png,patch_overlay,('patch_overlay', 176, 122, 74, 74)
fake_09656.png,module_corruption,('module_corruption', 17, 14, 14)
fake_09657.png,patch_overlay,('patch_overlay', 322, 165, 88, 88)
fake_09658.png,patch_overlay,('patch_overlay', 146, 272, 81, 81)
fake_09659.png,module_corruption,('module_corruption', 15, 3, 13)
fake_09660.png,module_corruption,('module_corruption', 12, 6, 12)
fake_09661.png,patch_overlay,('patch_overlay', 164, 347, 73, 73)
fake_09662.png,module_corruption,('module_corruption', 11, 10, 10)
fake_09663.png,module_corruption,('module_corruption', 16, 16, 12)
fake_09664.png,patch_overlay,('patch_overlay', 184, 214, 90, 90)
fake_09665.png,module_corruption,('module_corruption', 6, 12, 14)
fake_09666.png,patch_overlay,('patch_overlay', 320, 228, 65, 65)
fake_09667.png,patch_overlay,('patch_overlay', 22, 349, 57, 57)
fake_09668.png,module_corruption,('module_corruption', 11, 9, 10)
fake_09669.png,patch_overlay,('patch_overlay', 87, 231, 67, 67)
fake_09670.png,module_corruption,('module_corruption', 7, 5, 10)
fake_09671.png,module_corruption,('module_corruption', 5, 19, 14)
fake_09672.png,module_corruption,('module_corruption', 2, 21, 13)
fake_09673.png,module_corruption,('module_corruption', 19, 3, 9)
fake_09674.png,module_corruption,('module_corruption', 3, 23, 13)
fake_09675.png,patch_overlay,('patch_overlay', 36, 225, 71, 71)
fake_09676.png,patch_overlay,('patch_overlay', 357, 250, 92, 92)
fake_09677.png,patch_overlay,('patch_overlay', 134, 112, 89, 89)
fake_09678.png,patch_overlay,('patch_overlay', 50, 2, 55, 55)
fake_09679.png,module_corruption,('module_corruption', 5, 3, 13)
fake_09680.png,patch_overlay,('patch_overlay', 38, 27, 84, 84)
fake_09681.png,module_corruption,('module_corruption', 23, 22, 14)
fake_09682.png,patch_overlay,('patch_overlay', 317, 350, 76, 76)
fake_09683.png,patch_overlay,('patch_overlay', 357, 257, 63, 63)
fake_09684.png,patch_overlay,('patch_overlay', 320, 300, 64, 64)
fake_09685.png,patch_overlay,('patch_overlay', 240, 247, 90, 90)
fake_09686.png,module_corruption,('module_corruption', 25, 16, 12)
fake_09687.png,patch_overlay,('patch_overlay', 346, 325, 67, 67)
fake_09688.png,patch_overlay,('patch_overlay', 61, 4, 67, 67)
fake_09689.png,module_corruption,('module_corruption', 26, 10, 11)
fake_09690.png,patch_overlay,('patch_overlay', 371, 228, 60, 60)
fake_09691.png,module_corruption,('module_corruption', 17, 13, 12)
fake_09692.png,patch_overlay,('patch_overlay', 101, 119, 67, 67)
fake_09693.png,patch_overlay,('patch_overlay', 176, 189, 56, 56)
fake_09694.png,module_corruption,('module_corruption', 7, 6, 10)
fake_09695.png,module_corruption,('module_corruption', 5, 5, 13)
fake_09696.png,module_corruption,('module_corruption', 6, 7, 13)
fake_09697.png,patch_overlay,('patch_overlay', 230, 182, 87, 87)
fake_09698.png,module_corruption,('module_corruption', 2, 18, 13)
fake_09699.png,module_corruption,('module_corruption', 18, 25, 10)
fake_09700.png,patch_overlay,('patch_overlay', 191, 122, 73, 73)
fake_09701.png,module_corruption,('module_corruption', 3, 18, 11)
fake_09702.png,module_corruption,('module_corruption', 24, 28, 9)
fake_09703.png,module_corruption,('module_corruption', 1, 3, 10)
fake_09704.png,patch_overlay,('patch_overlay', 264, 236, 85, 85)
fake_09705.png,module_corruption,('module_corruption', 11, 27, 10)
fake_09706.png,module_corruption,('module_corruption', 6, 9, 13)
fake_09707.png,module_corruption,('module_corruption', 7, 21, 9)
fake_09708.png,module_corruption,('module_corruption', 16, 17, 13)
fake_09709.png,patch_overlay,('patch_overlay', 309, 1, 73, 73)
fake_09710.png,module_corruption,('module_corruption', 13, 19, 13)
fake_09711.png,patch_overlay,('patch_overlay', 72, 132, 66, 66)
fake_09712.png,module_corruption,('module_corruption', 14, 7, 10)
fake_09713.png,patch_overlay,('patch_overlay', 286, 72, 90, 90)
fake_09714.png,patch_overlay,('patch_overlay', 168, 226, 70, 70)
fake_09715.png,patch_overlay,('patch_overlay', 118, 162, 60, 60)
fake_09716.png,patch_overlay,('patch_overlay', 258, 113, 73, 73)
fake_09717.png,module_corruption,('module_corruption', 4, 9, 9)
fake_09718.png,module_corruption,('module_corruption', 11, 23, 10)
fake_09719.png,patch_overlay,('patch_overlay', 240, 88, 80, 80)
fake_09720.png,patch_overlay,('patch_overlay', 288, 334, 79, 79)
fake_09721.png,module_corruption,('module_corruption', 2, 9, 13)
fake_09722.png,module_corruption,('module_corruption', 14, 3, 12)
fake_09723.png,module_corruption,('module_corruption', 7, 5, 13)
fake_09724.png,module_corruption,('module_corruption', 17, 8, 13)
fake_09725.png,module_corruption,('module_corruption', 10, 9, 10)
fake_09726.png,module_corruption,('module_corruption', 3, 0, 12)
fake_09727.png,patch_overlay,('patch_overlay', 295, 315, 95, 95)
fake_09728.png,module_corruption,('module_corruption', 14, 3, 13)
fake_09729.png,patch_overlay,('patch_overlay', 371, 308, 75, 75)
fake_09730.png,module_corruption,('module_corruption', 20, 4, 14)
fake_09731.png,module_corruption,('module_corruption', 4, 3, 14)
fake_09732.png,patch_overlay,('patch_overlay', 204, 268, 96, 96)
fake_09733.png,module_corruption,('module_corruption', 11, 21, 11)
fake_09734.png,module_corruption,('module_corruption', 4, 20, 13)
fake_09735.png,module_corruption,('module_corruption', 14, 28, 9)
fake_09736.png,module_corruption,('module_corruption', 13, 24, 12)
fake_09737.png,patch_overlay,('patch_overlay', 311, 94, 80, 80)
fake_09738.png,patch_overlay,('patch_overlay', 303, 127, 62, 62)
fake_09739.png,patch_overlay,('patch_overlay', 83, 83, 84, 84)
fake_09740.png,patch_overlay,('patch_overlay', 222, 325, 65, 65)
fake_09741.png,patch_overlay,('patch_overlay', 217, 395, 54, 54)
fake_09742.png,patch_overlay,('patch_overlay', 65, 96, 92, 92)
fake_09743.png,module_corruption,('module_corruption', 18, 17, 13)
fake_09744.png,patch_overlay,('patch_overlay', 183, 251, 56, 56)
fake_09745.png,patch_overlay,('patch_overlay', 368, 170, 76, 76)
fake_09746.png,module_corruption,('module_corruption', 23, 10, 12)
fake_09747.png,patch_overlay,('patch_overlay', 177, 76, 65, 65)
fake_09748.png,patch_overlay,('patch_overlay', 142, 55, 83, 83)
fake_09749.png,patch_overlay,('patch_overlay', 26, 179, 54, 54)
fake_09750.png,patch_overlay,('patch_overlay', 49, 289, 89, 89)
fake_09751.png,patch_overlay,('patch_overlay', 340, 278, 96, 96)
fake_09752.png,module_corruption,('module_corruption', 19, 14, 14)
fake_09753.png,module_corruption,('module_corruption', 23, 0, 14)
fake_09754.png,patch_overlay,('patch_overlay', 279, 247, 68, 68)
fake_09755.png,patch_overlay,('patch_overlay', 114, 183, 74, 74)
fake_09756.png,module_corruption,('module_corruption', 22, 22, 14)
fake_09757.png,patch_overlay,('patch_overlay', 167, 30, 96, 96)
fake_09758.png,module_corruption,('module_corruption', 15, 8, 12)
fake_09759.png,module_corruption,('module_corruption', 24, 3, 13)
fake_09760.png,patch_overlay,('patch_overlay', 188, 72, 55, 55)
fake_09761.png,module_corruption,('module_corruption', 3, 26, 9)
fake_09762.png,module_corruption,('module_corruption', 18, 6, 10)
fake_09763.png,patch_overlay,('patch_overlay', 45, 147, 55, 55)
fake_09764.png,module_corruption,('module_corruption', 4, 2, 13)
fake_09765.png,module_corruption,('module_corruption', 20, 20, 11)
fake_09766.png,patch_overlay,('patch_overlay', 90, 278, 62, 62)
fake_09767.png,module_corruption,('module_corruption', 5, 25, 11)
fake_09768.png,module_corruption,('module_corruption', 9, 1, 11)
fake_09769.png,module_corruption,('module_corruption', 22, 5, 12)
fake_09770.png,patch_overlay,('patch_overlay', 40, 56, 56, 56)
fake_09771.png,module_corruption,('module_corruption', 20, 16, 12)
fake_09772.png,module_corruption,('module_corruption', 10, 22, 10)
fake_09773.png,module_corruption,('module_corruption', 24, 0, 11)
fake_09774.png,module_corruption,('module_corruption', 11, 15, 13)
fake_09775.png,module_corruption,('module_corruption', 2, 18, 13)
fake_09776.png,module_corruption,('module_corruption', 24, 5, 10)
fake_09777.png,patch_overlay,('patch_overlay', 284, 235, 68, 68)
fake_09778.png,module_corruption,('module_corruption', 11, 18, 13)
fake_09779.png,patch_overlay,('patch_overlay', 43, 354, 94, 94)
fake_09780.png,module_corruption,('module_corruption', 10, 24, 12)
fake_09781.png,module_corruption,('module_corruption', 10, 24, 10)
fake_09782.png,module_corruption,('module_corruption', 17, 12, 10)
fake_09783.png,patch_overlay,('patch_overlay', 99, 8, 65, 65)
fake_09784.png,patch_overlay,('patch_overlay', 273, 133, 89, 89)
fake_09785.png,module_corruption,('module_corruption', 25, 2, 11)
fake_09786.png,patch_overlay,('patch_overlay', 193, 94, 84, 84)
fake_09787.png,patch_overlay,('patch_overlay', 360, 336, 68, 68)
fake_09788.png,patch_overlay,('patch_overlay', 216, 188, 81, 81)
fake_09789.png,module_corruption,('module_corruption', 26, 15, 11)
fake_09790.png,module_corruption,('module_corruption', 13, 0, 12)
fake_09791.png,module_corruption,('module_corruption', 13, 22, 12)
fake_09792.png,patch_overlay,('patch_overlay', 71, 240, 94, 94)
fake_09793.png,patch_overlay,('patch_overlay', 170, 11, 56, 56)
fake_09794.png,patch_overlay,('patch_overlay', 340, 192, 74, 74)
fake_09795.png,module_corruption,('module_corruption', 0, 2, 13)
fake_09796.png,patch_overlay,('patch_overlay', 293, 105, 75, 75)
fake_09797.png,module_corruption,('module_corruption', 19, 3, 12)
fake_09798.png,patch_overlay,('patch_overlay', 88, 131, 63, 63)
fake_09799.png,patch_overlay,('patch_overlay', 275, 351, 87, 87)
fake_09800.png,module_corruption,('module_corruption', 26, 10, 11)
fake_09801.png,patch_overlay,('patch_overlay', 369, 317, 80, 80)
fake_09802.png,module_corruption,('module_corruption', 4, 3, 12)
fake_09803.png,patch_overlay,('patch_overlay', 354, 10, 78, 78)
fake_09804.png,patch_overlay,('patch_overlay', 344, 238, 60, 60)
fake_09805.png,patch_overlay,('patch_overlay', 76, 173, 62, 62)
fake_09806.png,patch_overlay,('patch_overlay', 351, 315, 69, 69)
fake_09807.png,module_corruption,('module_corruption', 12, 0, 9)
fake_09808.png,patch_overlay,('patch_overlay', 56, 220, 54, 54)
fake_09809.png,module_corruption,('module_corruption', 2, 21, 11)
fake_09810.png,module_corruption,('module_corruption', 18, 23, 12)
fake_09811.png,module_corruption,('module_corruption', 12, 10, 12)
fake_09812.png,module_corruption,('module_corruption', 21, 4, 14)
fake_09813.png,patch_overlay,('patch_overlay', 72, 25, 57, 57)
fake_09814.png,patch_overlay,('patch_overlay', 261, 14, 71, 71)
fake_09815.png,patch_overlay,('patch_overlay', 182, 32, 96, 96)
fake_09816.png,module_corruption,('module_corruption', 8, 16, 10)
fake_09817.png,patch_overlay,('patch_overlay', 233, 59, 94, 94)
fake_09818.png,patch_overlay,('patch_overlay', 139, 186, 71, 71)
fake_09819.png,patch_overlay,('patch_overlay', 266, 67, 65, 65)
fake_09820.png,patch_overlay,('patch_overlay', 144, 154, 62, 62)
fake_09821.png,patch_overlay,('patch_overlay', 346, 168, 56, 56)
fake_09822.png,patch_overlay,('patch_overlay', 273, 104, 83, 83)
fake_09823.png,patch_overlay,('patch_overlay', 318, 154, 76, 76)
fake_09824.png,patch_overlay,('patch_overlay', 169, 26, 61, 61)
fake_09825.png,patch_overlay,('patch_overlay', 115, 21, 58, 58)
fake_09826.png,patch_overlay,('patch_overlay', 292, 319, 74, 74)
fake_09827.png,patch_overlay,('patch_overlay', 194, 4, 58, 58)
fake_09828.png,patch_overlay,('patch_overlay', 133, 358, 78, 78)
fake_09829.png,module_corruption,('module_corruption', 15, 12, 14)
fake_09830.png,module_corruption,('module_corruption', 9, 24, 12)
fake_09831.png,module_corruption,('module_corruption', 20, 13, 10)
fake_09832.png,module_corruption,('module_corruption', 19, 23, 12)
fake_09833.png,module_corruption,('module_corruption', 25, 21, 12)
fake_09834.png,module_corruption,('module_corruption', 17, 20, 9)
fake_09835.png,patch_overlay,('patch_overlay', 266, 186, 82, 82)
fake_09836.png,patch_overlay,('patch_overlay', 221, 350, 78, 78)
fake_09837.png,patch_overlay,('patch_overlay', 58, 252, 72, 72)
fake_09838.png,patch_overlay,('patch_overlay', 134, 348, 77, 77)
fake_09839.png,patch_overlay,('patch_overlay', 288, 325, 62, 62)
fake_09840.png,module_corruption,('module_corruption', 4, 13, 12)
fake_09841.png,module_corruption,('module_corruption', 21, 23, 13)
fake_09842.png,module_corruption,('module_corruption', 21, 17, 14)
fake_09843.png,module_corruption,('module_corruption', 21, 22, 10)
fake_09844.png,module_corruption,('module_corruption', 10, 10, 14)
fake_09845.png,patch_overlay,('patch_overlay', 105, 245, 72, 72)
fake_09846.png,patch_overlay,('patch_overlay', 128, 71, 55, 55)
fake_09847.png,module_corruption,('module_corruption', 24, 7, 10)
fake_09848.png,module_corruption,('module_corruption', 23, 25, 10)
fake_09849.png,module_corruption,('module_corruption', 18, 8, 9)
fake_09850.png,patch_overlay,('patch_overlay', 243, 179, 69, 69)
fake_09851.png,module_corruption,('module_corruption', 22, 16, 13)
fake_09852.png,patch_overlay,('patch_overlay', 90, 282, 65, 65)
fake_09853.png,module_corruption,('module_corruption', 2, 10, 10)
fake_09854.png,module_corruption,('module_corruption', 10, 13, 11)
fake_09855.png,patch_overlay,('patch_overlay', 17, 69, 83, 83)
fake_09856.png,module_corruption,('module_corruption', 14, 26, 11)
fake_09857.png,patch_overlay,('patch_overlay', 320, 343, 74, 74)
fake_09858.png,module_corruption,('module_corruption', 13, 9, 10)
fake_09859.png,patch_overlay,('patch_overlay', 220, 204, 86, 86)
fake_09860.png,module_corruption,('module_corruption', 5, 7, 9)
fake_09861.png,module_corruption,('module_corruption', 23, 3, 11)
fake_09862.png,module_corruption,('module_corruption', 13, 3, 9)
fake_09863.png,module_corruption,('module_corruption', 4, 9, 13)
fake_09864.png,module_corruption,('module_corruption', 1, 13, 12)
fake_09865.png,module_corruption,('module_corruption', 14, 7, 12)
fake_09866.png,patch_overlay,('patch_overlay', 343, 150, 82, 82)
fake_09867.png,patch_overlay,('patch_overlay', 247, 121, 88, 88)
fake_09868.png,patch_overlay,('patch_overlay', 337, 140, 88, 88)
fake_09869.png,module_corruption,('module_corruption', 10, 3, 11)
fake_09870.png,patch_overlay,('patch_overlay', 6, 376, 66, 66)
fake_09871.png,patch_overlay,('patch_overlay', 270, 352, 87, 87)
fake_09872.png,patch_overlay,('patch_overlay', 177, 44, 71, 71)
fake_09873.png,module_corruption,('module_corruption', 14, 6, 11)
fake_09874.png,module_corruption,('module_corruption', 20, 0, 11)
fake_09875.png,module_corruption,('module_corruption', 22, 23, 13)
fake_09876.png,patch_overlay,('patch_overlay', 71, 143, 82, 82)
fake_09877.png,patch_overlay,('patch_overlay', 364, 94, 61, 61)
fake_09878.png,module_corruption,('module_corruption', 26, 1, 11)
fake_09879.png,patch_overlay,('patch_overlay', 68, 241, 56, 56)
fake_09880.png,module_corruption,('module_corruption', 22, 19, 14)
fake_09881.png,module_corruption,('module_corruption', 23, 9, 13)
fake_09882.png,module_corruption,('module_corruption', 11, 15, 12)
fake_09883.png,patch_overlay,('patch_overlay', 378, 277, 64, 64)
fake_09884.png,module_corruption,('module_corruption', 8, 21, 12)
fake_09885.png,module_corruption,('module_corruption', 13, 24, 13)
fake_09886.png,module_corruption,('module_corruption', 26, 7, 10)
fake_09887.png,module_corruption,('module_corruption', 13, 5, 11)
fake_09888.png,patch_overlay,('patch_overlay', 156, 183, 97, 97)
fake_09889.png,patch_overlay,('patch_overlay', 196, 42, 70, 70)
fake_09890.png,patch_overlay,('patch_overlay', 154, 156, 90, 90)
fake_09891.png,module_corruption,('module_corruption', 16, 4, 13)
fake_09892.png,patch_overlay,('patch_overlay', 228, 240, 96, 96)
fake_09893.png,patch_overlay,('patch_overlay', 117, 113, 73, 73)
fake_09894.png,patch_overlay,('patch_overlay', 345, 135, 71, 71)
fake_09895.png,module_corruption,('module_corruption', 4, 11, 10)
fake_09896.png,patch_overlay,('patch_overlay', 48, 58, 74, 74)
fake_09897.png,module_corruption,('module_corruption', 17, 21, 10)
fake_09898.png,patch_overlay,('patch_overlay', 228, 170, 86, 86)
fake_09899.png,module_corruption,('module_corruption', 26, 1, 10)
fake_09900.png,patch_overlay,('patch_overlay', 376, 281, 72, 72)
fake_09901.png,patch_overlay,('patch_overlay', 326, 181, 73, 73)
fake_09902.png,patch_overlay,('patch_overlay', 154, 248, 93, 93)
fake_09903.png,module_corruption,('module_corruption', 19, 3, 12)
fake_09904.png,patch_overlay,('patch_overlay', 337, 290, 90, 90)
fake_09905.png,patch_overlay,('patch_overlay', 91, 244, 97, 97)
fake_09906.png,patch_overlay,('patch_overlay', 118, 175, 90, 90)
fake_09907.png,patch_overlay,('patch_overlay', 335, 22, 89, 89)
fake_09908.png,module_corruption,('module_corruption', 24, 24, 13)
fake_09909.png,module_corruption,('module_corruption', 20, 12, 14)
fake_09910.png,module_corruption,('module_corruption', 21, 25, 12)
fake_09911.png,patch_overlay,('patch_overlay', 89, 211, 77, 77)
fake_09912.png,patch_overlay,('patch_overlay', 305, 221, 88, 88)
fake_09913.png,module_corruption,('module_corruption', 11, 6, 14)
fake_09914.png,patch_overlay,('patch_overlay', 258, 211, 82, 82)
fake_09915.png,module_corruption,('module_corruption', 12, 12, 11)
fake_09916.png,patch_overlay,('patch_overlay', 57, 342, 55, 55)
fake_09917.png,patch_overlay,('patch_overlay', 321, 239, 71, 71)
fake_09918.png,patch_overlay,('patch_overlay', 164, 138, 90, 90)
fake_09919.png,patch_overlay,('patch_overlay', 200, 239, 88, 88)
fake_09920.png,module_corruption,('module_corruption', 12, 11, 13)
fake_09921.png,patch_overlay,('patch_overlay', 217, 364, 64, 64)
fake_09922.png,module_corruption,('module_corruption', 22, 22, 10)
fake_09923.png,module_corruption,('module_corruption', 22, 2, 12)
fake_09924.png,module_corruption,('module_corruption', 20, 23, 11)
fake_09925.png,module_corruption,('module_corruption', 23, 13, 11)
fake_09926.png,module_corruption,('module_corruption', 25, 19, 9)
fake_09927.png,module_corruption,('module_corruption', 16, 6, 11)
fake_09928.png,patch_overlay,('patch_overlay', 183, 25, 85, 85)
fake_09929.png,module_corruption,('module_corruption', 3, 13, 14)
fake_09930.png,patch_overlay,('patch_overlay', 337, 289, 90, 90)
fake_09931.png,patch_overlay,('patch_overlay', 280, 179, 67, 67)
fake_09932.png,patch_overlay,('patch_overlay', 174, 132, 84, 84)
fake_09933.png,patch_overlay,('patch_overlay', 118, 260, 65, 65)
fake_09934.png,patch_overlay,('patch_overlay', 23, 224, 80, 80)
fake_09935.png,patch_overlay,('patch_overlay', 80, 134, 79, 79)
fake_09936.png,patch_overlay,('patch_overlay', 92, 130, 60, 60)
fake_09937.png,patch_overlay,('patch_overlay', 272, 252, 89, 89)
fake_09938.png,module_corruption,('module_corruption', 28, 9, 9)
fake_09939.png,module_corruption,('module_corruption', 3, 3, 12)
fake_09940.png,patch_overlay,('patch_overlay', 131, 276, 65, 65)
fake_09941.png,patch_overlay,('patch_overlay', 350, 245, 80, 80)
fake_09942.png,patch_overlay,('patch_overlay', 157, 150, 79, 79)
fake_09943.png,patch_overlay,('patch_overlay', 162, 239, 86, 86)
fake_09944.png,module_corruption,('module_corruption', 15, 21, 12)
fake_09945.png,module_corruption,('module_corruption', 7, 23, 13)
fake_09946.png,patch_overlay,('patch_overlay', 52, 239, 92, 92)
fake_09947.png,patch_overlay,('patch_overlay', 145, 48, 79, 79)
fake_09948.png,patch_overlay,('patch_overlay', 127, 15, 69, 69)
fake_09949.png,patch_overlay,('patch_overlay', 125, 380, 62, 62)
fake_09950.png,patch_overlay,('patch_overlay', 124, 159, 95, 95)
fake_09951.png,patch_overlay,('patch_overlay', 108, 266, 80, 80)
fake_09952.png,patch_overlay,('patch_overlay', 117, 161, 96, 96)
fake_09953.png,patch_overlay,('patch_overlay', 96, 88, 94, 94)
fake_09954.png,module_corruption,('module_corruption', 18, 16, 12)
fake_09955.png,module_corruption,('module_corruption', 2, 2, 11)
fake_09956.png,patch_overlay,('patch_overlay', 187, 308, 87, 87)
fake_09957.png,patch_overlay,('patch_overlay', 1, 302, 91, 91)
fake_09958.png,patch_overlay,('patch_overlay', 366, 175, 79, 79)
fake_09959.png,module_corruption,('module_corruption', 4, 8, 12)
fake_09960.png,module_corruption,('module_corruption', 19, 20, 13)
fake_09961.png,module_corruption,('module_corruption', 11, 6, 14)
fake_09962.png,module_corruption,('module_corruption', 17, 26, 10)
fake_09963.png,patch_overlay,('patch_overlay', 380, 232, 55, 55)
fake_09964.png,module_corruption,('module_corruption', 17, 20, 9)
fake_09965.png,module_corruption,('module_corruption', 17, 25, 11)
fake_09966.png,module_corruption,('module_corruption', 17, 23, 10)
fake_09967.png,patch_overlay,('patch_overlay', 177, 92, 80, 80)
fake_09968.png,patch_overlay,('patch_overlay', 121, 275, 66, 66)
fake_09969.png,patch_overlay,('patch_overlay', 184, 279, 64, 64)
fake_09970.png,patch_overlay,('patch_overlay', 349, 77, 96, 96)
fake_09971.png,patch_overlay,('patch_overlay', 332, 13, 76, 76)
fake_09972.png,module_corruption,('module_corruption', 10, 22, 12)
fake_09973.png,patch_overlay,('patch_overlay', 231, 239, 87, 87)
fake_09974.png,patch_overlay,('patch_overlay', 26, 49, 94, 94)
fake_09975.png,patch_overlay,('patch_overlay', 52, 61, 84, 84)
fake_09976.png,module_corruption,('module_corruption', 4, 10, 11)
fake_09977.png,patch_overlay,('patch_overlay', 39, 330, 91, 91)
fake_09978.png,patch_overlay,('patch_overlay', 59, 180, 93, 93)
fake_09979.png,module_corruption,('module_corruption', 10, 16, 9)
fake_09980.png,module_corruption,('module_corruption', 13, 27, 10)
fake_09981.png,module_corruption,('module_corruption', 9, 5, 12)
fake_09982.png,patch_overlay,('patch_overlay', 272, 68, 55, 55)
fake_09983.png,patch_overlay,('patch_overlay', 338, 354, 64, 64)
fake_09984.png,patch_overlay,('patch_overlay', 198, 246, 86, 86)
fake_09985.png,patch_overlay,('patch_overlay', 115, 163, 89, 89)
fake_09986.png,module_corruption,('module_corruption', 5, 0, 12)
fake_09987.png,patch_overlay,('patch_overlay', 157, 350, 86, 86)
fake_09988.png,patch_overlay,('patch_overlay', 172, 226, 59, 59)
fake_09989.png,patch_overlay,('patch_overlay', 339, 164, 55, 55)
fake_09990.png,patch_overlay,('patch_overlay', 65, 358, 92, 92)
fake_09991.png,patch_overlay,('patch_overlay', 273, 269, 62, 62)
fake_09992.png,module_corruption,('module_corruption', 19, 14, 12)
fake_09993.png,patch_overlay,('patch_overlay', 256, 89, 80, 80)
fake_09994.png,patch_overlay,('patch_overlay', 14, 320, 59, 59)
fake_09995.png,module_corruption,('module_corruption', 21, 14, 11)
fake_09996.png,module_corruption,('module_corruption', 2, 9, 11)
fake_09997.png,patch_overlay,('patch_overlay', 25, 353, 86, 86)
fake_09998.png,patch_overlay,('patch_overlay', 309, 337, 87, 87)
fake_09999.png,patch_overlay,('patch_overlay', 278, 20, 55, 55)
fake_10000.png,module_corruption,('module_corruption', 20, 2, 9)
fake_10001.png,module_corruption,('module_corruption', 10, 24, 9)
fake_10002.png,module_corruption,('module_corruption', 25, 25, 11)
fake_10003.png,module_corruption,('module_corruption', 11, 0, 12)
fake_10004.png,patch_overlay,('patch_overlay', 223, 292, 80, 80)
fake_10005.png,patch_overlay,('patch_overlay', 282, 186, 78, 78)
fake_10006.png,module_corruption,('module_corruption', 18, 6, 13)
fake_10007.png,module_corruption,('module_corruption', 17, 6, 12)
fake_10008.png,module_corruption,('module_corruption', 2, 4, 13)
fake_10009.png,patch_overlay,('patch_overlay', 254, 142, 98, 98)
fake_10010.png,patch_overlay,('patch_overlay', 67, 308, 61, 61)
fake_10011.png,module_corruption,('module_corruption', 4, 25, 12)
fake_10012.png,patch_overlay,('patch_overlay', 63, 109, 93, 93)
fake_10013.png,patch_overlay,('patch_overlay', 229, 40, 94, 94)
fake_10014.png,module_corruption,('module_corruption', 5, 11, 13)
fake_10015.png,patch_overlay,('patch_overlay', 90, 243, 68, 68)
fake_10016.png,patch_overlay,('patch_overlay', 317, 61, 94, 94)
fake_10017.png,module_corruption,('module_corruption', 14, 9, 12)
fake_10018.png,patch_overlay,('patch_overlay', 17, 347, 54, 54)
fake_10019.png,module_corruption,('module_corruption', 17, 3, 13)
fake_10020.png,patch_overlay,('patch_overlay', 44, 225, 76, 76)
fake_10021.png,patch_overlay,('patch_overlay', 89, 110, 91, 91)
fake_10022.png,patch_overlay,('patch_overlay', 372, 232, 71, 71)
fake_10023.png,patch_overlay,('patch_overlay', 318, 46, 85, 85)
fake_10024.png,module_corruption,('module_corruption', 14, 20, 13)
fake_10025.png,patch_overlay,('patch_overlay', 264, 120, 81, 81)
fake_10026.png,patch_overlay,('patch_overlay', 328, 195, 77, 77)
fake_10027.png,module_corruption,('module_corruption', 11, 26, 10)
fake_10028.png,module_corruption,('module_corruption', 0, 14, 12)
fake_10029.png,module_corruption,('module_corruption', 2, 11, 14)
fake_10030.png,patch_overlay,('patch_overlay', 22, 21, 73, 73)
fake_10031.png,patch_overlay,('patch_overlay', 35, 295, 60, 60)
fake_10032.png,module_corruption,('module_corruption', 24, 23, 12)
fake_10033.png,patch_overlay,('patch_overlay', 165, 214, 85, 85)
fake_10034.png,module_corruption,('module_corruption', 19, 1, 13)
fake_10035.png,module_corruption,('module_corruption', 3, 12, 9)
fake_10036.png,module_corruption,('module_corruption', 17, 15, 11)
fake_10037.png,module_corruption,('module_corruption', 24, 19, 11)
fake_10038.png,module_corruption,('module_corruption', 1, 22, 13)
fake_10039.png,patch_overlay,('patch_overlay', 334, 123, 74, 74)
fake_10040.png,module_corruption,('module_corruption', 24, 4, 11)
fake_10041.png,module_corruption,('module_corruption', 1, 17, 13)
fake_10042.png,module_corruption,('module_corruption', 0, 24, 12)
fake_10043.png,module_corruption,('module_corruption', 0, 17, 11)
fake_10044.png,module_corruption,('module_corruption', 19, 5, 11)
fake_10045.png,module_corruption,('module_corruption', 14, 20, 14)
fake_10046.png,patch_overlay,('patch_overlay', 297, 295, 78, 78)
fake_10047.png,module_corruption,('module_corruption', 19, 8, 12)
fake_10048.png,patch_overlay,('patch_overlay', 118, 25, 89, 89)
fake_10049.png,patch_overlay,('patch_overlay', 244, 37, 55, 55)
fake_10050.png,patch_overlay,('patch_overlay', 243, 360, 68, 68)
fake_10051.png,module_corruption,('module_corruption', 23, 16, 14)
fake_10052.png,patch_overlay,('patch_overlay', 9, 208, 77, 77)
fake_10053.png,module_corruption,('module_corruption', 1, 5, 10)
fake_10054.png,patch_overlay,('patch_overlay', 286, 66, 97, 97)
fake_10055.png,patch_overlay,('patch_overlay', 286, 234, 70, 70)
fake_10056.png,module_corruption,('module_corruption', 1, 13, 12)
fake_10057.png,module_corruption,('module_corruption', 13, 0, 12)
fake_10058.png,module_corruption,('module_corruption', 22, 13, 10)
fake_10059.png,module_corruption,('module_corruption', 0, 21, 13)
fake_10060.png,module_corruption,('module_corruption', 9, 22, 12)
fake_10061.png,module_corruption,('module_corruption', 5, 25, 12)
fake_10062.png,patch_overlay,('patch_overlay', 257, 13, 87, 87)
fake_10063.png,module_corruption,('module_corruption', 6, 6, 11)
fake_10064.png,patch_overlay,('patch_overlay', 287, 128, 81, 81)
fake_10065.png,patch_overlay,('patch_overlay', 24, 290, 87, 87)
fake_10066.png,patch_overlay,('patch_overlay', 297, 386, 62, 62)
fake_10067.png,module_corruption,('module_corruption', 3, 19, 11)
fake_10068.png,module_corruption,('module_corruption', 2, 2, 11)
fake_10069.png,patch_overlay,('patch_overlay', 78, 241, 82, 82)
fake_10070.png,patch_overlay,('patch_overlay', 300, 303, 66, 66)
fake_10071.png,module_corruption,('module_corruption', 1, 17, 12)
fake_10072.png,module_corruption,('module_corruption', 12, 6, 11)
fake_10073.png,patch_overlay,('patch_overlay', 237, 138, 78, 78)
fake_10074.png,module_corruption,('module_corruption', 19, 23, 13)
fake_10075.png,module_corruption,('module_corruption', 7, 5, 13)
fake_10076.png,module_corruption,('module_corruption', 13, 7, 14)
fake_10077.png,patch_overlay,('patch_overlay', 140, 265, 83, 83)
fake_10078.png,patch_overlay,('patch_overlay', 378, 147, 64, 64)
fake_10079.png,patch_overlay,('patch_overlay', 120, 210, 67, 67)
fake_10080.png,patch_overlay,('patch_overlay', 319, 124, 60, 60)
fake_10081.png,module_corruption,('module_corruption', 10, 3, 9)
fake_10082.png,patch_overlay,('patch_overlay', 147, 21, 85, 85)
fake_10083.png,module_corruption,('module_corruption', 6, 17, 10)
fake_10084.png,patch_overlay,('patch_overlay', 168, 156, 87, 87)
fake_10085.png,module_corruption,('module_corruption', 18, 26, 10)
fake_10086.png,patch_overlay,('patch_overlay', 31, 74, 78, 78)
fake_10087.png,module_corruption,('module_corruption', 12, 18, 13)
fake_10088.png,patch_overlay,('patch_overlay', 113, 284, 68, 68)
fake_10089.png,patch_overlay,('patch_overlay', 377, 207, 64, 64)
fake_10090.png,patch_overlay,('patch_overlay', 181, 333, 93, 93)
fake_10091.png,patch_overlay,('patch_overlay', 188, 97, 81, 81)
fake_10092.png,patch_overlay,('patch_overlay', 276, 184, 84, 84)
fake_10093.png,module_corruption,('module_corruption', 7, 7, 13)
fake_10094.png,module_corruption,('module_corruption', 0, 17, 12)
fake_10095.png,patch_overlay,('patch_overlay', 221, 73, 77, 77)
fake_10096.png,module_corruption,('module_corruption', 10, 18, 9)
fake_10097.png,patch_overlay,('patch_overlay', 243, 12, 77, 77)
fake_10098.png,patch_overlay,('patch_overlay', 137, 111, 80, 80)
fake_10099.png,patch_overlay,('patch_overlay', 300, 19, 79, 79)
fake_10100.png,patch_overlay,('patch_overlay', 151, 58, 88, 88)
fake_10101.png,module_corruption,('module_corruption', 25, 6, 11)
fake_10102.png,patch_overlay,('patch_overlay', 176, 73, 90, 90)
fake_10103.png,patch_overlay,('patch_overlay', 259, 145, 93, 93)
fake_10104.png,patch_overlay,('patch_overlay', 242, 318, 69, 69)
fake_10105.png,patch_overlay,('patch_overlay', 264, 276, 76, 76)
fake_10106.png,module_corruption,('module_corruption', 13, 15, 13)
fake_10107.png,module_corruption,('module_corruption', 13, 1, 13)
fake_10108.png,module_corruption,('module_corruption', 17, 26, 11)
fake_10109.png,patch_overlay,('patch_overlay', 351, 162, 86, 86)
fake_10110.png,patch_overlay,('patch_overlay', 240, 17, 58, 58)
fake_10111.png,patch_overlay,('patch_overlay', 247, 240, 62, 62)
fake_10112.png,module_corruption,('module_corruption', 10, 14, 12)
fake_10113.png,patch_overlay,('patch_overlay', 224, 75, 56, 56)
fake_10114.png,patch_overlay,('patch_overlay', 12, 217, 68, 68)
fake_10115.png,patch_overlay,('patch_overlay', 69, 107, 62, 62)
fake_10116.png,patch_overlay,('patch_overlay', 19, 277, 80, 80)
fake_10117.png,module_corruption,('module_corruption', 26, 4, 11)
fake_10118.png,patch_overlay,('patch_overlay', 281, 289, 67, 67)
fake_10119.png,patch_overlay,('patch_overlay', 12, 14, 67, 67)
fake_10120.png,module_corruption,('module_corruption', 23, 0, 14)
fake_10121.png,module_corruption,('module_corruption', 8, 19, 14)
fake_10122.png,patch_overlay,('patch_overlay', 317, 125, 84, 84)
fake_10123.png,patch_overlay,('patch_overlay', 337, 291, 76, 76)
fake_10124.png,module_corruption,('module_corruption', 22, 25, 12)
fake_10125.png,patch_overlay,('patch_overlay', 351, 364, 54, 54)
fake_10126.png,module_corruption,('module_corruption', 20, 5, 10)
fake_10127.png,patch_overlay,('patch_overlay', 112, 306, 95, 95)
fake_10128.png,patch_overlay,('patch_overlay', 226, 316, 73, 73)
fake_10129.png,patch_overlay,('patch_overlay', 176, 143, 93, 93)
fake_10130.png,module_corruption,('module_corruption', 9, 6, 13)
fake_10131.png,patch_overlay,('patch_overlay', 351, 109, 94, 94)
fake_10132.png,module_corruption,('module_corruption', 16, 2, 11)
fake_10133.png,patch_overlay,('patch_overlay', 32, 266, 72, 72)
fake_10134.png,patch_overlay,('patch_overlay', 107, 302, 96, 96)
fake_10135.png,module_corruption,('module_corruption', 8, 20, 12)
fake_10136.png,module_corruption,('module_corruption', 5, 14, 13)
fake_10137.png,patch_overlay,('patch_overlay', 302, 151, 75, 75)
fake_10138.png,module_corruption,('module_corruption', 22, 1, 11)
fake_10139.png,patch_overlay,('patch_overlay', 131, 154, 85, 85)
fake_10140.png,module_corruption,('module_corruption', 15, 18, 12)
fake_10141.png,patch_overlay,('patch_overlay', 19, 28, 86, 86)
fake_10142.png,patch_overlay,('patch_overlay', 143, 346, 88, 88)
fake_10143.png,module_corruption,('module_corruption', 20, 19, 12)
fake_10144.png,module_corruption,('module_corruption', 24, 13, 9)
fake_10145.png,module_corruption,('module_corruption', 16, 13, 13)
fake_10146.png,patch_overlay,('patch_overlay', 243, 264, 90, 90)
fake_10147.png,patch_overlay,('patch_overlay', 275, 216, 82, 82)
fake_10148.png,patch_overlay,('patch_overlay', 146, 32, 74, 74)
fake_10149.png,patch_overlay,('patch_overlay', 366, 316, 67, 67)
fake_10150.png,patch_overlay,('patch_overlay', 190, 223, 81, 81)
fake_10151.png,module_corruption,('module_corruption', 17, 11, 11)
fake_10152.png,module_corruption,('module_corruption', 6, 19, 14)
fake_10153.png,module_corruption,('module_corruption', 1, 2, 11)
fake_10154.png,patch_overlay,('patch_overlay', 281, 138, 83, 83)
fake_10155.png,module_corruption,('module_corruption', 17, 19, 12)
fake_10156.png,patch_overlay,('patch_overlay', 64, 39, 81, 81)
fake_10157.png,patch_overlay,('patch_overlay', 30, 301, 73, 73)
fake_10158.png,patch_overlay,('patch_overlay', 162, 89, 85, 85)
fake_10159.png,module_corruption,('module_corruption', 11, 6, 11)
fake_10160.png,module_corruption,('module_corruption', 24, 26, 10)
fake_10161.png,patch_overlay,('patch_overlay', 104, 276, 78, 78)
fake_10162.png,patch_overlay,('patch_overlay', 103, 320, 91, 91)
fake_10163.png,module_corruption,('module_corruption', 20, 28, 9)
fake_10164.png,patch_overlay,('patch_overlay', 297, 355, 92, 92)
fake_10165.png,module_corruption,('module_corruption', 1, 10, 12)
fake_10166.png,patch_overlay,('patch_overlay', 217, 52, 87, 87)
fake_10167.png,module_corruption,('module_corruption', 7, 12, 10)
fake_10168.png,module_corruption,('module_corruption', 13, 2, 12)
fake_10169.png,patch_overlay,('patch_overlay', 222, 123, 85, 85)
fake_10170.png,patch_overlay,('patch_overlay', 376, 32, 70, 70)
fake_10171.png,module_corruption,('module_corruption', 8, 10, 12)
fake_10172.png,patch_overlay,('patch_overlay', 226, 45, 72, 72)
fake_10173.png,module_corruption,('module_corruption', 19, 14, 12)
fake_10174.png,patch_overlay,('patch_overlay', 18, 230, 54, 54)
fake_10175.png,patch_overlay,('patch_overlay', 238, 16, 91, 91)
fake_10176.png,patch_overlay,('patch_overlay', 217, 256, 87, 87)
fake_10177.png,module_corruption,('module_corruption', 22, 7, 11)
fake_10178.png,patch_overlay,('patch_overlay', 342, 36, 95, 95)
fake_10179.png,module_corruption,('module_corruption', 10, 21, 11)
fake_10180.png,patch_overlay,('patch_overlay', 365, 286, 63, 63)
fake_10181.png,module_corruption,('module_corruption', 17, 16, 13)
fake_10182.png,module_corruption,('module_corruption', 13, 21, 14)
fake_10183.png,module_corruption,('module_corruption', 24, 1, 13)
fake_10184.png,patch_overlay,('patch_overlay', 61, 292, 83, 83)
fake_10185.png,patch_overlay,('patch_overlay', 305, 330, 94, 94)
fake_10186.png,patch_overlay,('patch_overlay', 325, 7, 74, 74)
fake_10187.png,patch_overlay,('patch_overlay', 27, 242, 63, 63)
fake_10188.png,patch_overlay,('patch_overlay', 211, 49, 55, 55)
fake_10189.png,module_corruption,('module_corruption', 0, 6, 13)
fake_10190.png,patch_overlay,('patch_overlay', 57, 186, 91, 91)
fake_10191.png,module_corruption,('module_corruption', 21, 1, 12)
fake_10192.png,module_corruption,('module_corruption', 6, 7, 12)
fake_10193.png,module_corruption,('module_corruption', 7, 16, 9)
fake_10194.png,patch_overlay,('patch_overlay', 276, 197, 81, 81)
fake_10195.png,patch_overlay,('patch_overlay', 368, 179, 66, 66)
fake_10196.png,patch_overlay,('patch_overlay', 265, 269, 98, 98)
fake_10197.png,patch_overlay,('patch_overlay', 120, 228, 68, 68)
fake_10198.png,module_corruption,('module_corruption', 4, 23, 12)
fake_10199.png,module_corruption,('module_corruption', 2, 14, 13)
fake_10200.png,module_corruption,('module_corruption', 8, 18, 13)
fake_10201.png,module_corruption,('module_corruption', 22, 7, 10)
fake_10202.png,patch_overlay,('patch_overlay', 350, 312, 60, 60)
fake_10203.png,module_corruption,('module_corruption', 13, 5, 11)
fake_10204.png,patch_overlay,('patch_overlay', 109, 198, 60, 60)
fake_10205.png,module_corruption,('module_corruption', 17, 17, 12)
fake_10206.png,module_corruption,('module_corruption', 9, 15, 11)
fake_10207.png,module_corruption,('module_corruption', 14, 3, 11)
fake_10208.png,module_corruption,('module_corruption', 4, 3, 13)
fake_10209.png,patch_overlay,('patch_overlay', 313, 68, 64, 64)
fake_10210.png,module_corruption,('module_corruption', 11, 21, 10)
fake_10211.png,module_corruption,('module_corruption', 0, 6, 11)
fake_10212.png,module_corruption,('module_corruption', 26, 15, 10)
fake_10213.png,module_corruption,('module_corruption', 0, 2, 13)
fake_10214.png,module_corruption,('module_corruption', 25, 12, 12)
fake_10215.png,module_corruption,('module_corruption', 4, 1, 14)
fake_10216.png,patch_overlay,('patch_overlay', 308, 150, 80, 80)
fake_10217.png,patch_overlay,('patch_overlay', 195, 111, 93, 93)
fake_10218.png,patch_overlay,('patch_overlay', 192, 315, 71, 71)
fake_10219.png,patch_overlay,('patch_overlay', 134, 110, 58, 58)
fake_10220.png,module_corruption,('module_corruption', 3, 2, 10)
fake_10221.png,module_corruption,('module_corruption', 12, 14, 13)
fake_10222.png,patch_overlay,('patch_overlay', 257, 213, 73, 73)
fake_10223.png,patch_overlay,('patch_overlay', 123, 135, 85, 85)
fake_10224.png,patch_overlay,('patch_overlay', 49, 131, 61, 61)
fake_10225.png,patch_overlay,('patch_overlay', 324, 296, 70, 70)
fake_10226.png,module_corruption,('module_corruption', 1, 12, 9)
fake_10227.png,patch_overlay,('patch_overlay', 60, 168, 86, 86)
fake_10228.png,patch_overlay,('patch_overlay', 55, 132, 74, 74)
fake_10229.png,patch_overlay,('patch_overlay', 148, 144, 84, 84)
fake_10230.png,module_corruption,('module_corruption', 22, 16, 11)
fake_10231.png,module_corruption,('module_corruption', 23, 5, 13)
fake_10232.png,module_corruption,('module_corruption', 8, 9, 10)
fake_10233.png,module_corruption,('module_corruption', 13, 19, 13)
fake_10234.png,module_corruption,('module_corruption', 23, 9, 11)
fake_10235.png,module_corruption,('module_corruption', 17, 6, 10)
fake_10236.png,patch_overlay,('patch_overlay', 16, 366, 82, 82)
fake_10237.png,patch_overlay,('patch_overlay', 212, 16, 96, 96)
fake_10238.png,patch_overlay,('patch_overlay', 173, 273, 67, 67)
fake_10239.png,patch_overlay,('patch_overlay', 90, 122, 83, 83)
fake_10240.png,module_corruption,('module_corruption', 20, 14, 11)
fake_10241.png,module_corruption,('module_corruption', 13, 5, 10)
fake_10242.png,patch_overlay,('patch_overlay', 27, 201, 98, 98)
fake_10243.png,patch_overlay,('patch_overlay', 285, 95, 66, 66)
fake_10244.png,module_corruption,('module_corruption', 23, 10, 13)
fake_10245.png,patch_overlay,('patch_overlay', 149, 157, 95, 95)
fake_10246.png,module_corruption,('module_corruption', 0, 25, 10)
fake_10247.png,patch_overlay,('patch_overlay', 360, 47, 75, 75)
fake_10248.png,module_corruption,('module_corruption', 21, 3, 10)
fake_10249.png,patch_overlay,('patch_overlay', 185, 335, 98, 98)
fake_10250.png,patch_overlay,('patch_overlay', 247, 254, 81, 81)
fake_10251.png,patch_overlay,('patch_overlay', 71, 231, 71, 71)
fake_10252.png,patch_overlay,('patch_overlay', 284, 147, 54, 54)
fake_10253.png,module_corruption,('module_corruption', 7, 8, 9)
fake_10254.png,module_corruption,('module_corruption', 11, 28, 9)
fake_10255.png,module_corruption,('module_corruption', 5, 6, 13)
fake_10256.png,patch_overlay,('patch_overlay', 31, 293, 58, 58)
fake_10257.png,patch_overlay,('patch_overlay', 188, 343, 85, 85)
fake_10258.png,module_corruption,('module_corruption', 19, 13, 13)
fake_10259.png,patch_overlay,('patch_overlay', 311, 336, 80, 80)
fake_10260.png,patch_overlay,('patch_overlay', 156, 98, 76, 76)
fake_10261.png,module_corruption,('module_corruption', 17, 16, 14)
fake_10262.png,patch_overlay,('patch_overlay', 239, 141, 54, 54)
fake_10263.png,module_corruption,('module_corruption', 21, 25, 12)
fake_10264.png,patch_overlay,('patch_overlay', 264, 166, 59, 59)
fake_10265.png,module_corruption,('module_corruption', 4, 13, 13)
fake_10266.png,module_corruption,('module_corruption', 7, 15, 11)
fake_10267.png,patch_overlay,('patch_overlay', 341, 335, 79, 79)
fake_10268.png,patch_overlay,('patch_overlay', 210, 275, 87, 87)
fake_10269.png,module_corruption,('module_corruption', 9, 9, 9)
fake_10270.png,patch_overlay,('patch_overlay', 243, 19, 81, 81)
fake_10271.png,patch_overlay,('patch_overlay', 300, 14, 64, 64)
fake_10272.png,patch_overlay,('patch_overlay', 79, 194, 93, 93)
fake_10273.png,module_corruption,('module_corruption', 22, 20, 11)
fake_10274.png,patch_overlay,('patch_overlay', 270, 320, 87, 87)
fake_10275.png,patch_overlay,('patch_overlay', 136, 117, 73, 73)
fake_10276.png,patch_overlay,('patch_overlay', 176, 123, 81, 81)
fake_10277.png,patch_overlay,('patch_overlay', 111, 323, 57, 57)
fake_10278.png,module_corruption,('module_corruption', 3, 1, 12)
fake_10279.png,module_corruption,('module_corruption', 15, 14, 13)
fake_10280.png,patch_overlay,('patch_overlay', 146, 163, 73, 73)
fake_10281.png,module_corruption,('module_corruption', 1, 10, 14)
fake_10282.png,patch_overlay,('patch_overlay', 171, 247, 80, 80)
fake_10283.png,module_corruption,('module_corruption', 20, 8, 14)
fake_10284.png,module_corruption,('module_corruption', 26, 0, 10)
fake_10285.png,module_corruption,('module_corruption', 27, 14, 10)
fake_10286.png,module_corruption,('module_corruption', 20, 27, 9)
fake_10287.png,patch_overlay,('patch_overlay', 341, 292, 88, 88)
fake_10288.png,module_corruption,('module_corruption', 15, 14, 9)
fake_10289.png,patch_overlay,('patch_overlay', 221, 296, 85, 85)
fake_10290.png,patch_overlay,('patch_overlay', 365, 302, 76, 76)
fake_10291.png,patch_overlay,('patch_overlay', 238, 258, 75, 75)
fake_10292.png,patch_overlay,('patch_overlay', 130, 192, 67, 67)
fake_10293.png,module_corruption,('module_corruption', 28, 2, 9)
fake_10294.png,patch_overlay,('patch_overlay', 266, 18, 63, 63)
fake_10295.png,module_corruption,('module_corruption', 19, 1, 13)
fake_10296.png,patch_overlay,('patch_overlay', 102, 126, 60, 60)
fake_10297.png,module_corruption,('module_corruption', 17, 0, 10)
fake_10298.png,patch_overlay,('patch_overlay', 176, 268, 73, 73)
fake_10299.png,patch_overlay,('patch_overlay', 101, 226, 95, 95)
fake_10300.png,module_corruption,('module_corruption', 7, 16, 13)
fake_10301.png,patch_overlay,('patch_overlay', 138, 30, 82, 82)
fake_10302.png,patch_overlay,('patch_overlay', 254, 219, 79, 79)
fake_10303.png,module_corruption,('module_corruption', 11, 4, 11)
fake_10304.png,patch_overlay,('patch_overlay', 9, 384, 63, 63)
fake_10305.png,module_corruption,('module_corruption', 23, 9, 12)
fake_10306.png,patch_overlay,('patch_overlay', 14, 113, 80, 80)
fake_10307.png,module_corruption,('module_corruption', 20, 20, 10)
fake_10308.png,module_corruption,('module_corruption', 21, 8, 13)
fake_10309.png,patch_overlay,('patch_overlay', 83, 195, 73, 73)
fake_10310.png,module_corruption,('module_corruption', 23, 5, 11)
fake_10311.png,module_corruption,('module_corruption', 5, 26, 9)
fake_10312.png,module_corruption,('module_corruption', 13, 13, 13)
fake_10313.png,patch_overlay,('patch_overlay', 14, 134, 87, 87)
fake_10314.png,module_corruption,('module_corruption', 7, 21, 13)
fake_10315.png,patch_overlay,('patch_overlay', 119, 152, 62, 62)
fake_10316.png,patch_overlay,('patch_overlay', 105, 256, 80, 80)
fake_10317.png,module_corruption,('module_corruption', 13, 15, 13)
fake_10318.png,patch_overlay,('patch_overlay', 326, 235, 63, 63)
fake_10319.png,module_corruption,('module_corruption', 20, 3, 14)
fake_10320.png,patch_overlay,('patch_overlay', 260, 59, 57, 57)
fake_10321.png,patch_overlay,('patch_overlay', 69, 275, 81, 81)
fake_10322.png,module_corruption,('module_corruption', 15, 18, 10)
fake_10323.png,module_corruption,('module_corruption', 23, 4, 12)
fake_10324.png,module_corruption,('module_corruption', 11, 2, 13)
fake_10325.png,patch_overlay,('patch_overlay', 100, 154, 81, 81)
fake_10326.png,patch_overlay,('patch_overlay', 253, 180, 82, 82)
fake_10327.png,patch_overlay,('patch_overlay', 149, 298, 67, 67)
fake_10328.png,patch_overlay,('patch_overlay', 189, 26, 88, 88)
fake_10329.png,module_corruption,('module_corruption', 10, 1, 14)
fake_10330.png,module_corruption,('module_corruption', 19, 24, 12)
fake_10331.png,patch_overlay,('patch_overlay', 343, 322, 56, 56)
fake_10332.png,patch_overlay,('patch_overlay', 216, 110, 79, 79)
fake_10333.png,patch_overlay,('patch_overlay', 137, 309, 55, 55)
fake_10334.png,patch_overlay,('patch_overlay', 188, 103, 86, 86)
fake_10335.png,module_corruption,('module_corruption', 23, 14, 10)
fake_10336.png,patch_overlay,('patch_overlay', 267, 195, 54, 54)
fake_10337.png,patch_overlay,('patch_overlay', 81, 366, 56, 56)
fake_10338.png,module_corruption,('module_corruption', 20, 24, 12)
fake_10339.png,module_corruption,('module_corruption', 14, 12, 9)
fake_10340.png,module_corruption,('module_corruption', 6, 24, 11)
fake_10341.png,patch_overlay,('patch_overlay', 268, 331, 83, 83)
fake_10342.png,module_corruption,('module_corruption', 11, 9, 10)
fake_10343.png,patch_overlay,('patch_overlay', 324, 57, 84, 84)
fake_10344.png,module_corruption,('module_corruption', 0, 0, 13)
fake_10345.png,patch_overlay,('patch_overlay', 205, 261, 72, 72)
fake_10346.png,patch_overlay,('patch_overlay', 100, 67, 57, 57)
fake_10347.png,module_corruption,('module_corruption', 15, 15, 13)
fake_10348.png,module_corruption,('module_corruption', 21, 13, 12)
fake_10349.png,module_corruption,('module_corruption', 20, 24, 11)
fake_10350.png,module_corruption,('module_corruption', 19, 20, 13)
fake_10351.png,module_corruption,('module_corruption', 9, 13, 9)
fake_10352.png,module_corruption,('module_corruption', 7, 12, 12)
fake_10353.png,patch_overlay,('patch_overlay', 328, 27, 55, 55)
fake_10354.png,module_corruption,('module_corruption', 4, 18, 12)
fake_10355.png,module_corruption,('module_corruption', 25, 21, 11)
fake_10356.png,patch_overlay,('patch_overlay', 172, 77, 54, 54)
fake_10357.png,patch_overlay,('patch_overlay', 114, 222, 96, 96)
fake_10358.png,module_corruption,('module_corruption', 9, 12, 12)
fake_10359.png,patch_overlay,('patch_overlay', 383, 335, 63, 63)
fake_10360.png,module_corruption,('module_corruption', 16, 15, 10)
fake_10361.png,module_corruption,('module_corruption', 12, 1, 13)
fake_10362.png,patch_overlay,('patch_overlay', 28, 307, 78, 78)
fake_10363.png,module_corruption,('module_corruption', 2, 7, 9)
fake_10364.png,patch_overlay,('patch_overlay', 160, 97, 98, 98)
fake_10365.png,patch_overlay,('patch_overlay', 147, 201, 66, 66)
fake_10366.png,module_corruption,('module_corruption', 22, 28, 9)
fake_10367.png,patch_overlay,('patch_overlay', 240, 358, 61, 61)
fake_10368.png,patch_overlay,('patch_overlay', 74, 284, 54, 54)
fake_10369.png,module_corruption,('module_corruption', 22, 16, 13)
fake_10370.png,module_corruption,('module_corruption', 13, 5, 11)
fake_10371.png,module_corruption,('module_corruption', 1, 26, 9)
fake_10372.png,module_corruption,('module_corruption', 13, 28, 9)
fake_10373.png,module_corruption,('module_corruption', 9, 20, 12)
fake_10374.png,module_corruption,('module_corruption', 8, 18, 13)
fake_10375.png,module_corruption,('module_corruption', 21, 1, 9)
fake_10376.png,module_corruption,('module_corruption', 2, 4, 11)
fake_10377.png,patch_overlay,('patch_overlay', 341, 55, 55, 55)
fake_10378.png,patch_overlay,('patch_overlay', 324, 312, 87, 87)
fake_10379.png,module_corruption,('module_corruption', 23, 23, 11)
fake_10380.png,module_corruption,('module_corruption', 16, 1, 13)
fake_10381.png,patch_overlay,('patch_overlay', 3, 197, 76, 76)
fake_10382.png,module_corruption,('module_corruption', 18, 12, 12)
fake_10383.png,module_corruption,('module_corruption', 15, 12, 11)
fake_10384.png,patch_overlay,('patch_overlay', 30, 147, 58, 58)
fake_10385.png,module_corruption,('module_corruption', 3, 23, 12)
fake_10386.png,patch_overlay,('patch_overlay', 101, 329, 97, 97)
fake_10387.png,module_corruption,('module_corruption', 17, 5, 12)
fake_10388.png,patch_overlay,('patch_overlay', 342, 95, 66, 66)
fake_10389.png,patch_overlay,('patch_overlay', 73, 292, 94, 94)
fake_10390.png,patch_overlay,('patch_overlay', 131, 157, 80, 80)
fake_10391.png,patch_overlay,('patch_overlay', 325, 347, 65, 65)
fake_10392.png,patch_overlay,('patch_overlay', 328, 161, 95, 95)
fake_10393.png,module_corruption,('module_corruption', 7, 0, 11)
fake_10394.png,module_corruption,('module_corruption', 24, 7, 9)
fake_10395.png,module_corruption,('module_corruption', 18, 12, 14)
fake_10396.png,patch_overlay,('patch_overlay', 280, 200, 68, 68)
fake_10397.png,patch_overlay,('patch_overlay', 296, 93, 59, 59)
fake_10398.png,patch_overlay,('patch_overlay', 6, 160, 90, 90)
fake_10399.png,module_corruption,('module_corruption', 8, 1, 10)
fake_10400.png,module_corruption,('module_corruption', 24, 13, 11)
fake_10401.png,patch_overlay,('patch_overlay', 193, 115, 82, 82)
fake_10402.png,patch_overlay,('patch_overlay', 302, 195, 66, 66)
fake_10403.png,patch_overlay,('patch_overlay', 8, 52, 82, 82)
fake_10404.png,patch_overlay,('patch_overlay', 104, 172, 59, 59)
fake_10405.png,module_corruption,('module_corruption', 17, 18, 12)
fake_10406.png,patch_overlay,('patch_overlay', 1, 366, 70, 70)
fake_10407.png,patch_overlay,('patch_overlay', 237, 115, 95, 95)
fake_10408.png,patch_overlay,('patch_overlay', 333, 71, 68, 68)
fake_10409.png,patch_overlay,('patch_overlay', 174, 152, 63, 63)
fake_10410.png,module_corruption,('module_corruption', 6, 19, 13)
fake_10411.png,module_corruption,('module_corruption', 24, 20, 12)
fake_10412.png,patch_overlay,('patch_overlay', 137, 247, 89, 89)
fake_10413.png,module_corruption,('module_corruption', 24, 18, 9)
fake_10414.png,patch_overlay,('patch_overlay', 116, 194, 93, 93)
fake_10415.png,patch_overlay,('patch_overlay', 243, 17, 68, 68)
fake_10416.png,module_corruption,('module_corruption', 16, 14, 10)
fake_10417.png,module_corruption,('module_corruption', 6, 0, 10)
fake_10418.png,module_corruption,('module_corruption', 11, 5, 12)
fake_10419.png,patch_overlay,('patch_overlay', 91, 340, 87, 87)
fake_10420.png,module_corruption,('module_corruption', 11, 12, 13)
fake_10421.png,patch_overlay,('patch_overlay', 69, 27, 58, 58)
fake_10422.png,patch_overlay,('patch_overlay', 21, 143, 91, 91)
fake_10423.png,patch_overlay,('patch_overlay', 163, 176, 59, 59)
fake_10424.png,patch_overlay,('patch_overlay', 210, 340, 83, 83)
fake_10425.png,module_corruption,('module_corruption', 17, 9, 9)
fake_10426.png,patch_overlay,('patch_overlay', 99, 2, 67, 67)
fake_10427.png,module_corruption,('module_corruption', 10, 4, 9)
fake_10428.png,patch_overlay,('patch_overlay', 204, 138, 64, 64)
fake_10429.png,patch_overlay,('patch_overlay', 217, 311, 71, 71)
fake_10430.png,module_corruption,('module_corruption', 7, 8, 9)
fake_10431.png,patch_overlay,('patch_overlay', 288, 169, 85, 85)
fake_10432.png,patch_overlay,('patch_overlay', 287, 316, 92, 92)
fake_10433.png,module_corruption,('module_corruption', 17, 10, 11)
fake_10434.png,module_corruption,('module_corruption', 23, 2, 9)
fake_10435.png,patch_overlay,('patch_overlay', 178, 171, 86, 86)
fake_10436.png,module_corruption,('module_corruption', 24, 10, 10)
fake_10437.png,patch_overlay,('patch_overlay', 61, 228, 69, 69)
fake_10438.png,module_corruption,('module_corruption', 7, 0, 12)
fake_10439.png,module_corruption,('module_corruption', 7, 3, 12)
fake_10440.png,patch_overlay,('patch_overlay', 257, 222, 64, 64)
fake_10441.png,module_corruption,('module_corruption', 6, 3, 9)
fake_10442.png,patch_overlay,('patch_overlay', 28, 138, 58, 58)
fake_10443.png,patch_overlay,('patch_overlay', 255, 59, 54, 54)
fake_10444.png,module_corruption,('module_corruption', 11, 9, 14)
fake_10445.png,patch_overlay,('patch_overlay', 250, 252, 91, 91)
fake_10446.png,module_corruption,('module_corruption', 28, 12, 9)
fake_10447.png,patch_overlay,('patch_overlay', 224, 350, 90, 90)
fake_10448.png,module_corruption,('module_corruption', 19, 13, 12)
fake_10449.png,module_corruption,('module_corruption', 22, 22, 13)
fake_10450.png,module_corruption,('module_corruption', 22, 11, 12)
fake_10451.png,patch_overlay,('patch_overlay', 147, 248, 83, 83)
fake_10452.png,patch_overlay,('patch_overlay', 376, 377, 70, 70)
fake_10453.png,module_corruption,('module_corruption', 4, 10, 12)
fake_10454.png,module_corruption,('module_corruption', 1, 19, 12)
fake_10455.png,module_corruption,('module_corruption', 6, 7, 12)
fake_10456.png,patch_overlay,('patch_overlay', 327, 110, 95, 95)
fake_10457.png,patch_overlay,('patch_overlay', 43, 50, 84, 84)
fake_10458.png,patch_overlay,('patch_overlay', 155, 205, 61, 61)
fake_10459.png,patch_overlay,('patch_overlay', 244, 331, 66, 66)
fake_10460.png,patch_overlay,('patch_overlay', 309, 354, 84, 84)
fake_10461.png,module_corruption,('module_corruption', 10, 12, 9)
fake_10462.png,patch_overlay,('patch_overlay', 337, 71, 61, 61)
fake_10463.png,patch_overlay,('patch_overlay', 257, 311, 96, 96)
fake_10464.png,module_corruption,('module_corruption', 22, 16, 11)
fake_10465.png,module_corruption,('module_corruption', 11, 22, 10)
fake_10466.png,patch_overlay,('patch_overlay', 200, 40, 61, 61)
fake_10467.png,module_corruption,('module_corruption', 0, 24, 10)
fake_10468.png,patch_overlay,('patch_overlay', 275, 28, 79, 79)
fake_10469.png,patch_overlay,('patch_overlay', 23, 215, 98, 98)
fake_10470.png,patch_overlay,('patch_overlay', 131, 160, 70, 70)
fake_10471.png,patch_overlay,('patch_overlay', 133, 153, 61, 61)
fake_10472.png,patch_overlay,('patch_overlay', 37, 255, 73, 73)
fake_10473.png,patch_overlay,('patch_overlay', 195, 171, 94, 94)
fake_10474.png,patch_overlay,('patch_overlay', 15, 302, 95, 95)
fake_10475.png,patch_overlay,('patch_overlay', 46, 119, 59, 59)
fake_10476.png,patch_overlay,('patch_overlay', 90, 177, 89, 89)
fake_10477.png,patch_overlay,('patch_overlay', 113, 295, 90, 90)
fake_10478.png,patch_overlay,('patch_overlay', 214, 58, 87, 87)
fake_10479.png,module_corruption,('module_corruption', 10, 25, 10)
fake_10480.png,module_corruption,('module_corruption', 9, 7, 10)
fake_10481.png,patch_overlay,('patch_overlay', 45, 123, 84, 84)
fake_10482.png,module_corruption,('module_corruption', 9, 0, 13)
fake_10483.png,patch_overlay,('patch_overlay', 385, 122, 54, 54)
fake_10484.png,module_corruption,('module_corruption', 6, 13, 11)
fake_10485.png,patch_overlay,('patch_overlay', 89, 223, 95, 95)
fake_10486.png,patch_overlay,('patch_overlay', 87, 218, 84, 84)
fake_10487.png,patch_overlay,('patch_overlay', 374, 249, 65, 65)
fake_10488.png,module_corruption,('module_corruption', 19, 16, 13)
fake_10489.png,module_corruption,('module_corruption', 19, 19, 11)
fake_10490.png,module_corruption,('module_corruption', 8, 20, 14)
fake_10491.png,patch_overlay,('patch_overlay', 238, 315, 68, 68)
fake_10492.png,module_corruption,('module_corruption', 8, 10, 14)
fake_10493.png,patch_overlay,('patch_overlay', 288, 145, 85, 85)
fake_10494.png,module_corruption,('module_corruption', 14, 9, 12)
fake_10495.png,module_corruption,('module_corruption', 4, 22, 10)
fake_10496.png,module_corruption,('module_corruption', 19, 24, 9)
fake_10497.png,module_corruption,('module_corruption', 13, 5, 9)
fake_10498.png,module_corruption,('module_corruption', 7, 23, 10)
fake_10499.png,patch_overlay,('patch_overlay', 239, 355, 89, 89)
fake_10500.png,patch_overlay,('patch_overlay', 356, 355, 81, 81)
fake_10501.png,module_corruption,('module_corruption', 4, 24, 13)
fake_10502.png,patch_overlay,('patch_overlay', 24, 237, 92, 92)
fake_10503.png,module_corruption,('module_corruption', 5, 3, 13)
fake_10504.png,module_corruption,('module_corruption', 19, 23, 12)
fake_10505.png,module_corruption,('module_corruption', 18, 15, 13)
fake_10506.png,patch_overlay,('patch_overlay', 201, 143, 79, 79)
fake_10507.png,module_corruption,('module_corruption', 8, 19, 13)
fake_10508.png,module_corruption,('module_corruption', 17, 0, 13)
fake_10509.png,patch_overlay,('patch_overlay', 286, 261, 68, 68)
fake_10510.png,patch_overlay,('patch_overlay', 77, 311, 84, 84)
fake_10511.png,module_corruption,('module_corruption', 17, 20, 11)
fake_10512.png,patch_overlay,('patch_overlay', 253, 63, 62, 62)
fake_10513.png,module_corruption,('module_corruption', 0, 17, 12)
fake_10514.png,patch_overlay,('patch_overlay', 48, 375, 54, 54)
fake_10515.png,module_corruption,('module_corruption', 0, 1, 11)
fake_10516.png,patch_overlay,('patch_overlay', 82, 149, 67, 67)
fake_10517.png,module_corruption,('module_corruption', 11, 18, 12)
fake_10518.png,patch_overlay,('patch_overlay', 258, 164, 72, 72)
fake_10519.png,module_corruption,('module_corruption', 13, 0, 13)
fake_10520.png,module_corruption,('module_corruption', 19, 15, 9)
fake_10521.png,module_corruption,('module_corruption', 8, 7, 11)
fake_10522.png,module_corruption,('module_corruption', 11, 19, 12)
fake_10523.png,patch_overlay,('patch_overlay', 278, 149, 70, 70)
fake_10524.png,module_corruption,('module_corruption', 20, 18, 10)
fake_10525.png,module_corruption,('module_corruption', 10, 12, 12)
fake_10526.png,module_corruption,('module_corruption', 8, 4, 11)
fake_10527.png,patch_overlay,('patch_overlay', 195, 53, 82, 82)
fake_10528.png,patch_overlay,('patch_overlay', 82, 258, 88, 88)
fake_10529.png,patch_overlay,('patch_overlay', 103, 300, 67, 67)
fake_10530.png,patch_overlay,('patch_overlay', 167, 203, 89, 89)
fake_10531.png,module_corruption,('module_corruption', 10, 21, 11)
fake_10532.png,patch_overlay,('patch_overlay', 110, 1, 72, 72)
fake_10533.png,patch_overlay,('patch_overlay', 149, 247, 68, 68)
fake_10534.png,patch_overlay,('patch_overlay', 138, 202, 86, 86)
fake_10535.png,module_corruption,('module_corruption', 8, 1, 10)
fake_10536.png,module_corruption,('module_corruption', 15, 27, 10)
fake_10537.png,patch_overlay,('patch_overlay', 63, 149, 90, 90)
fake_10538.png,patch_overlay,('patch_overlay', 195, 217, 84, 84)
fake_10539.png,module_corruption,('module_corruption', 4, 25, 11)
fake_10540.png,module_corruption,('module_corruption', 21, 10, 13)
fake_10541.png,module_corruption,('module_corruption', 21, 27, 10)
fake_10542.png,module_corruption,('module_corruption', 15, 16, 13)
fake_10543.png,module_corruption,('module_corruption', 12, 7, 12)
fake_10544.png,module_corruption,('module_corruption', 3, 13, 13)
fake_10545.png,module_corruption,('module_corruption', 8, 7, 14)
fake_10546.png,patch_overlay,('patch_overlay', 124, 384, 58, 58)
fake_10547.png,patch_overlay,('patch_overlay', 93, 134, 61, 61)
fake_10548.png,module_corruption,('module_corruption', 13, 20, 13)
fake_10549.png,module_corruption,('module_corruption', 16, 2, 11)
fake_10550.png,patch_overlay,('patch_overlay', 11, 323, 96, 96)
fake_10551.png,module_corruption,('module_corruption', 26, 18, 9)
fake_10552.png,patch_overlay,('patch_overlay', 204, 350, 58, 58)
fake_10553.png,module_corruption,('module_corruption', 12, 12, 9)
fake_10554.png,patch_overlay,('patch_overlay', 237, 293, 55, 55)
fake_10555.png,patch_overlay,('patch_overlay', 95, 132, 58, 58)
fake_10556.png,module_corruption,('module_corruption', 23, 4, 14)
fake_10557.png,module_corruption,('module_corruption', 11, 7, 12)
fake_10558.png,module_corruption,('module_corruption', 28, 16, 9)
fake_10559.png,module_corruption,('module_corruption', 6, 17, 12)
fake_10560.png,module_corruption,('module_corruption', 0, 20, 12)
fake_10561.png,module_corruption,('module_corruption', 26, 20, 10)
fake_10562.png,module_corruption,('module_corruption', 1, 5, 10)
fake_10563.png,module_corruption,('module_corruption', 9, 26, 11)
fake_10564.png,patch_overlay,('patch_overlay', 185, 10, 84, 84)
fake_10565.png,module_corruption,('module_corruption', 26, 1, 10)
fake_10566.png,patch_overlay,('patch_overlay', 290, 137, 86, 86)
fake_10567.png,module_corruption,('module_corruption', 7, 2, 10)
fake_10568.png,module_corruption,('module_corruption', 17, 20, 9)
fake_10569.png,module_corruption,('module_corruption', 11, 1, 9)
fake_10570.png,module_corruption,('module_corruption', 25, 19, 10)
fake_10571.png,patch_overlay,('patch_overlay', 272, 235, 57, 57)
fake_10572.png,module_corruption,('module_corruption', 12, 21, 13)
fake_10573.png,patch_overlay,('patch_overlay', 226, 93, 65, 65)
fake_10574.png,patch_overlay,('patch_overlay', 290, 164, 93, 93)
fake_10575.png,patch_overlay,('patch_overlay', 320, 323, 56, 56)
fake_10576.png,module_corruption,('module_corruption', 5, 13, 13)
fake_10577.png,module_corruption,('module_corruption', 1, 14, 11)
fake_10578.png,patch_overlay,('patch_overlay', 283, 67, 96, 96)
fake_10579.png,module_corruption,('module_corruption', 16, 10, 11)
fake_10580.png,patch_overlay,('patch_overlay', 350, 303, 92, 92)
fake_10581.png,module_corruption,('module_corruption', 6, 16, 12)
fake_10582.png,patch_overlay,('patch_overlay', 7, 356, 77, 77)
fake_10583.png,module_corruption,('module_corruption', 2, 15, 13)
fake_10584.png,patch_overlay,('patch_overlay', 327, 129, 54, 54)
fake_10585.png,patch_overlay,('patch_overlay', 379, 308, 67, 67)
fake_10586.png,module_corruption,('module_corruption', 12, 19, 9)
fake_10587.png,patch_overlay,('patch_overlay', 216, 226, 82, 82)
fake_10588.png,module_corruption,('module_corruption', 3, 6, 9)
fake_10589.png,module_corruption,('module_corruption', 7, 3, 13)
fake_10590.png,module_corruption,('module_corruption', 1, 5, 13)
fake_10591.png,module_corruption,('module_corruption', 25, 10, 12)
fake_10592.png,patch_overlay,('patch_overlay', 10, 153, 77, 77)
fake_10593.png,patch_overlay,('patch_overlay', 285, 278, 81, 81)
fake_10594.png,module_corruption,('module_corruption', 21, 15, 12)
fake_10595.png,module_corruption,('module_corruption', 18, 3, 13)
fake_10596.png,module_corruption,('module_corruption', 8, 11, 12)
fake_10597.png,module_corruption,('module_corruption', 9, 1, 11)
fake_10598.png,patch_overlay,('patch_overlay', 173, 94, 73, 73)
fake_10599.png,module_corruption,('module_corruption', 26, 22, 9)
fake_10600.png,patch_overlay,('patch_overlay', 242, 231, 63, 63)
fake_10601.png,patch_overlay,('patch_overlay', 211, 123, 70, 70)
fake_10602.png,module_corruption,('module_corruption', 16, 5, 14)
fake_10603.png,patch_overlay,('patch_overlay', 298, 61, 93, 93)
fake_10604.png,module_corruption,('module_corruption', 24, 8, 13)
fake_10605.png,patch_overlay,('patch_overlay', 209, 111, 58, 58)
fake_10606.png,module_corruption,('module_corruption', 17, 3, 12)
fake_10607.png,patch_overlay,('patch_overlay', 213, 212, 95, 95)
fake_10608.png,patch_overlay,('patch_overlay', 370, 66, 60, 60)
fake_10609.png,module_corruption,('module_corruption', 9, 1, 11)
fake_10610.png,module_corruption,('module_corruption', 20, 23, 13)
fake_10611.png,module_corruption,('module_corruption', 16, 17, 10)
fake_10612.png,patch_overlay,('patch_overlay', 232, 76, 87, 87)
fake_10613.png,patch_overlay,('patch_overlay', 47, 70, 93, 93)
fake_10614.png,patch_overlay,('patch_overlay', 355, 262, 95, 95)
fake_10615.png,patch_overlay,('patch_overlay', 130, 20, 55, 55)
fake_10616.png,patch_overlay,('patch_overlay', 32, 73, 94, 94)
fake_10617.png,patch_overlay,('patch_overlay', 209, 135, 79, 79)
fake_10618.png,module_corruption,('module_corruption', 0, 17, 11)
fake_10619.png,module_corruption,('module_corruption', 0, 14, 10)
fake_10620.png,module_corruption,('module_corruption', 1, 6, 10)
fake_10621.png,patch_overlay,('patch_overlay', 276, 83, 93, 93)
fake_10622.png,patch_overlay,('patch_overlay', 301, 189, 54, 54)
fake_10623.png,module_corruption,('module_corruption', 2, 10, 11)
fake_10624.png,module_corruption,('module_corruption', 14, 16, 10)
fake_10625.png,module_corruption,('module_corruption', 3, 25, 12)
fake_10626.png,patch_overlay,('patch_overlay', 305, 361, 74, 74)
fake_10627.png,patch_overlay,('patch_overlay', 73, 163, 71, 71)
fake_10628.png,module_corruption,('module_corruption', 11, 2, 10)
fake_10629.png,module_corruption,('module_corruption', 2, 23, 12)
fake_10630.png,patch_overlay,('patch_overlay', 10, 27, 60, 60)
fake_10631.png,module_corruption,('module_corruption', 4, 4, 11)
fake_10632.png,patch_overlay,('patch_overlay', 288, 132, 85, 85)
fake_10633.png,module_corruption,('module_corruption', 2, 16, 12)
fake_10634.png,module_corruption,('module_corruption', 23, 21, 11)
fake_10635.png,patch_overlay,('patch_overlay', 0, 168, 78, 78)
fake_10636.png,module_corruption,('module_corruption', 0, 12, 9)
fake_10637.png,patch_overlay,('patch_overlay', 319, 72, 97, 97)
fake_10638.png,patch_overlay,('patch_overlay', 130, 335, 71, 71)
fake_10639.png,patch_overlay,('patch_overlay', 122, 181, 57, 57)
fake_10640.png,module_corruption,('module_corruption', 13, 4, 13)
fake_10641.png,patch_overlay,('patch_overlay', 59, 10, 67, 67)
fake_10642.png,patch_overlay,('patch_overlay', 310, 79, 91, 91)
fake_10643.png,module_corruption,('module_corruption', 7, 20, 13)
fake_10644.png,module_corruption,('module_corruption', 11, 19, 13)
fake_10645.png,module_corruption,('module_corruption', 27, 19, 10)
fake_10646.png,module_corruption,('module_corruption', 16, 2, 10)
fake_10647.png,patch_overlay,('patch_overlay', 330, 181, 70, 70)
fake_10648.png,module_corruption,('module_corruption', 21, 9, 12)
fake_10649.png,patch_overlay,('patch_overlay', 275, 45, 60, 60)
fake_10650.png,patch_overlay,('patch_overlay', 182, 303, 83, 83)
fake_10651.png,module_corruption,('module_corruption', 2, 14, 11)
fake_10652.png,patch_overlay,('patch_overlay', 229, 301, 61, 61)
fake_10653.png,patch_overlay,('patch_overlay', 343, 34, 92, 92)
fake_10654.png,module_corruption,('module_corruption', 12, 3, 13)
fake_10655.png,patch_overlay,('patch_overlay', 222, 104, 60, 60)
fake_10656.png,patch_overlay,('patch_overlay', 151, 227, 97, 97)
fake_10657.png,module_corruption,('module_corruption', 16, 24, 11)
fake_10658.png,patch_overlay,('patch_overlay', 199, 160, 73, 73)
fake_10659.png,module_corruption,('module_corruption', 9, 7, 9)
fake_10660.png,patch_overlay,('patch_overlay', 221, 352, 95, 95)
fake_10661.png,patch_overlay,('patch_overlay', 255, 218, 72, 72)
fake_10662.png,module_corruption,('module_corruption', 14, 4, 9)
fake_10663.png,module_corruption,('module_corruption', 25, 26, 11)
fake_10664.png,patch_overlay,('patch_overlay', 283, 345, 75, 75)
fake_10665.png,module_corruption,('module_corruption', 23, 20, 9)
fake_10666.png,module_corruption,('module_corruption', 16, 2, 12)
fake_10667.png,module_corruption,('module_corruption', 6, 19, 14)
fake_10668.png,patch_overlay,('patch_overlay', 355, 152, 90, 90)
fake_10669.png,module_corruption,('module_corruption', 24, 14, 13)
fake_10670.png,patch_overlay,('patch_overlay', 84, 101, 88, 88)
fake_10671.png,module_corruption,('module_corruption', 17, 23, 10)
fake_10672.png,module_corruption,('module_corruption', 19, 12, 14)
fake_10673.png,module_corruption,('module_corruption', 24, 9, 9)
fake_10674.png,patch_overlay,('patch_overlay', 115, 227, 96, 96)
fake_10675.png,patch_overlay,('patch_overlay', 254, 92, 86, 86)
fake_10676.png,module_corruption,('module_corruption', 7, 19, 11)
fake_10677.png,patch_overlay,('patch_overlay', 241, 177, 58, 58)
fake_10678.png,module_corruption,('module_corruption', 18, 24, 12)
fake_10679.png,patch_overlay,('patch_overlay', 336, 161, 54, 54)
fake_10680.png,patch_overlay,('patch_overlay', 161, 1, 63, 63)
fake_10681.png,patch_overlay,('patch_overlay', 359, 178, 66, 66)
fake_10682.png,module_corruption,('module_corruption', 9, 12, 12)
fake_10683.png,module_corruption,('module_corruption', 12, 18, 12)
fake_10684.png,module_corruption,('module_corruption', 7, 11, 13)
fake_10685.png,module_corruption,('module_corruption', 21, 18, 9)
fake_10686.png,module_corruption,('module_corruption', 4, 2, 10)
fake_10687.png,patch_overlay,('patch_overlay', 142, 135, 70, 70)
fake_10688.png,module_corruption,('module_corruption', 16, 12, 11)
fake_10689.png,module_corruption,('module_corruption', 8, 2, 14)
fake_10690.png,patch_overlay,('patch_overlay', 243, 58, 75, 75)
fake_10691.png,module_corruption,('module_corruption', 0, 24, 13)
fake_10692.png,patch_overlay,('patch_overlay', 212, 215, 79, 79)
fake_10693.png,patch_overlay,('patch_overlay', 109, 322, 59, 59)
fake_10694.png,module_corruption,('module_corruption', 17, 1, 13)
fake_10695.png,module_corruption,('module_corruption', 11, 5, 13)
fake_10696.png,module_corruption,('module_corruption', 22, 9, 12)
fake_10697.png,patch_overlay,('patch_overlay', 275, 220, 71, 71)
fake_10698.png,patch_overlay,('patch_overlay', 95, 54, 84, 84)
fake_10699.png,patch_overlay,('patch_overlay', 124, 71, 96, 96)
fake_10700.png,module_corruption,('module_corruption', 4, 9, 11)
fake_10701.png,module_corruption,('module_corruption', 0, 9, 13)
fake_10702.png,module_corruption,('module_corruption', 18, 14, 12)
fake_10703.png,patch_overlay,('patch_overlay', 277, 61, 89, 89)
fake_10704.png,patch_overlay,('patch_overlay', 290, 122, 78, 78)
fake_10705.png,module_corruption,('module_corruption', 1, 7, 12)
fake_10706.png,module_corruption,('module_corruption', 27, 26, 10)
fake_10707.png,module_corruption,('module_corruption', 17, 24, 12)
fake_10708.png,patch_overlay,('patch_overlay', 252, 258, 55, 55)
fake_10709.png,patch_overlay,('patch_overlay', 316, 261, 79, 79)
fake_10710.png,patch_overlay,('patch_overlay', 176, 79, 98, 98)
fake_10711.png,patch_overlay,('patch_overlay', 359, 335, 72, 72)
fake_10712.png,module_corruption,('module_corruption', 18, 3, 13)
fake_10713.png,module_corruption,('module_corruption', 17, 12, 13)
fake_10714.png,patch_overlay,('patch_overlay', 169, 339, 84, 84)
fake_10715.png,module_corruption,('module_corruption', 24, 25, 12)
fake_10716.png,module_corruption,('module_corruption', 7, 23, 13)
fake_10717.png,module_corruption,('module_corruption', 8, 14, 14)
fake_10718.png,module_corruption,('module_corruption', 15, 18, 11)
fake_10719.png,patch_overlay,('patch_overlay', 119, 303, 81, 81)
fake_10720.png,module_corruption,('module_corruption', 17, 20, 13)
fake_10721.png,patch_overlay,('patch_overlay', 229, 61, 95, 95)
fake_10722.png,patch_overlay,('patch_overlay', 225, 217, 68, 68)
fake_10723.png,module_corruption,('module_corruption', 1, 14, 14)
fake_10724.png,patch_overlay,('patch_overlay', 334, 63, 90, 90)
fake_10725.png,patch_overlay,('patch_overlay', 152, 44, 85, 85)
fake_10726.png,patch_overlay,('patch_overlay', 238, 256, 79, 79)
fake_10727.png,module_corruption,('module_corruption', 20, 4, 13)
fake_10728.png,patch_overlay,('patch_overlay', 33, 164, 79, 79)
fake_10729.png,patch_overlay,('patch_overlay', 301, 68, 79, 79)
fake_10730.png,module_corruption,('module_corruption', 26, 8, 11)
fake_10731.png,patch_overlay,('patch_overlay', 147, 329, 57, 57)
fake_10732.png,module_corruption,('module_corruption', 13, 18, 13)
fake_10733.png,patch_overlay,('patch_overlay', 227, 290, 83, 83)
fake_10734.png,module_corruption,('module_corruption', 4, 1, 13)
fake_10735.png,patch_overlay,('patch_overlay', 144, 302, 93, 93)
fake_10736.png,module_corruption,('module_corruption', 11, 3, 14)
fake_10737.png,patch_overlay,('patch_overlay', 207, 1, 65, 65)
fake_10738.png,module_corruption,('module_corruption', 19, 22, 13)
fake_10739.png,module_corruption,('module_corruption', 8, 17, 10)
fake_10740.png,patch_overlay,('patch_overlay', 219, 24, 64, 64)
fake_10741.png,module_corruption,('module_corruption', 26, 25, 10)
fake_10742.png,module_corruption,('module_corruption', 18, 6, 11)
fake_10743.png,module_corruption,('module_corruption', 13, 12, 12)
fake_10744.png,module_corruption,('module_corruption', 22, 23, 12)
fake_10745.png,module_corruption,('module_corruption', 9, 8, 14)
fake_10746.png,module_corruption,('module_corruption', 19, 14, 12)
fake_10747.png,module_corruption,('module_corruption', 8, 2, 10)
fake_10748.png,module_corruption,('module_corruption', 1, 2, 13)
fake_10749.png,module_corruption,('module_corruption', 15, 19, 11)
fake_10750.png,patch_overlay,('patch_overlay', 246, 319, 63, 63)
fake_10751.png,patch_overlay,('patch_overlay', 183, 203, 84, 84)
fake_10752.png,module_corruption,('module_corruption', 19, 21, 9)
fake_10753.png,patch_overlay,('patch_overlay', 195, 215, 79, 79)
fake_10754.png,patch_overlay,('patch_overlay', 11, 372, 61, 61)
fake_10755.png,module_corruption,('module_corruption', 13, 4, 10)
fake_10756.png,module_corruption,('module_corruption', 11, 11, 13)
fake_10757.png,patch_overlay,('patch_overlay', 142, 356, 74, 74)
fake_10758.png,patch_overlay,('patch_overlay', 24, 96, 79, 79)
fake_10759.png,module_corruption,('module_corruption', 23, 20, 10)
fake_10760.png,module_corruption,('module_corruption', 18, 13, 13)
fake_10761.png,patch_overlay,('patch_overlay', 195, 101, 82, 82)
fake_10762.png,module_corruption,('module_corruption', 19, 13, 12)
fake_10763.png,module_corruption,('module_corruption', 19, 6, 14)
fake_10764.png,patch_overlay,('patch_overlay', 270, 314, 60, 60)
fake_10765.png,module_corruption,('module_corruption', 12, 21, 9)
fake_10766.png,module_corruption,('module_corruption', 16, 0, 13)
fake_10767.png,module_corruption,('module_corruption', 4, 11, 14)
fake_10768.png,patch_overlay,('patch_overlay', 121, 345, 88, 88)
fake_10769.png,patch_overlay,('patch_overlay', 302, 354, 70, 70)
fake_10770.png,module_corruption,('module_corruption', 16, 15, 12)
fake_10771.png,patch_overlay,('patch_overlay', 273, 156, 54, 54)
fake_10772.png,patch_overlay,('patch_overlay', 200, 369, 54, 54)
fake_10773.png,module_corruption,('module_corruption', 22, 3, 11)
fake_10774.png,module_corruption,('module_corruption', 12, 4, 11)
fake_10775.png,module_corruption,('module_corruption', 2, 20, 12)
fake_10776.png,patch_overlay,('patch_overlay', 64, 290, 62, 62)
fake_10777.png,module_corruption,('module_corruption', 12, 18, 10)
fake_10778.png,module_corruption,('module_corruption', 6, 12, 11)
fake_10779.png,module_corruption,('module_corruption', 17, 4, 14)
fake_10780.png,module_corruption,('module_corruption', 18, 14, 13)
fake_10781.png,patch_overlay,('patch_overlay', 225, 174, 66, 66)
fake_10782.png,patch_overlay,('patch_overlay', 56, 74, 88, 88)
fake_10783.png,patch_overlay,('patch_overlay', 316, 175, 90, 90)
fake_10784.png,module_corruption,('module_corruption', 16, 2, 13)
fake_10785.png,patch_overlay,('patch_overlay', 273, 200, 88, 88)
fake_10786.png,patch_overlay,('patch_overlay', 295, 151, 68, 68)
fake_10787.png,module_corruption,('module_corruption', 6, 0, 14)
fake_10788.png,patch_overlay,('patch_overlay', 84, 57, 57, 57)
fake_10789.png,patch_overlay,('patch_overlay', 216, 239, 81, 81)
fake_10790.png,patch_overlay,('patch_overlay', 42, 90, 91, 91)
fake_10791.png,patch_overlay,('patch_overlay', 231, 207, 72, 72)
fake_10792.png,patch_overlay,('patch_overlay', 267, 54, 80, 80)
fake_10793.png,patch_overlay,('patch_overlay', 231, 68, 90, 90)
fake_10794.png,module_corruption,('module_corruption', 7, 5, 12)
fake_10795.png,patch_overlay,('patch_overlay', 263, 342, 87, 87)
fake_10796.png,patch_overlay,('patch_overlay', 121, 119, 64, 64)
fake_10797.png,module_corruption,('module_corruption', 7, 0, 12)
fake_10798.png,patch_overlay,('patch_overlay', 110, 111, 95, 95)
fake_10799.png,patch_overlay,('patch_overlay', 300, 108, 96, 96)
fake_10800.png,module_corruption,('module_corruption', 18, 27, 10)
fake_10801.png,module_corruption,('module_corruption', 19, 20, 10)
fake_10802.png,module_corruption,('module_corruption', 13, 10, 9)
fake_10803.png,module_corruption,('module_corruption', 0, 0, 12)
fake_10804.png,module_corruption,('module_corruption', 20, 6, 13)
fake_10805.png,module_corruption,('module_corruption', 4, 25, 10)
fake_10806.png,patch_overlay,('patch_overlay', 179, 215, 86, 86)
fake_10807.png,module_corruption,('module_corruption', 11, 3, 12)
fake_10808.png,module_corruption,('module_corruption', 11, 2, 13)
fake_10809.png,module_corruption,('module_corruption', 14, 7, 12)
fake_10810.png,patch_overlay,('patch_overlay', 111, 125, 67, 67)
fake_10811.png,patch_overlay,('patch_overlay', 324, 291, 91, 91)
fake_10812.png,module_corruption,('module_corruption', 11, 19, 13)
fake_10813.png,patch_overlay,('patch_overlay', 29, 361, 60, 60)
fake_10814.png,module_corruption,('module_corruption', 5, 3, 11)
fake_10815.png,patch_overlay,('patch_overlay', 139, 177, 55, 55)
fake_10816.png,patch_overlay,('patch_overlay', 40, 193, 98, 98)
fake_10817.png,module_corruption,('module_corruption', 16, 23, 11)
fake_10818.png,module_corruption,('module_corruption', 13, 23, 13)
fake_10819.png,module_corruption,('module_corruption', 6, 21, 11)
fake_10820.png,module_corruption,('module_corruption', 14, 25, 9)
fake_10821.png,module_corruption,('module_corruption', 8, 4, 9)
fake_10822.png,patch_overlay,('patch_overlay', 31, 350, 91, 91)
fake_10823.png,patch_overlay,('patch_overlay', 144, 11, 91, 91)
fake_10824.png,patch_overlay,('patch_overlay', 344, 295, 87, 87)
fake_10825.png,patch_overlay,('patch_overlay', 100, 328, 61, 61)
fake_10826.png,module_corruption,('module_corruption', 6, 14, 12)
fake_10827.png,module_corruption,('module_corruption', 2, 8, 12)
fake_10828.png,module_corruption,('module_corruption', 12, 17, 14)
fake_10829.png,patch_overlay,('patch_overlay', 70, 131, 83, 83)
fake_10830.png,patch_overlay,('patch_overlay', 244, 240, 68, 68)
fake_10831.png,patch_overlay,('patch_overlay', 289, 279, 67, 67)
fake_10832.png,module_corruption,('module_corruption', 18, 9, 12)
fake_10833.png,module_corruption,('module_corruption', 27, 1, 10)
fake_10834.png,patch_overlay,('patch_overlay', 302, 350, 67, 67)
fake_10835.png,module_corruption,('module_corruption', 24, 20, 13)
fake_10836.png,module_corruption,('module_corruption', 2, 0, 10)
fake_10837.png,module_corruption,('module_corruption', 2, 13, 12)
fake_10838.png,module_corruption,('module_corruption', 18, 19, 13)
fake_10839.png,module_corruption,('module_corruption', 24, 12, 11)
fake_10840.png,patch_overlay,('patch_overlay', 126, 169, 61, 61)
fake_10841.png,patch_overlay,('patch_overlay', 146, 381, 54, 54)
fake_10842.png,patch_overlay,('patch_overlay', 212, 44, 57, 57)
fake_10843.png,patch_overlay,('patch_overlay', 114, 296, 87, 87)
fake_10844.png,module_corruption,('module_corruption', 24, 27, 10)
fake_10845.png,module_corruption,('module_corruption', 20, 7, 13)
fake_10846.png,module_corruption,('module_corruption', 3, 1, 10)
fake_10847.png,patch_overlay,('patch_overlay', 212, 394, 56, 56)
fake_10848.png,patch_overlay,('patch_overlay', 213, 279, 87, 87)
fake_10849.png,module_corruption,('module_corruption', 0, 3, 10)
fake_10850.png,patch_overlay,('patch_overlay', 282, 367, 73, 73)
fake_10851.png,module_corruption,('module_corruption', 16, 12, 11)
fake_10852.png,patch_overlay,('patch_overlay', 35, 73, 84, 84)
fake_10853.png,patch_overlay,('patch_overlay', 394, 114, 56, 56)
fake_10854.png,patch_overlay,('patch_overlay', 207, 26, 56, 56)
fake_10855.png,patch_overlay,('patch_overlay', 318, 16, 64, 64)
fake_10856.png,patch_overlay,('patch_overlay', 240, 287, 82, 82)
fake_10857.png,module_corruption,('module_corruption', 17, 13, 9)
fake_10858.png,module_corruption,('module_corruption', 21, 21, 13)
fake_10859.png,module_corruption,('module_corruption', 24, 3, 9)
fake_10860.png,module_corruption,('module_corruption', 2, 18, 9)
fake_10861.png,module_corruption,('module_corruption', 7, 14, 13)
fake_10862.png,patch_overlay,('patch_overlay', 216, 173, 79, 79)
fake_10863.png,patch_overlay,('patch_overlay', 220, 111, 83, 83)
fake_10864.png,module_corruption,('module_corruption', 18, 16, 10)
fake_10865.png,patch_overlay,('patch_overlay', 22, 323, 92, 92)
fake_10866.png,patch_overlay,('patch_overlay', 278, 133, 93, 93)
fake_10867.png,module_corruption,('module_corruption', 1, 18, 13)
fake_10868.png,module_corruption,('module_corruption', 16, 2, 13)
fake_10869.png,module_corruption,('module_corruption', 10, 13, 14)
fake_10870.png,patch_overlay,('patch_overlay', 187, 131, 57, 57)
fake_10871.png,patch_overlay,('patch_overlay', 147, 372, 70, 70)
fake_10872.png,module_corruption,('module_corruption', 11, 19, 13)
fake_10873.png,patch_overlay,('patch_overlay', 315, 341, 57, 57)
fake_10874.png,module_corruption,('module_corruption', 18, 25, 10)
fake_10875.png,patch_overlay,('patch_overlay', 363, 256, 69, 69)
fake_10876.png,module_corruption,('module_corruption', 9, 18, 13)
fake_10877.png,patch_overlay,('patch_overlay', 142, 181, 56, 56)
fake_10878.png,patch_overlay,('patch_overlay', 165, 173, 64, 64)
fake_10879.png,patch_overlay,('patch_overlay', 173, 286, 57, 57)
fake_10880.png,module_corruption,('module_corruption', 5, 10, 9)
fake_10881.png,patch_overlay,('patch_overlay', 54, 236, 96, 96)
fake_10882.png,module_corruption,('module_corruption', 12, 20, 11)
fake_10883.png,module_corruption,('module_corruption', 10, 23, 14)
fake_10884.png,patch_overlay,('patch_overlay', 250, 233, 64, 64)
fake_10885.png,module_corruption,('module_corruption', 1, 25, 10)
fake_10886.png,module_corruption,('module_corruption', 7, 1, 10)
fake_10887.png,patch_overlay,('patch_overlay', 40, 40, 67, 67)
fake_10888.png,module_corruption,('module_corruption', 5, 11, 12)
fake_10889.png,module_corruption,('module_corruption', 3, 2, 13)
fake_10890.png,module_corruption,('module_corruption', 1, 11, 11)
fake_10891.png,module_corruption,('module_corruption', 23, 0, 9)
fake_10892.png,module_corruption,('module_corruption', 3, 5, 13)
fake_10893.png,module_corruption,('module_corruption', 13, 25, 10)
fake_10894.png,module_corruption,('module_corruption', 10, 6, 12)
fake_10895.png,module_corruption,('module_corruption', 22, 22, 13)
fake_10896.png,module_corruption,('module_corruption', 12, 8, 13)
fake_10897.png,patch_overlay,('patch_overlay', 261, 80, 58, 58)
fake_10898.png,patch_overlay,('patch_overlay', 33, 88, 63, 63)
fake_10899.png,patch_overlay,('patch_overlay', 26, 111, 81, 81)
fake_10900.png,patch_overlay,('patch_overlay', 207, 192, 82, 82)
fake_10901.png,patch_overlay,('patch_overlay', 24, 224, 70, 70)
fake_10902.png,module_corruption,('module_corruption', 23, 18, 13)
fake_10903.png,patch_overlay,('patch_overlay', 235, 317, 59, 59)
fake_10904.png,module_corruption,('module_corruption', 23, 16, 13)
fake_10905.png,patch_overlay,('patch_overlay', 48, 76, 62, 62)
fake_10906.png,patch_overlay,('patch_overlay', 235, 126, 89, 89)
fake_10907.png,patch_overlay,('patch_overlay', 2, 37, 55, 55)
fake_10908.png,module_corruption,('module_corruption', 9, 21, 13)
fake_10909.png,module_corruption,('module_corruption', 19, 7, 13)
fake_10910.png,patch_overlay,('patch_overlay', 157, 195, 89, 89)
fake_10911.png,module_corruption,('module_corruption', 8, 20, 9)
fake_10912.png,module_corruption,('module_corruption', 19, 23, 9)
fake_10913.png,module_corruption,('module_corruption', 8, 8, 14)
fake_10914.png,module_corruption,('module_corruption', 21, 14, 12)
fake_10915.png,patch_overlay,('patch_overlay', 305, 286, 80, 80)
fake_10916.png,module_corruption,('module_corruption', 8, 15, 9)
fake_10917.png,module_corruption,('module_corruption', 26, 26, 11)
fake_10918.png,module_corruption,('module_corruption', 1, 18, 10)
fake_10919.png,module_corruption,('module_corruption', 13, 1, 10)
fake_10920.png,module_corruption,('module_corruption', 24, 1, 13)
fake_10921.png,module_corruption,('module_corruption', 9, 3, 12)
fake_10922.png,module_corruption,('module_corruption', 15, 10, 9)
fake_10923.png,module_corruption,('module_corruption', 14, 6, 9)
fake_10924.png,module_corruption,('module_corruption', 5, 11, 13)
fake_10925.png,patch_overlay,('patch_overlay', 53, 106, 76, 76)
fake_10926.png,patch_overlay,('patch_overlay', 300, 83, 58, 58)
fake_10927.png,patch_overlay,('patch_overlay', 88, 217, 70, 70)
fake_10928.png,patch_overlay,('patch_overlay', 326, 50, 91, 91)
fake_10929.png,module_corruption,('module_corruption', 5, 14, 12)
fake_10930.png,module_corruption,('module_corruption', 18, 19, 10)
fake_10931.png,patch_overlay,('patch_overlay', 233, 270, 87, 87)
fake_10932.png,patch_overlay,('patch_overlay', 137, 191, 64, 64)
fake_10933.png,module_corruption,('module_corruption', 13, 15, 13)
fake_10934.png,module_corruption,('module_corruption', 26, 17, 9)
fake_10935.png,patch_overlay,('patch_overlay', 7, 273, 89, 89)
fake_10936.png,module_corruption,('module_corruption', 0, 15, 13)
fake_10937.png,patch_overlay,('patch_overlay', 325, 267, 64, 64)
fake_10938.png,patch_overlay,('patch_overlay', 47, 21, 71, 71)
fake_10939.png,patch_overlay,('patch_overlay', 55, 69, 97, 97)
fake_10940.png,module_corruption,('module_corruption', 15, 4, 11)
fake_10941.png,module_corruption,('module_corruption', 5, 8, 13)
fake_10942.png,patch_overlay,('patch_overlay', 322, 285, 86, 86)
fake_10943.png,patch_overlay,('patch_overlay', 101, 257, 69, 69)
fake_10944.png,module_corruption,('module_corruption', 4, 4, 11)
fake_10945.png,patch_overlay,('patch_overlay', 127, 155, 82, 82)
fake_10946.png,module_corruption,('module_corruption', 14, 9, 13)
fake_10947.png,patch_overlay,('patch_overlay', 68, 277, 93, 93)
fake_10948.png,module_corruption,('module_corruption', 19, 10, 10)
fake_10949.png,patch_overlay,('patch_overlay', 349, 236, 81, 81)
fake_10950.png,module_corruption,('module_corruption', 21, 8, 12)
fake_10951.png,module_corruption,('module_corruption', 18, 2, 13)
fake_10952.png,patch_overlay,('patch_overlay', 138, 294, 98, 98)
fake_10953.png,module_corruption,('module_corruption', 5, 23, 12)
fake_10954.png,patch_overlay,('patch_overlay', 265, 264, 85, 85)
fake_10955.png,module_corruption,('module_corruption', 4, 15, 13)
fake_10956.png,module_corruption,('module_corruption', 18, 18, 12)
fake_10957.png,module_corruption,('module_corruption', 3, 20, 10)
fake_10958.png,patch_overlay,('patch_overlay', 181, 356, 76, 76)
fake_10959.png,module_corruption,('module_corruption', 15, 2, 11)
fake_10960.png,patch_overlay,('patch_overlay', 98, 168, 92, 92)
fake_10961.png,module_corruption,('module_corruption', 12, 14, 13)
fake_10962.png,module_corruption,('module_corruption', 9, 23, 12)
fake_10963.png,module_corruption,('module_corruption', 6, 26, 10)
fake_10964.png,module_corruption,('module_corruption', 1, 14, 11)
fake_10965.png,patch_overlay,('patch_overlay', 336, 175, 55, 55)
fake_10966.png,module_corruption,('module_corruption', 8, 18, 11)
fake_10967.png,module_corruption,('module_corruption', 27, 13, 9)
fake_10968.png,patch_overlay,('patch_overlay', 154, 370, 75, 75)
fake_10969.png,module_corruption,('module_corruption', 15, 16, 14)
fake_10970.png,module_corruption,('module_corruption', 23, 5, 12)
fake_10971.png,module_corruption,('module_corruption', 3, 0, 12)
fake_10972.png,patch_overlay,('patch_overlay', 382, 94, 64, 64)
fake_10973.png,module_corruption,('module_corruption', 9, 11, 10)
fake_10974.png,module_corruption,('module_corruption', 24, 16, 9)
fake_10975.png,patch_overlay,('patch_overlay', 349, 112, 58, 58)
fake_10976.png,patch_overlay,('patch_overlay', 241, 214, 64, 64)
fake_10977.png,module_corruption,('module_corruption', 9, 17, 13)
fake_10978.png,module_corruption,('module_corruption', 13, 14, 12)
fake_10979.png,patch_overlay,('patch_overlay', 46, 3, 89, 89)
fake_10980.png,module_corruption,('module_corruption', 21, 23, 12)
fake_10981.png,module_corruption,('module_corruption', 3, 9, 12)
fake_10982.png,patch_overlay,('patch_overlay', 355, 88, 81, 81)
fake_10983.png,patch_overlay,('patch_overlay', 28, 244, 83, 83)
fake_10984.png,patch_overlay,('patch_overlay', 129, 7, 64, 64)
fake_10985.png,patch_overlay,('patch_overlay', 172, 250, 81, 81)
fake_10986.png,patch_overlay,('patch_overlay', 334, 102, 95, 95)
fake_10987.png,patch_overlay,('patch_overlay', 256, 88, 91, 91)
fake_10988.png,patch_overlay,('patch_overlay', 271, 46, 63, 63)
fake_10989.png,module_corruption,('module_corruption', 26, 11, 9)
fake_10990.png,module_corruption,('module_corruption', 21, 14, 13)
fake_10991.png,patch_overlay,('patch_overlay', 121, 72, 58, 58)
fake_10992.png,patch_overlay,('patch_overlay', 78, 25, 91, 91)
fake_10993.png,patch_overlay,('patch_overlay', 311, 238, 86, 86)
fake_10994.png,module_corruption,('module_corruption', 17, 18, 13)
fake_10995.png,module_corruption,('module_corruption', 25, 23, 9)
fake_10996.png,module_corruption,('module_corruption', 4, 20, 10)
fake_10997.png,module_corruption,('module_corruption', 20, 21, 14)
fake_10998.png,module_corruption,('module_corruption', 21, 3, 9)
fake_10999.png,patch_overlay,('patch_overlay', 264, 85, 54, 54)
fake_11000.png,patch_overlay,('patch_overlay', 104, 216, 60, 60)
fake_11001.png,patch_overlay,('patch_overlay', 285, 117, 98, 98)
fake_11002.png,module_corruption,('module_corruption', 28, 17, 9)
fake_11003.png,patch_overlay,('patch_overlay', 279, 265, 86, 86)
fake_11004.png,module_corruption,('module_corruption', 1, 22, 12)
fake_11005.png,module_corruption,('module_corruption', 3, 4, 11)
fake_11006.png,module_corruption,('module_corruption', 19, 3, 10)
fake_11007.png,module_corruption,('module_corruption', 0, 23, 12)
fake_11008.png,module_corruption,('module_corruption', 23, 7, 12)
fake_11009.png,patch_overlay,('patch_overlay', 66, 114, 69, 69)
fake_11010.png,module_corruption,('module_corruption', 24, 10, 12)
fake_11011.png,module_corruption,('module_corruption', 16, 7, 9)
fake_11012.png,patch_overlay,('patch_overlay', 111, 191, 65, 65)
fake_11013.png,patch_overlay,('patch_overlay', 70, 132, 72, 72)
fake_11014.png,patch_overlay,('patch_overlay', 91, 230, 58, 58)
fake_11015.png,patch_overlay,('patch_overlay', 201, 148, 60, 60)
fake_11016.png,patch_overlay,('patch_overlay', 161, 45, 83, 83)
fake_11017.png,module_corruption,('module_corruption', 15, 14, 12)
fake_11018.png,module_corruption,('module_corruption', 18, 5, 13)
fake_11019.png,module_corruption,('module_corruption', 3, 23, 13)
fake_11020.png,module_corruption,('module_corruption', 3, 2, 10)
fake_11021.png,module_corruption,('module_corruption', 19, 23, 12)
fake_11022.png,patch_overlay,('patch_overlay', 142, 22, 58, 58)
fake_11023.png,patch_overlay,('patch_overlay', 51, 60, 86, 86)
fake_11024.png,patch_overlay,('patch_overlay', 115, 34, 88, 88)
fake_11025.png,module_corruption,('module_corruption', 6, 22, 13)
fake_11026.png,module_corruption,('module_corruption', 19, 4, 10)
fake_11027.png,module_corruption,('module_corruption', 23, 13, 10)
fake_11028.png,patch_overlay,('patch_overlay', 45, 373, 69, 69)
fake_11029.png,module_corruption,('module_corruption', 7, 25, 11)
fake_11030.png,module_corruption,('module_corruption', 17, 16, 9)
fake_11031.png,patch_overlay,('patch_overlay', 303, 81, 94, 94)
fake_11032.png,patch_overlay,('patch_overlay', 213, 61, 89, 89)
fake_11033.png,patch_overlay,('patch_overlay', 154, 98, 83, 83)
fake_11034.png,module_corruption,('module_corruption', 19, 15, 13)
fake_11035.png,module_corruption,('module_corruption', 19, 26, 11)
fake_11036.png,patch_overlay,('patch_overlay', 126, 356, 83, 83)
fake_11037.png,patch_overlay,('patch_overlay', 356, 76, 81, 81)
fake_11038.png,patch_overlay,('patch_overlay', 355, 63, 94, 94)
fake_11039.png,patch_overlay,('patch_overlay', 57, 40, 69, 69)
fake_11040.png,patch_overlay,('patch_overlay', 193, 326, 93, 93)
fake_11041.png,module_corruption,('module_corruption', 15, 19, 13)
fake_11042.png,patch_overlay,('patch_overlay', 284, 221, 75, 75)
fake_11043.png,module_corruption,('module_corruption', 19, 10, 10)
fake_11044.png,patch_overlay,('patch_overlay', 274, 119, 69, 69)
fake_11045.png,patch_overlay,('patch_overlay', 356, 121, 54, 54)
fake_11046.png,patch_overlay,('patch_overlay', 110, 227, 78, 78)
fake_11047.png,patch_overlay,('patch_overlay', 1, 344, 75, 75)
fake_11048.png,patch_overlay,('patch_overlay', 206, 116, 55, 55)
fake_11049.png,module_corruption,('module_corruption', 16, 5, 12)
fake_11050.png,module_corruption,('module_corruption', 16, 3, 13)
fake_11051.png,patch_overlay,('patch_overlay', 280, 275, 82, 82)
fake_11052.png,module_corruption,('module_corruption', 12, 5, 12)
fake_11053.png,patch_overlay,('patch_overlay', 238, 62, 75, 75)
fake_11054.png,patch_overlay,('patch_overlay', 321, 14, 89, 89)
fake_11055.png,patch_overlay,('patch_overlay', 204, 317, 91, 91)
fake_11056.png,module_corruption,('module_corruption', 22, 13, 12)
fake_11057.png,patch_overlay,('patch_overlay', 269, 201, 58, 58)
fake_11058.png,patch_overlay,('patch_overlay', 275, 122, 69, 69)
fake_11059.png,module_corruption,('module_corruption', 23, 21, 12)
fake_11060.png,patch_overlay,('patch_overlay', 180, 297, 57, 57)
fake_11061.png,module_corruption,('module_corruption', 1, 14, 12)
fake_11062.png,module_corruption,('module_corruption', 12, 24, 11)
fake_11063.png,module_corruption,('module_corruption', 11, 17, 13)
fake_11064.png,patch_overlay,('patch_overlay', 355, 172, 78, 78)
fake_11065.png,module_corruption,('module_corruption', 9, 18, 9)
fake_11066.png,patch_overlay,('patch_overlay', 185, 258, 89, 89)
fake_11067.png,patch_overlay,('patch_overlay', 208, 329, 96, 96)
fake_11068.png,patch_overlay,('patch_overlay', 246, 174, 65, 65)
fake_11069.png,patch_overlay,('patch_overlay', 316, 188, 73, 73)
fake_11070.png,patch_overlay,('patch_overlay', 298, 61, 75, 75)
fake_11071.png,patch_overlay,('patch_overlay', 49, 183, 93, 93)
fake_11072.png,module_corruption,('module_corruption', 11, 2, 10)
fake_11073.png,patch_overlay,('patch_overlay', 271, 293, 87, 87)
fake_11074.png,patch_overlay,('patch_overlay', 258, 205, 56, 56)
fake_11075.png,module_corruption,('module_corruption', 12, 5, 10)
fake_11076.png,module_corruption,('module_corruption', 24, 25, 12)
fake_11077.png,patch_overlay,('patch_overlay', 49, 237, 95, 95)
fake_11078.png,patch_overlay,('patch_overlay', 182, 185, 86, 86)
fake_11079.png,module_corruption,('module_corruption', 6, 15, 11)
fake_11080.png,patch_overlay,('patch_overlay', 80, 148, 59, 59)
fake_11081.png,patch_overlay,('patch_overlay', 197, 142, 84, 84)
fake_11082.png,module_corruption,('module_corruption', 4, 15, 12)
fake_11083.png,patch_overlay,('patch_overlay', 22, 246, 65, 65)
fake_11084.png,module_corruption,('module_corruption', 12, 17, 13)
fake_11085.png,patch_overlay,('patch_overlay', 246, 109, 55, 55)
fake_11086.png,module_corruption,('module_corruption', 7, 2, 9)
fake_11087.png,patch_overlay,('patch_overlay', 152, 27, 83, 83)
fake_11088.png,module_corruption,('module_corruption', 22, 25, 11)
fake_11089.png,module_corruption,('module_corruption', 10, 3, 10)
fake_11090.png,module_corruption,('module_corruption', 9, 10, 11)
fake_11091.png,patch_overlay,('patch_overlay', 343, 345, 93, 93)
fake_11092.png,patch_overlay,('patch_overlay', 326, 231, 70, 70)
fake_11093.png,patch_overlay,('patch_overlay', 208, 322, 56, 56)
fake_11094.png,patch_overlay,('patch_overlay', 63, 163, 79, 79)
fake_11095.png,module_corruption,('module_corruption', 18, 1, 11)
fake_11096.png,module_corruption,('module_corruption', 15, 23, 11)
fake_11097.png,module_corruption,('module_corruption', 3, 12, 13)
fake_11098.png,patch_overlay,('patch_overlay', 197, 52, 74, 74)
fake_11099.png,module_corruption,('module_corruption', 21, 15, 13)
fake_11100.png,module_corruption,('module_corruption', 25, 8, 12)
fake_11101.png,patch_overlay,('patch_overlay', 304, 310, 90, 90)
fake_11102.png,patch_overlay,('patch_overlay', 368, 279, 76, 76)
fake_11103.png,module_corruption,('module_corruption', 12, 21, 11)
fake_11104.png,patch_overlay,('patch_overlay', 348, 350, 74, 74)
fake_11105.png,module_corruption,('module_corruption', 7, 22, 14)
fake_11106.png,patch_overlay,('patch_overlay', 48, 115, 78, 78)
fake_11107.png,patch_overlay,('patch_overlay', 298, 338, 66, 66)
fake_11108.png,module_corruption,('module_corruption', 7, 11, 11)
fake_11109.png,patch_overlay,('patch_overlay', 271, 158, 75, 75)
fake_11110.png,patch_overlay,('patch_overlay', 232, 63, 65, 65)
fake_11111.png,patch_overlay,('patch_overlay', 333, 58, 94, 94)
fake_11112.png,patch_overlay,('patch_overlay', 26, 263, 58, 58)
fake_11113.png,patch_overlay,('patch_overlay', 144, 302, 89, 89)
fake_11114.png,module_corruption,('module_corruption', 21, 6, 13)
fake_11115.png,module_corruption,('module_corruption', 11, 1, 10)
fake_11116.png,module_corruption,('module_corruption', 24, 26, 10)
fake_11117.png,patch_overlay,('patch_overlay', 138, 4, 70, 70)
fake_11118.png,patch_overlay,('patch_overlay', 305, 313, 90, 90)
fake_11119.png,module_corruption,('module_corruption', 10, 26, 11)
fake_11120.png,patch_overlay,('patch_overlay', 142, 3, 91, 91)
fake_11121.png,patch_overlay,('patch_overlay', 137, 50, 92, 92)
fake_11122.png,patch_overlay,('patch_overlay', 246, 39, 77, 77)
fake_11123.png,patch_overlay,('patch_overlay', 154, 197, 64, 64)
fake_11124.png,patch_overlay,('patch_overlay', 378, 341, 61, 61)
fake_11125.png,patch_overlay,('patch_overlay', 153, 229, 71, 71)
fake_11126.png,module_corruption,('module_corruption', 23, 1, 12)
fake_11127.png,module_corruption,('module_corruption', 24, 24, 13)
fake_11128.png,module_corruption,('module_corruption', 11, 0, 11)
fake_11129.png,patch_overlay,('patch_overlay', 8, 353, 62, 62)
fake_11130.png,module_corruption,('module_corruption', 8, 10, 13)
fake_11131.png,module_corruption,('module_corruption', 8, 3, 11)
fake_11132.png,module_corruption,('module_corruption', 21, 19, 14)
fake_11133.png,module_corruption,('module_corruption', 16, 20, 12)
fake_11134.png,patch_overlay,('patch_overlay', 322, 160, 91, 91)
fake_11135.png,module_corruption,('module_corruption', 28, 16, 9)
fake_11136.png,patch_overlay,('patch_overlay', 291, 346, 95, 95)
fake_11137.png,module_corruption,('module_corruption', 3, 1, 13)
fake_11138.png,patch_overlay,('patch_overlay', 158, 2, 97, 97)
fake_11139.png,module_corruption,('module_corruption', 3, 26, 10)
fake_11140.png,patch_overlay,('patch_overlay', 269, 186, 84, 84)
fake_11141.png,module_corruption,('module_corruption', 3, 5, 12)
fake_11142.png,module_corruption,('module_corruption', 3, 14, 10)
fake_11143.png,patch_overlay,('patch_overlay', 215, 352, 74, 74)
fake_11144.png,module_corruption,('module_corruption', 19, 9, 9)
fake_11145.png,module_corruption,('module_corruption', 9, 14, 9)
fake_11146.png,patch_overlay,('patch_overlay', 345, 140, 59, 59)
fake_11147.png,module_corruption,('module_corruption', 14, 4, 10)
fake_11148.png,module_corruption,('module_corruption', 18, 15, 10)
fake_11149.png,module_corruption,('module_corruption', 21, 0, 13)
fake_11150.png,patch_overlay,('patch_overlay', 326, 213, 89, 89)
fake_11151.png,module_corruption,('module_corruption', 6, 20, 14)
fake_11152.png,module_corruption,('module_corruption', 8, 18, 14)
fake_11153.png,patch_overlay,('patch_overlay', 40, 213, 89, 89)
fake_11154.png,module_corruption,('module_corruption', 24, 4, 12)
fake_11155.png,module_corruption,('module_corruption', 25, 6, 12)
fake_11156.png,patch_overlay,('patch_overlay', 71, 49, 55, 55)
fake_11157.png,patch_overlay,('patch_overlay', 40, 184, 70, 70)
fake_11158.png,patch_overlay,('patch_overlay', 90, 299, 91, 91)
fake_11159.png,patch_overlay,('patch_overlay', 314, 177, 54, 54)
fake_11160.png,module_corruption,('module_corruption', 1, 1, 14)
fake_11161.png,module_corruption,('module_corruption', 5, 1, 13)
fake_11162.png,module_corruption,('module_corruption', 7, 4, 13)
fake_11163.png,module_corruption,('module_corruption', 2, 9, 11)
fake_11164.png,patch_overlay,('patch_overlay', 105, 64, 93, 93)
fake_11165.png,patch_overlay,('patch_overlay', 11, 197, 98, 98)
fake_11166.png,module_corruption,('module_corruption', 21, 8, 10)
fake_11167.png,patch_overlay,('patch_overlay', 129, 142, 75, 75)
fake_11168.png,patch_overlay,('patch_overlay', 287, 141, 94, 94)
fake_11169.png,patch_overlay,('patch_overlay', 371, 34, 72, 72)
fake_11170.png,patch_overlay,('patch_overlay', 259, 359, 87, 87)
fake_11171.png,patch_overlay,('patch_overlay', 314, 241, 78, 78)
fake_11172.png,module_corruption,('module_corruption', 15, 21, 13)
fake_11173.png,patch_overlay,('patch_overlay', 140, 371, 60, 60)
fake_11174.png,patch_overlay,('patch_overlay', 136, 318, 74, 74)
fake_11175.png,patch_overlay,('patch_overlay', 262, 235, 61, 61)
fake_11176.png,patch_overlay,('patch_overlay', 45, 56, 82, 82)
fake_11177.png,module_corruption,('module_corruption', 8, 18, 10)
fake_11178.png,patch_overlay,('patch_overlay', 265, 99, 63, 63)
fake_11179.png,patch_overlay,('patch_overlay', 257, 68, 98, 98)
fake_11180.png,module_corruption,('module_corruption', 7, 19, 12)
fake_11181.png,module_corruption,('module_corruption', 20, 22, 13)
fake_11182.png,module_corruption,('module_corruption', 4, 3, 12)
fake_11183.png,patch_overlay,('patch_overlay', 99, 25, 93, 93)
fake_11184.png,patch_overlay,('patch_overlay', 323, 229, 68, 68)
fake_11185.png,module_corruption,('module_corruption', 22, 17, 13)
fake_11186.png,patch_overlay,('patch_overlay', 240, 140, 84, 84)
fake_11187.png,patch_overlay,('patch_overlay', 291, 84, 96, 96)
fake_11188.png,patch_overlay,('patch_overlay', 340, 344, 95, 95)
fake_11189.png,module_corruption,('module_corruption', 12, 15, 11)
fake_11190.png,patch_overlay,('patch_overlay', 213, 390, 55, 55)
fake_11191.png,patch_overlay,('patch_overlay', 267, 321, 97, 97)
fake_11192.png,patch_overlay,('patch_overlay', 42, 32, 60, 60)
fake_11193.png,module_corruption,('module_corruption', 18, 3, 11)
fake_11194.png,patch_overlay,('patch_overlay', 95, 243, 93, 93)
fake_11195.png,patch_overlay,('patch_overlay', 167, 311, 55, 55)
fake_11196.png,module_corruption,('module_corruption', 17, 5, 12)
fake_11197.png,patch_overlay,('patch_overlay', 205, 260, 78, 78)
fake_11198.png,patch_overlay,('patch_overlay', 120, 182, 60, 60)
fake_11199.png,module_corruption,('module_corruption', 6, 21, 9)
fake_11200.png,module_corruption,('module_corruption', 15, 17, 12)
fake_11201.png,patch_overlay,('patch_overlay', 150, 47, 85, 85)
fake_11202.png,module_corruption,('module_corruption', 22, 14, 12)
fake_11203.png,module_corruption,('module_corruption', 23, 21, 14)
fake_11204.png,patch_overlay,('patch_overlay', 235, 278, 74, 74)
fake_11205.png,patch_overlay,('patch_overlay', 126, 99, 75, 75)
fake_11206.png,patch_overlay,('patch_overlay', 357, 24, 58, 58)
fake_11207.png,module_corruption,('module_corruption', 22, 11, 11)
fake_11208.png,module_corruption,('module_corruption', 13, 21, 9)
fake_11209.png,patch_overlay,('patch_overlay', 170, 99, 79, 79)
fake_11210.png,patch_overlay,('patch_overlay', 325, 60, 89, 89)
fake_11211.png,module_corruption,('module_corruption', 5, 26, 11)
fake_11212.png,module_corruption,('module_corruption', 4, 23, 11)
fake_11213.png,patch_overlay,('patch_overlay', 92, 42, 63, 63)
fake_11214.png,module_corruption,('module_corruption', 12, 6, 11)
fake_11215.png,module_corruption,('module_corruption', 7, 27, 10)
fake_11216.png,module_corruption,('module_corruption', 1, 10, 13)
fake_11217.png,module_corruption,('module_corruption', 19, 2, 13)
fake_11218.png,module_corruption,('module_corruption', 1, 28, 9)
fake_11219.png,module_corruption,('module_corruption', 3, 0, 11)
fake_11220.png,module_corruption,('module_corruption', 11, 12, 13)
fake_11221.png,patch_overlay,('patch_overlay', 358, 328, 69, 69)
fake_11222.png,patch_overlay,('patch_overlay', 144, 321, 81, 81)
fake_11223.png,module_corruption,('module_corruption', 22, 3, 13)
fake_11224.png,module_corruption,('module_corruption', 5, 10, 10)
fake_11225.png,patch_overlay,('patch_overlay', 48, 77, 80, 80)
fake_11226.png,module_corruption,('module_corruption', 16, 20, 13)
fake_11227.png,module_corruption,('module_corruption', 10, 3, 11)
fake_11228.png,patch_overlay,('patch_overlay', 349, 224, 95, 95)
fake_11229.png,module_corruption,('module_corruption', 13, 23, 13)
fake_11230.png,module_corruption,('module_corruption', 13, 3, 13)
fake_11231.png,patch_overlay,('patch_overlay', 64, 292, 82, 82)
fake_11232.png,patch_overlay,('patch_overlay', 360, 67, 89, 89)
fake_11233.png,patch_overlay,('patch_overlay', 213, 5, 64, 64)
fake_11234.png,module_corruption,('module_corruption', 9, 4, 10)
fake_11235.png,patch_overlay,('patch_overlay', 203, 80, 86, 86)
fake_11236.png,module_corruption,('module_corruption', 0, 24, 13)
fake_11237.png,module_corruption,('module_corruption', 2, 3, 11)
fake_11238.png,module_corruption,('module_corruption', 2, 23, 13)
fake_11239.png,patch_overlay,('patch_overlay', 184, 220, 87, 87)
fake_11240.png,patch_overlay,('patch_overlay', 174, 103, 65, 65)
fake_11241.png,patch_overlay,('patch_overlay', 256, 92, 54, 54)
fake_11242.png,module_corruption,('module_corruption', 26, 14, 10)
fake_11243.png,module_corruption,('module_corruption', 0, 11, 10)
fake_11244.png,patch_overlay,('patch_overlay', 268, 227, 58, 58)
fake_11245.png,module_corruption,('module_corruption', 16, 5, 10)
fake_11246.png,patch_overlay,('patch_overlay', 87, 9, 83, 83)
fake_11247.png,patch_overlay,('patch_overlay', 135, 92, 59, 59)
fake_11248.png,module_corruption,('module_corruption', 15, 12, 12)
fake_11249.png,patch_overlay,('patch_overlay', 10, 84, 71, 71)
fake_11250.png,patch_overlay,('patch_overlay', 163, 247, 66, 66)
fake_11251.png,patch_overlay,('patch_overlay', 214, 97, 71, 71)
fake_11252.png,module_corruption,('module_corruption', 9, 15, 12)
fake_11253.png,module_corruption,('module_corruption', 5, 25, 11)
fake_11254.png,patch_overlay,('patch_overlay', 136, 320, 70, 70)
fake_11255.png,module_corruption,('module_corruption', 26, 8, 11)
fake_11256.png,patch_overlay,('patch_overlay', 318, 392, 58, 58)
fake_11257.png,module_corruption,('module_corruption', 11, 18, 9)
fake_11258.png,module_corruption,('module_corruption', 1, 13, 11)
fake_11259.png,patch_overlay,('patch_overlay', 334, 176, 68, 68)
fake_11260.png,patch_overlay,('patch_overlay', 81, 201, 61, 61)
fake_11261.png,patch_overlay,('patch_overlay', 163, 199, 79, 79)
fake_11262.png,patch_overlay,('patch_overlay', 131, 233, 69, 69)
fake_11263.png,patch_overlay,('patch_overlay', 119, 49, 55, 55)
fake_11264.png,module_corruption,('module_corruption', 13, 7, 13)
fake_11265.png,patch_overlay,('patch_overlay', 16, 145, 95, 95)
fake_11266.png,patch_overlay,('patch_overlay', 174, 26, 62, 62)
fake_11267.png,module_corruption,('module_corruption', 14, 23, 14)
fake_11268.png,patch_overlay,('patch_overlay', 66, 149, 69, 69)
fake_11269.png,patch_overlay,('patch_overlay', 157, 15, 92, 92)
fake_11270.png,module_corruption,('module_corruption', 23, 13, 13)
fake_11271.png,module_corruption,('module_corruption', 23, 14, 11)
fake_11272.png,module_corruption,('module_corruption', 4, 3, 11)
fake_11273.png,module_corruption,('module_corruption', 22, 19, 10)
fake_11274.png,module_corruption,('module_corruption', 16, 19, 12)
fake_11275.png,patch_overlay,('patch_overlay', 290, 302, 67, 67)
fake_11276.png,module_corruption,('module_corruption', 21, 17, 11)
fake_11277.png,module_corruption,('module_corruption', 1, 2, 12)
fake_11278.png,module_corruption,('module_corruption', 0, 13, 11)
fake_11279.png,module_corruption,('module_corruption', 20, 18, 13)
fake_11280.png,patch_overlay,('patch_overlay', 309, 61, 76, 76)
fake_11281.png,module_corruption,('module_corruption', 16, 5, 12)
fake_11282.png,module_corruption,('module_corruption', 1, 6, 9)
fake_11283.png,patch_overlay,('patch_overlay', 81, 69, 85, 85)
fake_11284.png,module_corruption,('module_corruption', 23, 13, 10)
fake_11285.png,patch_overlay,('patch_overlay', 136, 59, 55, 55)
fake_11286.png,module_corruption,('module_corruption', 14, 14, 14)
fake_11287.png,module_corruption,('module_corruption', 19, 0, 13)
fake_11288.png,module_corruption,('module_corruption', 2, 19, 11)
fake_11289.png,module_corruption,('module_corruption', 15, 23, 10)
fake_11290.png,module_corruption,('module_corruption', 8, 6, 13)
fake_11291.png,patch_overlay,('patch_overlay', 358, 172, 84, 84)
fake_11292.png,patch_overlay,('patch_overlay', 223, 133, 82, 82)
fake_11293.png,module_corruption,('module_corruption', 20, 20, 11)
fake_11294.png,module_corruption,('module_corruption', 16, 3, 11)
fake_11295.png,module_corruption,('module_corruption', 20, 5, 12)
fake_11296.png,module_corruption,('module_corruption', 28, 19, 9)
fake_11297.png,patch_overlay,('patch_overlay', 395, 212, 55, 55)
fake_11298.png,patch_overlay,('patch_overlay', 148, 292, 95, 95)
fake_11299.png,patch_overlay,('patch_overlay', 206, 230, 64, 64)
fake_11300.png,module_corruption,('module_corruption', 22, 10, 13)
fake_11301.png,module_corruption,('module_corruption', 20, 26, 10)
fake_11302.png,patch_overlay,('patch_overlay', 200, 80, 90, 90)
fake_11303.png,module_corruption,('module_corruption', 8, 0, 11)
fake_11304.png,module_corruption,('module_corruption', 6, 19, 13)
fake_11305.png,patch_overlay,('patch_overlay', 240, 344, 72, 72)
fake_11306.png,patch_overlay,('patch_overlay', 239, 330, 59, 59)
fake_11307.png,patch_overlay,('patch_overlay', 310, 278, 86, 86)
fake_11308.png,module_corruption,('module_corruption', 7, 16, 10)
fake_11309.png,module_corruption,('module_corruption', 19, 7, 13)
fake_11310.png,module_corruption,('module_corruption', 25, 19, 9)
fake_11311.png,module_corruption,('module_corruption', 0, 5, 9)
fake_11312.png,module_corruption,('module_corruption', 3, 26, 9)
fake_11313.png,patch_overlay,('patch_overlay', 241, 384, 54, 54)
fake_11314.png,patch_overlay,('patch_overlay', 357, 245, 88, 88)
fake_11315.png,patch_overlay,('patch_overlay', 350, 369, 65, 65)
fake_11316.png,patch_overlay,('patch_overlay', 192, 59, 73, 73)
fake_11317.png,module_corruption,('module_corruption', 15, 8, 11)
fake_11318.png,patch_overlay,('patch_overlay', 215, 180, 92, 92)
fake_11319.png,module_corruption,('module_corruption', 6, 7, 13)
fake_11320.png,patch_overlay,('patch_overlay', 115, 116, 84, 84)
fake_11321.png,patch_overlay,('patch_overlay', 11, 323, 89, 89)
fake_11322.png,module_corruption,('module_corruption', 18, 23, 13)
fake_11323.png,module_corruption,('module_corruption', 3, 14, 14)
fake_11324.png,patch_overlay,('patch_overlay', 329, 16, 80, 80)
fake_11325.png,module_corruption,('module_corruption', 9, 21, 12)
fake_11326.png,patch_overlay,('patch_overlay', 15, 339, 81, 81)
fake_11327.png,patch_overlay,('patch_overlay', 227, 45, 59, 59)
fake_11328.png,module_corruption,('module_corruption', 16, 11, 13)
fake_11329.png,patch_overlay,('patch_overlay', 237, 233, 83, 83)
fake_11330.png,module_corruption,('module_corruption', 22, 5, 9)
fake_11331.png,patch_overlay,('patch_overlay', 107, 297, 57, 57)
fake_11332.png,module_corruption,('module_corruption', 14, 2, 13)
fake_11333.png,patch_overlay,('patch_overlay', 313, 356, 84, 84)
fake_11334.png,patch_overlay,('patch_overlay', 191, 235, 74, 74)
fake_11335.png,patch_overlay,('patch_overlay', 91, 56, 91, 91)
fake_11336.png,module_corruption,('module_corruption', 9, 7, 11)
fake_11337.png,module_corruption,('module_corruption', 12, 23, 13)
fake_11338.png,patch_overlay,('patch_overlay', 277, 257, 69, 69)
fake_11339.png,patch_overlay,('patch_overlay', 73, 22, 87, 87)
fake_11340.png,module_corruption,('module_corruption', 8, 21, 13)
fake_11341.png,patch_overlay,('patch_overlay', 81, 325, 54, 54)
fake_11342.png,module_corruption,('module_corruption', 19, 0, 10)
fake_11343.png,patch_overlay,('patch_overlay', 373, 69, 54, 54)
fake_11344.png,module_corruption,('module_corruption', 5, 17, 11)
fake_11345.png,patch_overlay,('patch_overlay', 161, 369, 81, 81)
fake_11346.png,patch_overlay,('patch_overlay', 198, 59, 93, 93)
fake_11347.png,patch_overlay,('patch_overlay', 326, 217, 93, 93)
fake_11348.png,patch_overlay,('patch_overlay', 44, 132, 84, 84)
fake_11349.png,patch_overlay,('patch_overlay', 152, 81, 92, 92)
fake_11350.png,patch_overlay,('patch_overlay', 11, 71, 87, 87)
fake_11351.png,module_corruption,('module_corruption', 2, 19, 12)
fake_11352.png,module_corruption,('module_corruption', 15, 19, 11)
fake_11353.png,patch_overlay,('patch_overlay', 38, 334, 57, 57)
fake_11354.png,module_corruption,('module_corruption', 17, 25, 11)
fake_11355.png,module_corruption,('module_corruption', 18, 26, 11)
fake_11356.png,patch_overlay,('patch_overlay', 74, 42, 77, 77)
fake_11357.png,module_corruption,('module_corruption', 9, 5, 14)
fake_11358.png,patch_overlay,('patch_overlay', 22, 213, 89, 89)
fake_11359.png,patch_overlay,('patch_overlay', 186, 293, 57, 57)
fake_11360.png,module_corruption,('module_corruption', 18, 14, 10)
fake_11361.png,module_corruption,('module_corruption', 21, 14, 10)
fake_11362.png,module_corruption,('module_corruption', 13, 27, 9)
fake_11363.png,module_corruption,('module_corruption', 15, 7, 13)
fake_11364.png,module_corruption,('module_corruption', 17, 22, 10)
fake_11365.png,patch_overlay,('patch_overlay', 157, 118, 61, 61)
fake_11366.png,patch_overlay,('patch_overlay', 150, 111, 68, 68)
fake_11367.png,patch_overlay,('patch_overlay', 19, 321, 59, 59)
fake_11368.png,patch_overlay,('patch_overlay', 303, 305, 93, 93)
fake_11369.png,patch_overlay,('patch_overlay', 219, 331, 58, 58)
fake_11370.png,patch_overlay,('patch_overlay', 124, 159, 59, 59)
fake_11371.png,patch_overlay,('patch_overlay', 326, 90, 96, 96)
fake_11372.png,patch_overlay,('patch_overlay', 276, 90, 90, 90)
fake_11373.png,patch_overlay,('patch_overlay', 25, 37, 77, 77)
fake_11374.png,module_corruption,('module_corruption', 14, 14, 10)
fake_11375.png,module_corruption,('module_corruption', 17, 23, 10)
fake_11376.png,module_corruption,('module_corruption', 4, 15, 10)
fake_11377.png,module_corruption,('module_corruption', 15, 2, 14)
fake_11378.png,module_corruption,('module_corruption', 6, 20, 12)
fake_11379.png,module_corruption,('module_corruption', 14, 14, 12)
fake_11380.png,module_corruption,('module_corruption', 3, 3, 12)
fake_11381.png,module_corruption,('module_corruption', 2, 4, 9)
fake_11382.png,patch_overlay,('patch_overlay', 230, 288, 78, 78)
fake_11383.png,patch_overlay,('patch_overlay', 143, 360, 81, 81)
fake_11384.png,module_corruption,('module_corruption', 6, 10, 13)
fake_11385.png,module_corruption,('module_corruption', 12, 4, 11)
fake_11386.png,module_corruption,('module_corruption', 25, 1, 10)
fake_11387.png,patch_overlay,('patch_overlay', 318, 170, 54, 54)
fake_11388.png,module_corruption,('module_corruption', 22, 21, 12)
fake_11389.png,module_corruption,('module_corruption', 10, 4, 12)
fake_11390.png,module_corruption,('module_corruption', 16, 12, 11)
fake_11391.png,module_corruption,('module_corruption', 6, 5, 13)
fake_11392.png,patch_overlay,('patch_overlay', 121, 160, 68, 68)
fake_11393.png,module_corruption,('module_corruption', 24, 3, 11)
fake_11394.png,patch_overlay,('patch_overlay', 193, 149, 66, 66)
fake_11395.png,patch_overlay,('patch_overlay', 16, 36, 72, 72)
fake_11396.png,module_corruption,('module_corruption', 26, 24, 11)
fake_11397.png,module_corruption,('module_corruption', 1, 17, 11)
fake_11398.png,patch_overlay,('patch_overlay', 299, 26, 98, 98)
fake_11399.png,module_corruption,('module_corruption', 9, 13, 13)
fake_11400.png,patch_overlay,('patch_overlay', 296, 130, 54, 54)
fake_11401.png,module_corruption,('module_corruption', 15, 27, 10)
fake_11402.png,module_corruption,('module_corruption', 14, 15, 12)
fake_11403.png,patch_overlay,('patch_overlay', 312, 98, 61, 61)
fake_11404.png,patch_overlay,('patch_overlay', 304, 196, 88, 88)
fake_11405.png,module_corruption,('module_corruption', 24, 5, 13)
fake_11406.png,patch_overlay,('patch_overlay', 292, 293, 62, 62)
fake_11407.png,patch_overlay,('patch_overlay', 329, 173, 94, 94)
fake_11408.png,module_corruption,('module_corruption', 1, 26, 9)
fake_11409.png,patch_overlay,('patch_overlay', 382, 258, 57, 57)
fake_11410.png,module_corruption,('module_corruption', 16, 17, 10)
fake_11411.png,patch_overlay,('patch_overlay', 261, 259, 90, 90)
fake_11412.png,patch_overlay,('patch_overlay', 300, 87, 80, 80)
fake_11413.png,module_corruption,('module_corruption', 13, 12, 12)
fake_11414.png,patch_overlay,('patch_overlay', 42, 116, 85, 85)
fake_11415.png,module_corruption,('module_corruption', 12, 12, 14)
fake_11416.png,module_corruption,('module_corruption', 24, 1, 11)
fake_11417.png,module_corruption,('module_corruption', 9, 22, 12)
fake_11418.png,module_corruption,('module_corruption', 16, 27, 9)
fake_11419.png,patch_overlay,('patch_overlay', 337, 116, 73, 73)
fake_11420.png,patch_overlay,('patch_overlay', 213, 72, 94, 94)
fake_11421.png,module_corruption,('module_corruption', 13, 1, 13)
fake_11422.png,patch_overlay,('patch_overlay', 204, 88, 89, 89)
fake_11423.png,patch_overlay,('patch_overlay', 247, 53, 78, 78)
fake_11424.png,module_corruption,('module_corruption', 23, 20, 13)
fake_11425.png,module_corruption,('module_corruption', 13, 5, 11)
fake_11426.png,module_corruption,('module_corruption', 18, 15, 13)
fake_11427.png,patch_overlay,('patch_overlay', 257, 378, 58, 58)
fake_11428.png,patch_overlay,('patch_overlay', 273, 40, 60, 60)
fake_11429.png,patch_overlay,('patch_overlay', 138, 2, 77, 77)
fake_11430.png,patch_overlay,('patch_overlay', 32, 238, 98, 98)
fake_11431.png,module_corruption,('module_corruption', 23, 23, 14)
fake_11432.png,patch_overlay,('patch_overlay', 97, 200, 91, 91)
fake_11433.png,module_corruption,('module_corruption', 13, 3, 10)
fake_11434.png,module_corruption,('module_corruption', 23, 25, 11)
fake_11435.png,module_corruption,('module_corruption', 23, 12, 13)
fake_11436.png,patch_overlay,('patch_overlay', 20, 67, 78, 78)
fake_11437.png,patch_overlay,('patch_overlay', 32, 348, 79, 79)
fake_11438.png,patch_overlay,('patch_overlay', 55, 33, 67, 67)
fake_11439.png,patch_overlay,('patch_overlay', 196, 44, 71, 71)
fake_11440.png,module_corruption,('module_corruption', 25, 15, 9)
fake_11441.png,patch_overlay,('patch_overlay', 262, 198, 95, 95)
fake_11442.png,patch_overlay,('patch_overlay', 169, 142, 97, 97)
fake_11443.png,patch_overlay,('patch_overlay', 52, 299, 64, 64)
fake_11444.png,module_corruption,('module_corruption', 18, 20, 11)
fake_11445.png,patch_overlay,('patch_overlay', 36, 2, 97, 97)
fake_11446.png,patch_overlay,('patch_overlay', 223, 91, 54, 54)
fake_11447.png,patch_overlay,('patch_overlay', 182, 89, 96, 96)
fake_11448.png,module_corruption,('module_corruption', 23, 21, 13)
fake_11449.png,module_corruption,('module_corruption', 24, 13, 11)
fake_11450.png,module_corruption,('module_corruption', 18, 2, 13)
fake_11451.png,patch_overlay,('patch_overlay', 246, 375, 75, 75)
fake_11452.png,patch_overlay,('patch_overlay', 367, 234, 74, 74)
fake_11453.png,module_corruption,('module_corruption', 22, 3, 11)
fake_11454.png,patch_overlay,('patch_overlay', 109, 172, 73, 73)
fake_11455.png,module_corruption,('module_corruption', 4, 15, 13)
fake_11456.png,module_corruption,('module_corruption', 10, 2, 12)
fake_11457.png,module_corruption,('module_corruption', 18, 8, 10)
fake_11458.png,module_corruption,('module_corruption', 25, 21, 10)
fake_11459.png,module_corruption,('module_corruption', 10, 21, 10)
fake_11460.png,module_corruption,('module_corruption', 26, 7, 10)
fake_11461.png,patch_overlay,('patch_overlay', 104, 167, 61, 61)
fake_11462.png,module_corruption,('module_corruption', 20, 12, 13)
fake_11463.png,patch_overlay,('patch_overlay', 260, 327, 72, 72)
fake_11464.png,patch_overlay,('patch_overlay', 296, 269, 84, 84)
fake_11465.png,module_corruption,('module_corruption', 0, 7, 13)
fake_11466.png,patch_overlay,('patch_overlay', 38, 29, 56, 56)
fake_11467.png,patch_overlay,('patch_overlay', 45, 174, 85, 85)
fake_11468.png,patch_overlay,('patch_overlay', 156, 202, 84, 84)
fake_11469.png,module_corruption,('module_corruption', 6, 17, 9)
fake_11470.png,module_corruption,('module_corruption', 10, 16, 12)
fake_11471.png,module_corruption,('module_corruption', 3, 23, 11)
fake_11472.png,module_corruption,('module_corruption', 11, 15, 13)
fake_11473.png,module_corruption,('module_corruption', 22, 11, 10)
fake_11474.png,patch_overlay,('patch_overlay', 57, 166, 87, 87)
fake_11475.png,module_corruption,('module_corruption', 5, 4, 13)
fake_11476.png,module_corruption,('module_corruption', 5, 21, 13)
fake_11477.png,patch_overlay,('patch_overlay', 322, 107, 98, 98)
fake_11478.png,module_corruption,('module_corruption', 6, 23, 13)
fake_11479.png,patch_overlay,('patch_overlay', 117, 266, 72, 72)
fake_11480.png,patch_overlay,('patch_overlay', 75, 209, 74, 74)
fake_11481.png,module_corruption,('module_corruption', 12, 22, 9)
fake_11482.png,module_corruption,('module_corruption', 10, 3, 9)
fake_11483.png,patch_overlay,('patch_overlay', 128, 318, 83, 83)
fake_11484.png,patch_overlay,('patch_overlay', 211, 214, 74, 74)
fake_11485.png,module_corruption,('module_corruption', 26, 21, 9)
fake_11486.png,patch_overlay,('patch_overlay', 358, 89, 57, 57)
fake_11487.png,module_corruption,('module_corruption', 1, 9, 10)
fake_11488.png,module_corruption,('module_corruption', 24, 21, 11)
fake_11489.png,module_corruption,('module_corruption', 1, 13, 11)
fake_11490.png,patch_overlay,('patch_overlay', 144, 365, 57, 57)
fake_11491.png,module_corruption,('module_corruption', 3, 18, 13)
fake_11492.png,module_corruption,('module_corruption', 16, 28, 9)
fake_11493.png,module_corruption,('module_corruption', 6, 2, 14)
fake_11494.png,module_corruption,('module_corruption', 18, 7, 13)
fake_11495.png,patch_overlay,('patch_overlay', 42, 253, 74, 74)
fake_11496.png,module_corruption,('module_corruption', 18, 12, 10)
fake_11497.png,module_corruption,('module_corruption', 1, 5, 13)
fake_11498.png,module_corruption,('module_corruption', 2, 8, 11)
fake_11499.png,patch_overlay,('patch_overlay', 200, 81, 95, 95)
fake_11500.png,patch_overlay,('patch_overlay', 300, 93, 73, 73)
fake_11501.png,patch_overlay,('patch_overlay', 229, 216, 91, 91)
fake_11502.png,patch_overlay,('patch_overlay', 40, 322, 61, 61)
fake_11503.png,patch_overlay,('patch_overlay', 20, 162, 89, 89)
fake_11504.png,module_corruption,('module_corruption', 13, 22, 13)
fake_11505.png,patch_overlay,('patch_overlay', 7, 72, 97, 97)
fake_11506.png,patch_overlay,('patch_overlay', 296, 255, 97, 97)
fake_11507.png,module_corruption,('module_corruption', 19, 0, 10)
fake_11508.png,patch_overlay,('patch_overlay', 178, 84, 56, 56)
fake_11509.png,module_corruption,('module_corruption', 20, 19, 13)
fake_11510.png,module_corruption,('module_corruption', 1, 6, 10)
fake_11511.png,module_corruption,('module_corruption', 1, 2, 13)
fake_11512.png,module_corruption,('module_corruption', 24, 15, 10)
fake_11513.png,module_corruption,('module_corruption', 23, 27, 10)
fake_11514.png,module_corruption,('module_corruption', 0, 2, 10)
fake_11515.png,patch_overlay,('patch_overlay', 137, 259, 64, 64)
fake_11516.png,patch_overlay,('patch_overlay', 4, 341, 81, 81)
fake_11517.png,patch_overlay,('patch_overlay', 69, 189, 66, 66)
fake_11518.png,patch_overlay,('patch_overlay', 315, 364, 65, 65)
fake_11519.png,module_corruption,('module_corruption', 6, 14, 10)
fake_11520.png,module_corruption,('module_corruption', 12, 7, 11)
fake_11521.png,patch_overlay,('patch_overlay', 36, 53, 70, 70)
fake_11522.png,module_corruption,('module_corruption', 19, 15, 10)
fake_11523.png,module_corruption,('module_corruption', 1, 12, 13)
fake_11524.png,module_corruption,('module_corruption', 25, 8, 12)
fake_11525.png,module_corruption,('module_corruption', 24, 22, 13)
fake_11526.png,module_corruption,('module_corruption', 5, 6, 14)
fake_11527.png,patch_overlay,('patch_overlay', 307, 229, 54, 54)
fake_11528.png,module_corruption,('module_corruption', 10, 21, 9)
fake_11529.png,patch_overlay,('patch_overlay', 13, 212, 87, 87)
fake_11530.png,patch_overlay,('patch_overlay', 125, 182, 66, 66)
fake_11531.png,patch_overlay,('patch_overlay', 268, 158, 59, 59)
fake_11532.png,module_corruption,('module_corruption', 14, 12, 9)
fake_11533.png,patch_overlay,('patch_overlay', 293, 350, 75, 75)
fake_11534.png,module_corruption,('module_corruption', 22, 10, 11)
fake_11535.png,module_corruption,('module_corruption', 24, 12, 10)
fake_11536.png,module_corruption,('module_corruption', 12, 21, 10)
fake_11537.png,module_corruption,('module_corruption', 4, 0, 13)
fake_11538.png,module_corruption,('module_corruption', 16, 12, 13)
fake_11539.png,module_corruption,('module_corruption', 24, 12, 12)
fake_11540.png,patch_overlay,('patch_overlay', 115, 160, 69, 69)
fake_11541.png,patch_overlay,('patch_overlay', 106, 53, 88, 88)
fake_11542.png,patch_overlay,('patch_overlay', 231, 203, 81, 81)
fake_11543.png,patch_overlay,('patch_overlay', 48, 27, 96, 96)
fake_11544.png,patch_overlay,('patch_overlay', 39, 207, 85, 85)
fake_11545.png,module_corruption,('module_corruption', 25, 22, 11)
fake_11546.png,module_corruption,('module_corruption', 2, 1, 13)
fake_11547.png,module_corruption,('module_corruption', 20, 1, 9)
fake_11548.png,patch_overlay,('patch_overlay', 127, 259, 74, 74)
fake_11549.png,module_corruption,('module_corruption', 22, 9, 10)
fake_11550.png,patch_overlay,('patch_overlay', 141, 233, 89, 89)
fake_11551.png,patch_overlay,('patch_overlay', 132, 183, 60, 60)
fake_11552.png,patch_overlay,('patch_overlay', 218, 3, 63, 63)
fake_11553.png,module_corruption,('module_corruption', 15, 24, 11)
fake_11554.png,module_corruption,('module_corruption', 23, 6, 13)
fake_11555.png,patch_overlay,('patch_overlay', 355, 97, 90, 90)
fake_11556.png,patch_overlay,('patch_overlay', 172, 105, 66, 66)
fake_11557.png,module_corruption,('module_corruption', 7, 14, 14)
fake_11558.png,module_corruption,('module_corruption', 8, 7, 10)
fake_11559.png,patch_overlay,('patch_overlay', 280, 371, 71, 71)
fake_11560.png,patch_overlay,('patch_overlay', 221, 47, 75, 75)
fake_11561.png,module_corruption,('module_corruption', 12, 5, 9)
fake_11562.png,patch_overlay,('patch_overlay', 258, 217, 78, 78)
fake_11563.png,patch_overlay,('patch_overlay', 217, 227, 71, 71)
fake_11564.png,patch_overlay,('patch_overlay', 2, 38, 65, 65)
fake_11565.png,module_corruption,('module_corruption', 0, 2, 12)
fake_11566.png,module_corruption,('module_corruption', 10, 4, 11)
fake_11567.png,module_corruption,('module_corruption', 23, 0, 10)
fake_11568.png,module_corruption,('module_corruption', 20, 11, 12)
fake_11569.png,patch_overlay,('patch_overlay', 285, 250, 55, 55)
fake_11570.png,patch_overlay,('patch_overlay', 130, 363, 66, 66)
fake_11571.png,patch_overlay,('patch_overlay', 7, 199, 86, 86)
fake_11572.png,module_corruption,('module_corruption', 24, 21, 12)
fake_11573.png,patch_overlay,('patch_overlay', 14, 284, 80, 80)
fake_11574.png,module_corruption,('module_corruption', 2, 0, 13)
fake_11575.png,module_corruption,('module_corruption', 22, 25, 10)
fake_11576.png,patch_overlay,('patch_overlay', 44, 332, 69, 69)
fake_11577.png,patch_overlay,('patch_overlay', 24, 233, 88, 88)
fake_11578.png,patch_overlay,('patch_overlay', 88, 312, 94, 94)
fake_11579.png,patch_overlay,('patch_overlay', 253, 44, 73, 73)
fake_11580.png,patch_overlay,('patch_overlay', 241, 1, 55, 55)
fake_11581.png,module_corruption,('module_corruption', 15, 9, 12)
fake_11582.png,patch_overlay,('patch_overlay', 105, 70, 91, 91)
fake_11583.png,patch_overlay,('patch_overlay', 239, 234, 61, 61)
fake_11584.png,patch_overlay,('patch_overlay', 320, 84, 76, 76)
fake_11585.png,patch_overlay,('patch_overlay', 42, 52, 58, 58)
fake_11586.png,module_corruption,('module_corruption', 15, 15, 12)
fake_11587.png,patch_overlay,('patch_overlay', 129, 130, 93, 93)
fake_11588.png,module_corruption,('module_corruption', 24, 15, 13)
fake_11589.png,module_corruption,('module_corruption', 16, 9, 14)
fake_11590.png,module_corruption,('module_corruption', 27, 11, 9)
fake_11591.png,patch_overlay,('patch_overlay', 118, 70, 97, 97)
fake_11592.png,module_corruption,('module_corruption', 8, 24, 12)
fake_11593.png,module_corruption,('module_corruption', 9, 14, 11)
fake_11594.png,module_corruption,('module_corruption', 9, 1, 12)
fake_11595.png,patch_overlay,('patch_overlay', 363, 44, 87, 87)
fake_11596.png,module_corruption,('module_corruption', 14, 10, 10)
fake_11597.png,patch_overlay,('patch_overlay', 248, 244, 80, 80)
fake_11598.png,patch_overlay,('patch_overlay', 112, 34, 81, 81)
fake_11599.png,patch_overlay,('patch_overlay', 283, 11, 68, 68)
fake_11600.png,module_corruption,('module_corruption', 11, 0, 9)
fake_11601.png,module_corruption,('module_corruption', 3, 22, 11)
fake_11602.png,module_corruption,('module_corruption', 21, 22, 13)
fake_11603.png,patch_overlay,('patch_overlay', 125, 29, 69, 69)
fake_11604.png,patch_overlay,('patch_overlay', 167, 130, 79, 79)
fake_11605.png,module_corruption,('module_corruption', 16, 22, 12)
fake_11606.png,patch_overlay,('patch_overlay', 213, 49, 79, 79)
fake_11607.png,module_corruption,('module_corruption', 19, 13, 11)
fake_11608.png,patch_overlay,('patch_overlay', 236, 319, 55, 55)
fake_11609.png,module_corruption,('module_corruption', 0, 1, 9)
fake_11610.png,module_corruption,('module_corruption', 16, 14, 13)
fake_11611.png,module_corruption,('module_corruption', 15, 17, 9)
fake_11612.png,patch_overlay,('patch_overlay', 223, 31, 59, 59)
fake_11613.png,patch_overlay,('patch_overlay', 236, 85, 87, 87)
fake_11614.png,patch_overlay,('patch_overlay', 21, 338, 89, 89)
fake_11615.png,module_corruption,('module_corruption', 25, 22, 12)
fake_11616.png,patch_overlay,('patch_overlay', 130, 172, 94, 94)
fake_11617.png,patch_overlay,('patch_overlay', 227, 139, 75, 75)
fake_11618.png,patch_overlay,('patch_overlay', 201, 14, 63, 63)
fake_11619.png,module_corruption,('module_corruption', 20, 11, 12)
fake_11620.png,patch_overlay,('patch_overlay', 167, 217, 58, 58)
fake_11621.png,patch_overlay,('patch_overlay', 27, 102, 91, 91)
fake_11622.png,patch_overlay,('patch_overlay', 137, 140, 72, 72)
fake_11623.png,module_corruption,('module_corruption', 17, 25, 11)
fake_11624.png,patch_overlay,('patch_overlay', 353, 247, 83, 83)
fake_11625.png,module_corruption,('module_corruption', 5, 16, 13)
fake_11626.png,module_corruption,('module_corruption', 6, 15, 10)
fake_11627.png,patch_overlay,('patch_overlay', 73, 368, 58, 58)
fake_11628.png,patch_overlay,('patch_overlay', 79, 226, 58, 58)
fake_11629.png,patch_overlay,('patch_overlay', 98, 118, 72, 72)
fake_11630.png,module_corruption,('module_corruption', 25, 4, 9)
fake_11631.png,patch_overlay,('patch_overlay', 38, 96, 61, 61)
fake_11632.png,module_corruption,('module_corruption', 17, 3, 11)
fake_11633.png,module_corruption,('module_corruption', 21, 21, 12)
fake_11634.png,module_corruption,('module_corruption', 20, 20, 9)
fake_11635.png,module_corruption,('module_corruption', 18, 9, 14)
fake_11636.png,patch_overlay,('patch_overlay', 5, 3, 80, 80)
fake_11637.png,patch_overlay,('patch_overlay', 137, 132, 67, 67)
fake_11638.png,patch_overlay,('patch_overlay', 19, 205, 75, 75)
fake_11639.png,module_corruption,('module_corruption', 10, 17, 9)
fake_11640.png,patch_overlay,('patch_overlay', 243, 340, 76, 76)
fake_11641.png,module_corruption,('module_corruption', 0, 0, 13)
fake_11642.png,patch_overlay,('patch_overlay', 338, 249, 75, 75)
fake_11643.png,patch_overlay,('patch_overlay', 272, 7, 59, 59)
fake_11644.png,patch_overlay,('patch_overlay', 62, 211, 57, 57)
fake_11645.png,module_corruption,('module_corruption', 15, 4, 13)
fake_11646.png,module_corruption,('module_corruption', 4, 17, 12)
fake_11647.png,module_corruption,('module_corruption', 3, 22, 14)
fake_11648.png,module_corruption,('module_corruption', 7, 1, 13)
fake_11649.png,patch_overlay,('patch_overlay', 58, 282, 76, 76)
fake_11650.png,module_corruption,('module_corruption', 14, 15, 14)
fake_11651.png,module_corruption,('module_corruption', 2, 5, 13)
fake_11652.png,patch_overlay,('patch_overlay', 80, 18, 88, 88)
fake_11653.png,module_corruption,('module_corruption', 10, 11, 10)
fake_11654.png,module_corruption,('module_corruption', 13, 16, 12)
fake_11655.png,patch_overlay,('patch_overlay', 185, 127, 69, 69)
fake_11656.png,module_corruption,('module_corruption', 11, 8, 14)
fake_11657.png,patch_overlay,('patch_overlay', 201, 129, 65, 65)
fake_11658.png,patch_overlay,('patch_overlay', 257, 301, 92, 92)
fake_11659.png,patch_overlay,('patch_overlay', 258, 91, 80, 80)
fake_11660.png,module_corruption,('module_corruption', 11, 1, 13)
fake_11661.png,patch_overlay,('patch_overlay', 219, 169, 63, 63)
fake_11662.png,module_corruption,('module_corruption', 21, 0, 12)
fake_11663.png,module_corruption,('module_corruption', 21, 9, 10)
fake_11664.png,patch_overlay,('patch_overlay', 183, 45, 83, 83)
fake_11665.png,patch_overlay,('patch_overlay', 67, 184, 89, 89)
fake_11666.png,module_corruption,('module_corruption', 23, 23, 13)
fake_11667.png,patch_overlay,('patch_overlay', 201, 190, 75, 75)
fake_11668.png,module_corruption,('module_corruption', 5, 21, 10)
fake_11669.png,module_corruption,('module_corruption', 3, 10, 12)
fake_11670.png,module_corruption,('module_corruption', 21, 14, 12)
fake_11671.png,patch_overlay,('patch_overlay', 352, 277, 74, 74)
fake_11672.png,patch_overlay,('patch_overlay', 121, 334, 75, 75)
fake_11673.png,module_corruption,('module_corruption', 1, 14, 13)
fake_11674.png,patch_overlay,('patch_overlay', 273, 326, 56, 56)
fake_11675.png,patch_overlay,('patch_overlay', 138, 219, 87, 87)
fake_11676.png,patch_overlay,('patch_overlay', 206, 298, 87, 87)
fake_11677.png,module_corruption,('module_corruption', 5, 11, 13)
fake_11678.png,patch_overlay,('patch_overlay', 25, 182, 68, 68)
fake_11679.png,module_corruption,('module_corruption', 22, 0, 11)
fake_11680.png,module_corruption,('module_corruption', 23, 9, 10)
fake_11681.png,module_corruption,('module_corruption', 22, 4, 12)
fake_11682.png,module_corruption,('module_corruption', 18, 1, 12)
fake_11683.png,module_corruption,('module_corruption', 22, 3, 13)
fake_11684.png,patch_overlay,('patch_overlay', 70, 298, 75, 75)
fake_11685.png,patch_overlay,('patch_overlay', 236, 306, 77, 77)
fake_11686.png,module_corruption,('module_corruption', 23, 25, 11)
fake_11687.png,patch_overlay,('patch_overlay', 253, 284, 62, 62)
fake_11688.png,module_corruption,('module_corruption', 18, 15, 13)
fake_11689.png,module_corruption,('module_corruption', 7, 0, 10)
fake_11690.png,module_corruption,('module_corruption', 16, 18, 11)
fake_11691.png,patch_overlay,('patch_overlay', 11, 190, 95, 95)
fake_11692.png,module_corruption,('module_corruption', 1, 7, 12)
fake_11693.png,module_corruption,('module_corruption', 25, 2, 9)
fake_11694.png,patch_overlay,('patch_overlay', 196, 91, 74, 74)
fake_11695.png,module_corruption,('module_corruption', 21, 19, 9)
fake_11696.png,patch_overlay,('patch_overlay', 317, 130, 66, 66)
fake_11697.png,module_corruption,('module_corruption', 13, 22, 12)
fake_11698.png,patch_overlay,('patch_overlay', 282, 16, 71, 71)
fake_11699.png,patch_overlay,('patch_overlay', 39, 60, 88, 88)
fake_11700.png,patch_overlay,('patch_overlay', 366, 191, 74, 74)
fake_11701.png,module_corruption,('module_corruption', 0, 10, 9)
fake_11702.png,module_corruption,('module_corruption', 3, 15, 12)
fake_11703.png,patch_overlay,('patch_overlay', 19, 332, 89, 89)
fake_11704.png,module_corruption,('module_corruption', 27, 15, 10)
fake_11705.png,patch_overlay,('patch_overlay', 224, 117, 72, 72)
fake_11706.png,module_corruption,('module_corruption', 5, 23, 10)
fake_11707.png,module_corruption,('module_corruption', 16, 2, 11)
fake_11708.png,patch_overlay,('patch_overlay', 41, 74, 74, 74)
fake_11709.png,patch_overlay,('patch_overlay', 89, 91, 69, 69)
fake_11710.png,patch_overlay,('patch_overlay', 211, 297, 75, 75)
fake_11711.png,module_corruption,('module_corruption', 10, 21, 13)
fake_11712.png,module_corruption,('module_corruption', 11, 13, 9)
fake_11713.png,module_corruption,('module_corruption', 2, 6, 13)
fake_11714.png,patch_overlay,('patch_overlay', 284, 156, 87, 87)
fake_11715.png,patch_overlay,('patch_overlay', 347, 148, 88, 88)
fake_11716.png,module_corruption,('module_corruption', 25, 17, 10)
fake_11717.png,module_corruption,('module_corruption', 16, 16, 14)
fake_11718.png,module_corruption,('module_corruption', 5, 11, 12)
fake_11719.png,patch_overlay,('patch_overlay', 153, 329, 67, 67)
fake_11720.png,module_corruption,('module_corruption', 7, 27, 9)
fake_11721.png,patch_overlay,('patch_overlay', 315, 131, 80, 80)
fake_11722.png,patch_overlay,('patch_overlay', 23, 20, 85, 85)
fake_11723.png,patch_overlay,('patch_overlay', 363, 310, 60, 60)
fake_11724.png,patch_overlay,('patch_overlay', 272, 125, 68, 68)
fake_11725.png,patch_overlay,('patch_overlay', 304, 174, 64, 64)
fake_11726.png,patch_overlay,('patch_overlay', 123, 58, 71, 71)
fake_11727.png,patch_overlay,('patch_overlay', 98, 366, 76, 76)
fake_11728.png,module_corruption,('module_corruption', 0, 15, 12)
fake_11729.png,patch_overlay,('patch_overlay', 67, 81, 82, 82)
fake_11730.png,module_corruption,('module_corruption', 7, 23, 12)
fake_11731.png,module_corruption,('module_corruption', 0, 8, 12)
fake_11732.png,module_corruption,('module_corruption', 14, 16, 11)
fake_11733.png,patch_overlay,('patch_overlay', 9, 249, 63, 63)
fake_11734.png,module_corruption,('module_corruption', 1, 3, 10)
fake_11735.png,patch_overlay,('patch_overlay', 144, 28, 95, 95)
fake_11736.png,module_corruption,('module_corruption', 17, 21, 14)
fake_11737.png,patch_overlay,('patch_overlay', 169, 192, 65, 65)
fake_11738.png,module_corruption,('module_corruption', 24, 19, 11)
fake_11739.png,patch_overlay,('patch_overlay', 156, 348, 55, 55)
fake_11740.png,patch_overlay,('patch_overlay', 92, 161, 89, 89)
fake_11741.png,patch_overlay,('patch_overlay', 377, 197, 65, 65)
fake_11742.png,patch_overlay,('patch_overlay', 293, 330, 69, 69)
fake_11743.png,module_corruption,('module_corruption', 8, 13, 10)
fake_11744.png,module_corruption,('module_corruption', 13, 23, 12)
fake_11745.png,patch_overlay,('patch_overlay', 359, 373, 55, 55)
fake_11746.png,patch_overlay,('patch_overlay', 189, 171, 56, 56)
fake_11747.png,module_corruption,('module_corruption', 0, 12, 13)
fake_11748.png,patch_overlay,('patch_overlay', 12, 290, 64, 64)
fake_11749.png,patch_overlay,('patch_overlay', 184, 143, 84, 84)
fake_11750.png,module_corruption,('module_corruption', 12, 25, 10)
fake_11751.png,patch_overlay,('patch_overlay', 220, 52, 55, 55)
fake_11752.png,patch_overlay,('patch_overlay', 123, 285, 98, 98)
fake_11753.png,patch_overlay,('patch_overlay', 319, 104, 94, 94)
fake_11754.png,patch_overlay,('patch_overlay', 291, 194, 65, 65)
fake_11755.png,module_corruption,('module_corruption', 16, 16, 9)
fake_11756.png,patch_overlay,('patch_overlay', 73, 292, 83, 83)
fake_11757.png,patch_overlay,('patch_overlay', 172, 175, 93, 93)
fake_11758.png,patch_overlay,('patch_overlay', 58, 209, 59, 59)
fake_11759.png,patch_overlay,('patch_overlay', 361, 142, 85, 85)
fake_11760.png,patch_overlay,('patch_overlay', 373, 12, 75, 75)
fake_11761.png,module_corruption,('module_corruption', 14, 8, 12)
fake_11762.png,patch_overlay,('patch_overlay', 313, 43, 58, 58)
fake_11763.png,module_corruption,('module_corruption', 17, 4, 14)
fake_11764.png,module_corruption,('module_corruption', 13, 7, 10)
fake_11765.png,module_corruption,('module_corruption', 24, 5, 12)
fake_11766.png,patch_overlay,('patch_overlay', 231, 32, 65, 65)
fake_11767.png,patch_overlay,('patch_overlay', 44, 313, 70, 70)
fake_11768.png,patch_overlay,('patch_overlay', 305, 73, 86, 86)
fake_11769.png,patch_overlay,('patch_overlay', 347, 178, 93, 93)
fake_11770.png,patch_overlay,('patch_overlay', 73, 47, 73, 73)
fake_11771.png,patch_overlay,('patch_overlay', 93, 80, 68, 68)
fake_11772.png,module_corruption,('module_corruption', 14, 19, 9)
fake_11773.png,patch_overlay,('patch_overlay', 102, 24, 88, 88)
fake_11774.png,module_corruption,('module_corruption', 16, 21, 11)
fake_11775.png,module_corruption,('module_corruption', 10, 1, 11)
fake_11776.png,patch_overlay,('patch_overlay', 3, 214, 93, 93)
fake_11777.png,patch_overlay,('patch_overlay', 227, 290, 57, 57)
fake_11778.png,module_corruption,('module_corruption', 10, 3, 9)
fake_11779.png,module_corruption,('module_corruption', 19, 22, 10)
fake_11780.png,module_corruption,('module_corruption', 6, 25, 9)
fake_11781.png,patch_overlay,('patch_overlay', 361, 270, 68, 68)
fake_11782.png,patch_overlay,('patch_overlay', 212, 372, 76, 76)
fake_11783.png,module_corruption,('module_corruption', 21, 18, 13)
fake_11784.png,module_corruption,('module_corruption', 19, 5, 10)
fake_11785.png,patch_overlay,('patch_overlay', 344, 51, 76, 76)
fake_11786.png,patch_overlay,('patch_overlay', 360, 215, 82, 82)
fake_11787.png,patch_overlay,('patch_overlay', 87, 140, 63, 63)
fake_11788.png,module_corruption,('module_corruption', 13, 8, 12)
fake_11789.png,module_corruption,('module_corruption', 5, 6, 9)
fake_11790.png,patch_overlay,('patch_overlay', 197, 31, 71, 71)
fake_11791.png,module_corruption,('module_corruption', 10, 10, 13)
fake_11792.png,patch_overlay,('patch_overlay', 345, 298, 55, 55)
fake_11793.png,module_corruption,('module_corruption', 2, 14, 12)
fake_11794.png,patch_overlay,('patch_overlay', 150, 12, 82, 82)
fake_11795.png,module_corruption,('module_corruption', 10, 9, 10)
fake_11796.png,patch_overlay,('patch_overlay', 87, 193, 98, 98)
fake_11797.png,patch_overlay,('patch_overlay', 325, 40, 79, 79)
fake_11798.png,patch_overlay,('patch_overlay', 331, 90, 70, 70)
fake_11799.png,patch_overlay,('patch_overlay', 264, 355, 59, 59)
fake_11800.png,module_corruption,('module_corruption', 0, 16, 12)
fake_11801.png,module_corruption,('module_corruption', 15, 5, 12)
fake_11802.png,module_corruption,('module_corruption', 20, 4, 12)
fake_11803.png,patch_overlay,('patch_overlay', 44, 101, 67, 67)
fake_11804.png,patch_overlay,('patch_overlay', 114, 380, 66, 66)
fake_11805.png,module_corruption,('module_corruption', 19, 17, 12)
fake_11806.png,module_corruption,('module_corruption', 8, 17, 10)
fake_11807.png,patch_overlay,('patch_overlay', 348, 128, 60, 60)
fake_11808.png,patch_overlay,('patch_overlay', 384, 165, 62, 62)
fake_11809.png,patch_overlay,('patch_overlay', 171, 182, 57, 57)
fake_11810.png,module_corruption,('module_corruption', 7, 7, 12)
fake_11811.png,module_corruption,('module_corruption', 19, 10, 13)
fake_11812.png,module_corruption,('module_corruption', 6, 2, 13)
fake_11813.png,patch_overlay,('patch_overlay', 91, 146, 96, 96)
fake_11814.png,patch_overlay,('patch_overlay', 228, 23, 95, 95)
fake_11815.png,module_corruption,('module_corruption', 11, 23, 10)
fake_11816.png,module_corruption,('module_corruption', 25, 8, 11)
fake_11817.png,module_corruption,('module_corruption', 6, 16, 10)
fake_11818.png,module_corruption,('module_corruption', 1, 12, 10)
fake_11819.png,module_corruption,('module_corruption', 0, 14, 9)
fake_11820.png,module_corruption,('module_corruption', 22, 7, 10)
fake_11821.png,module_corruption,('module_corruption', 20, 10, 13)
fake_11822.png,patch_overlay,('patch_overlay', 177, 26, 72, 72)
fake_11823.png,patch_overlay,('patch_overlay', 152, 272, 59, 59)
fake_11824.png,module_corruption,('module_corruption', 7, 6, 12)
fake_11825.png,patch_overlay,('patch_overlay', 18, 367, 70, 70)
fake_11826.png,patch_overlay,('patch_overlay', 214, 112, 89, 89)
fake_11827.png,patch_overlay,('patch_overlay', 333, 214, 79, 79)
fake_11828.png,module_corruption,('module_corruption', 25, 12, 10)
fake_11829.png,patch_overlay,('patch_overlay', 125, 74, 59, 59)
fake_11830.png,patch_overlay,('patch_overlay', 279, 90, 62, 62)
fake_11831.png,module_corruption,('module_corruption', 27, 19, 10)
fake_11832.png,patch_overlay,('patch_overlay', 346, 374, 58, 58)
fake_11833.png,patch_overlay,('patch_overlay', 238, 101, 70, 70)
fake_11834.png,patch_overlay,('patch_overlay', 35, 365, 75, 75)
fake_11835.png,patch_overlay,('patch_overlay', 128, 336, 54, 54)
fake_11836.png,patch_overlay,('patch_overlay', 178, 260, 76, 76)
fake_11837.png,patch_overlay,('patch_overlay', 51, 175, 98, 98)
fake_11838.png,module_corruption,('module_corruption', 4, 8, 9)
fake_11839.png,module_corruption,('module_corruption', 3, 18, 13)
fake_11840.png,module_corruption,('module_corruption', 20, 6, 9)
fake_11841.png,patch_overlay,('patch_overlay', 269, 291, 90, 90)
fake_11842.png,patch_overlay,('patch_overlay', 309, 151, 76, 76)
fake_11843.png,patch_overlay,('patch_overlay', 102, 308, 74, 74)
fake_11844.png,patch_overlay,('patch_overlay', 121, 103, 82, 82)
fake_11845.png,module_corruption,('module_corruption', 23, 0, 12)
fake_11846.png,module_corruption,('module_corruption', 18, 3, 12)
fake_11847.png,module_corruption,('module_corruption', 0, 11, 10)
fake_11848.png,patch_overlay,('patch_overlay', 61, 204, 66, 66)
fake_11849.png,patch_overlay,('patch_overlay', 266, 230, 63, 63)
fake_11850.png,patch_overlay,('patch_overlay', 33, 107, 58, 58)
fake_11851.png,module_corruption,('module_corruption', 17, 3, 13)
fake_11852.png,patch_overlay,('patch_overlay', 149, 134, 69, 69)
fake_11853.png,module_corruption,('module_corruption', 13, 14, 12)
fake_11854.png,patch_overlay,('patch_overlay', 6, 339, 86, 86)
fake_11855.png,patch_overlay,('patch_overlay', 72, 83, 91, 91)
fake_11856.png,module_corruption,('module_corruption', 1, 25, 11)
fake_11857.png,module_corruption,('module_corruption', 14, 19, 9)
fake_11858.png,patch_overlay,('patch_overlay', 303, 305, 54, 54)
fake_11859.png,module_corruption,('module_corruption', 9, 13, 11)
fake_11860.png,module_corruption,('module_corruption', 13, 24, 13)
fake_11861.png,module_corruption,('module_corruption', 18, 15, 13)
fake_11862.png,patch_overlay,('patch_overlay', 392, 323, 58, 58)
fake_11863.png,patch_overlay,('patch_overlay', 81, 90, 82, 82)
fake_11864.png,module_corruption,('module_corruption', 19, 8, 11)
fake_11865.png,patch_overlay,('patch_overlay', 128, 3, 89, 89)
fake_11866.png,module_corruption,('module_corruption', 3, 10, 11)
fake_11867.png,patch_overlay,('patch_overlay', 190, 85, 79, 79)
fake_11868.png,module_corruption,('module_corruption', 4, 16, 11)
fake_11869.png,module_corruption,('module_corruption', 12, 3, 11)
fake_11870.png,patch_overlay,('patch_overlay', 109, 301, 96, 96)
fake_11871.png,module_corruption,('module_corruption', 0, 8, 14)
fake_11872.png,patch_overlay,('patch_overlay', 204, 94, 93, 93)
fake_11873.png,module_corruption,('module_corruption', 5, 6, 9)
fake_11874.png,module_corruption,('module_corruption', 3, 12, 13)
fake_11875.png,module_corruption,('module_corruption', 0, 9, 12)
fake_11876.png,module_corruption,('module_corruption', 14, 0, 11)
fake_11877.png,module_corruption,('module_corruption', 14, 11, 13)
fake_11878.png,patch_overlay,('patch_overlay', 58, 145, 56, 56)
fake_11879.png,patch_overlay,('patch_overlay', 79, 284, 69, 69)
fake_11880.png,patch_overlay,('patch_overlay', 192, 215, 56, 56)
fake_11881.png,patch_overlay,('patch_overlay', 240, 12, 79, 79)
fake_11882.png,patch_overlay,('patch_overlay', 355, 125, 88, 88)
fake_11883.png,module_corruption,('module_corruption', 7, 8, 10)
fake_11884.png,module_corruption,('module_corruption', 14, 6, 10)
fake_11885.png,module_corruption,('module_corruption', 27, 27, 10)
fake_11886.png,patch_overlay,('patch_overlay', 142, 276, 55, 55)
fake_11887.png,module_corruption,('module_corruption', 7, 4, 12)
fake_11888.png,module_corruption,('module_corruption', 15, 12, 13)
fake_11889.png,patch_overlay,('patch_overlay', 15, 79, 58, 58)
fake_11890.png,patch_overlay,('patch_overlay', 199, 135, 77, 77)
fake_11891.png,patch_overlay,('patch_overlay', 341, 19, 60, 60)
fake_11892.png,module_corruption,('module_corruption', 15, 1, 10)
fake_11893.png,patch_overlay,('patch_overlay', 126, 291, 82, 82)
fake_11894.png,module_corruption,('module_corruption', 4, 26, 9)
fake_11895.png,module_corruption,('module_corruption', 10, 11, 10)
fake_11896.png,patch_overlay,('patch_overlay', 51, 183, 98, 98)
fake_11897.png,patch_overlay,('patch_overlay', 144, 244, 76, 76)
fake_11898.png,module_corruption,('module_corruption', 0, 1, 13)
fake_11899.png,patch_overlay,('patch_overlay', 135, 113, 63, 63)
fake_11900.png,module_corruption,('module_corruption', 24, 9, 13)
fake_11901.png,patch_overlay,('patch_overlay', 14, 322, 95, 95)
fake_11902.png,module_corruption,('module_corruption', 15, 15, 9)
fake_11903.png,patch_overlay,('patch_overlay', 179, 254, 74, 74)
fake_11904.png,patch_overlay,('patch_overlay', 84, 185, 56, 56)
fake_11905.png,module_corruption,('module_corruption', 1, 8, 10)
fake_11906.png,module_corruption,('module_corruption', 20, 24, 11)
fake_11907.png,patch_overlay,('patch_overlay', 19, 124, 75, 75)
fake_11908.png,module_corruption,('module_corruption', 12, 7, 13)
fake_11909.png,module_corruption,('module_corruption', 11, 6, 13)
fake_11910.png,patch_overlay,('patch_overlay', 373, 357, 68, 68)
fake_11911.png,patch_overlay,('patch_overlay', 75, 354, 71, 71)
fake_11912.png,patch_overlay,('patch_overlay', 245, 23, 56, 56)
fake_11913.png,module_corruption,('module_corruption', 4, 27, 9)
fake_11914.png,patch_overlay,('patch_overlay', 353, 300, 77, 77)
fake_11915.png,module_corruption,('module_corruption', 15, 25, 11)
fake_11916.png,patch_overlay,('patch_overlay', 269, 85, 63, 63)
fake_11917.png,patch_overlay,('patch_overlay', 310, 299, 85, 85)
fake_11918.png,patch_overlay,('patch_overlay', 293, 223, 91, 91)
fake_11919.png,module_corruption,('module_corruption', 23, 22, 12)
fake_11920.png,patch_overlay,('patch_overlay', 265, 355, 86, 86)
fake_11921.png,patch_overlay,('patch_overlay', 227, 238, 64, 64)
fake_11922.png,module_corruption,('module_corruption', 18, 8, 13)
fake_11923.png,module_corruption,('module_corruption', 18, 27, 9)
fake_11924.png,patch_overlay,('patch_overlay', 324, 85, 55, 55)
fake_11925.png,patch_overlay,('patch_overlay', 262, 157, 78, 78)
fake_11926.png,module_corruption,('module_corruption', 21, 9, 10)
fake_11927.png,module_corruption,('module_corruption', 16, 18, 9)
fake_11928.png,patch_overlay,('patch_overlay', 237, 113, 76, 76)
fake_11929.png,module_corruption,('module_corruption', 24, 6, 11)
fake_11930.png,module_corruption,('module_corruption', 2, 10, 11)
fake_11931.png,patch_overlay,('patch_overlay', 230, 102, 81, 81)
fake_11932.png,patch_overlay,('patch_overlay', 342, 184, 68, 68)
fake_11933.png,patch_overlay,('patch_overlay', 6, 11, 71, 71)
fake_11934.png,module_corruption,('module_corruption', 1, 6, 12)
fake_11935.png,patch_overlay,('patch_overlay', 288, 132, 86, 86)
fake_11936.png,patch_overlay,('patch_overlay', 351, 338, 72, 72)
fake_11937.png,module_corruption,('module_corruption', 18, 10, 10)
fake_11938.png,module_corruption,('module_corruption', 7, 26, 11)
fake_11939.png,patch_overlay,('patch_overlay', 265, 127, 98, 98)
fake_11940.png,module_corruption,('module_corruption', 8, 15, 12)
fake_11941.png,patch_overlay,('patch_overlay', 7, 110, 72, 72)
fake_11942.png,module_corruption,('module_corruption', 10, 16, 13)
fake_11943.png,patch_overlay,('patch_overlay', 51, 167, 75, 75)
fake_11944.png,module_corruption,('module_corruption', 27, 11, 10)
fake_11945.png,patch_overlay,('patch_overlay', 313, 175, 66, 66)
fake_11946.png,patch_overlay,('patch_overlay', 139, 38, 64, 64)
fake_11947.png,module_corruption,('module_corruption', 8, 17, 14)
fake_11948.png,module_corruption,('module_corruption', 2, 11, 13)
fake_11949.png,patch_overlay,('patch_overlay', 104, 111, 88, 88)
fake_11950.png,module_corruption,('module_corruption', 11, 15, 11)
fake_11951.png,patch_overlay,('patch_overlay', 275, 281, 75, 75)
fake_11952.png,module_corruption,('module_corruption', 20, 10, 13)
fake_11953.png,patch_overlay,('patch_overlay', 192, 172, 59, 59)
fake_11954.png,patch_overlay,('patch_overlay', 84, 301, 59, 59)
fake_11955.png,module_corruption,('module_corruption', 27, 25, 9)
fake_11956.png,module_corruption,('module_corruption', 16, 23, 13)
fake_11957.png,module_corruption,('module_corruption', 7, 15, 11)
fake_11958.png,module_corruption,('module_corruption', 6, 19, 12)
fake_11959.png,module_corruption,('module_corruption', 22, 25, 10)
fake_11960.png,module_corruption,('module_corruption', 1, 7, 11)
fake_11961.png,patch_overlay,('patch_overlay', 204, 106, 96, 96)
fake_11962.png,module_corruption,('module_corruption', 4, 13, 10)
fake_11963.png,patch_overlay,('patch_overlay', 353, 62, 85, 85)
fake_11964.png,module_corruption,('module_corruption', 9, 13, 12)
fake_11965.png,patch_overlay,('patch_overlay', 145, 5, 85, 85)
fake_11966.png,patch_overlay,('patch_overlay', 232, 182, 72, 72)
fake_11967.png,patch_overlay,('patch_overlay', 334, 311, 75, 75)
fake_11968.png,module_corruption,('module_corruption', 27, 20, 10)
fake_11969.png,module_corruption,('module_corruption', 15, 16, 14)
fake_11970.png,module_corruption,('module_corruption', 5, 5, 12)
fake_11971.png,patch_overlay,('patch_overlay', 98, 174, 76, 76)
fake_11972.png,patch_overlay,('patch_overlay', 7, 253, 56, 56)
fake_11973.png,patch_overlay,('patch_overlay', 8, 200, 69, 69)
fake_11974.png,patch_overlay,('patch_overlay', 258, 344, 94, 94)
fake_11975.png,patch_overlay,('patch_overlay', 224, 105, 83, 83)
fake_11976.png,module_corruption,('module_corruption', 16, 6, 12)
fake_11977.png,patch_overlay,('patch_overlay', 217, 299, 92, 92)
fake_11978.png,module_corruption,('module_corruption', 22, 16, 9)
fake_11979.png,patch_overlay,('patch_overlay', 179, 228, 70, 70)
fake_11980.png,module_corruption,('module_corruption', 22, 19, 13)
fake_11981.png,patch_overlay,('patch_overlay', 24, 347, 74, 74)
fake_11982.png,module_corruption,('module_corruption', 12, 0, 10)
fake_11983.png,patch_overlay,('patch_overlay', 255, 144, 98, 98)
fake_11984.png,patch_overlay,('patch_overlay', 218, 223, 84, 84)
fake_11985.png,patch_overlay,('patch_overlay', 254, 282, 91, 91)
fake_11986.png,module_corruption,('module_corruption', 17, 16, 11)
fake_11987.png,patch_overlay,('patch_overlay', 128, 105, 68, 68)
fake_11988.png,patch_overlay,('patch_overlay', 357, 37, 64, 64)
fake_11989.png,module_corruption,('module_corruption', 8, 22, 10)
fake_11990.png,module_corruption,('module_corruption', 22, 7, 12)
fake_11991.png,patch_overlay,('patch_overlay', 269, 270, 80, 80)
fake_11992.png,patch_overlay,('patch_overlay', 352, 275, 67, 67)
fake_11993.png,module_corruption,('module_corruption', 4, 9, 12)
fake_11994.png,module_corruption,('module_corruption', 18, 17, 14)
fake_11995.png,module_corruption,('module_corruption', 7, 19, 9)
fake_11996.png,module_corruption,('module_corruption', 18, 15, 12)
fake_11997.png,module_corruption,('module_corruption', 14, 4, 10)
fake_11998.png,patch_overlay,('patch_overlay', 255, 281, 88, 88)
fake_11999.png,patch_overlay,('patch_overlay', 267, 309, 57, 57)
fake_12000.png,patch_overlay,('patch_overlay', 296, 368, 73, 73)
fake_12001.png,patch_overlay,('patch_overlay', 145, 31, 94, 94)
fake_12002.png,module_corruption,('module_corruption', 9, 19, 11)
fake_12003.png,module_corruption,('module_corruption', 2, 11, 12)
fake_12004.png,patch_overlay,('patch_overlay', 4, 171, 82, 82)
fake_12005.png,module_corruption,('module_corruption', 21, 18, 13)
fake_12006.png,module_corruption,('module_corruption', 12, 8, 9)
fake_12007.png,patch_overlay,('patch_overlay', 13, 320, 75, 75)
fake_12008.png,patch_overlay,('patch_overlay', 343, 84, 77, 77)
fake_12009.png,patch_overlay,('patch_overlay', 28, 161, 64, 64)
fake_12010.png,module_corruption,('module_corruption', 18, 19, 12)
fake_12011.png,module_corruption,('module_corruption', 12, 5, 12)
fake_12012.png,module_corruption,('module_corruption', 8, 23, 9)
fake_12013.png,patch_overlay,('patch_overlay', 210, 164, 62, 62)
fake_12014.png,module_corruption,('module_corruption', 13, 0, 13)
fake_12015.png,patch_overlay,('patch_overlay', 273, 147, 74, 74)
fake_12016.png,patch_overlay,('patch_overlay', 95, 22, 79, 79)
fake_12017.png,patch_overlay,('patch_overlay', 316, 390, 55, 55)
fake_12018.png,module_corruption,('module_corruption', 5, 15, 13)
fake_12019.png,module_corruption,('module_corruption', 12, 23, 12)
fake_12020.png,patch_overlay,('patch_overlay', 227, 32, 59, 59)
fake_12021.png,module_corruption,('module_corruption', 4, 7, 11)
fake_12022.png,module_corruption,('module_corruption', 14, 6, 9)
fake_12023.png,module_corruption,('module_corruption', 10, 2, 10)
fake_12024.png,patch_overlay,('patch_overlay', 47, 327, 89, 89)
fake_12025.png,patch_overlay,('patch_overlay', 44, 200, 62, 62)
fake_12026.png,module_corruption,('module_corruption', 17, 13, 12)
fake_12027.png,module_corruption,('module_corruption', 28, 6, 9)
fake_12028.png,patch_overlay,('patch_overlay', 232, 1, 72, 72)
fake_12029.png,module_corruption,('module_corruption', 23, 22, 9)
fake_12030.png,patch_overlay,('patch_overlay', 222, 67, 67, 67)
fake_12031.png,module_corruption,('module_corruption', 11, 1, 10)
fake_12032.png,module_corruption,('module_corruption', 9, 19, 12)
fake_12033.png,module_corruption,('module_corruption', 17, 0, 13)
fake_12034.png,patch_overlay,('patch_overlay', 41, 197, 57, 57)
fake_12035.png,module_corruption,('module_corruption', 18, 11, 13)
fake_12036.png,module_corruption,('module_corruption', 19, 28, 9)
fake_12037.png,patch_overlay,('patch_overlay', 328, 97, 98, 98)
fake_12038.png,patch_overlay,('patch_overlay', 315, 190, 87, 87)
fake_12039.png,patch_overlay,('patch_overlay', 329, 242, 97, 97)
fake_12040.png,module_corruption,('module_corruption', 10, 22, 13)
fake_12041.png,patch_overlay,('patch_overlay', 129, 37, 98, 98)
fake_12042.png,module_corruption,('module_corruption', 6, 2, 11)
fake_12043.png,module_corruption,('module_corruption', 14, 12, 12)
fake_12044.png,module_corruption,('module_corruption', 20, 4, 9)
fake_12045.png,patch_overlay,('patch_overlay', 185, 91, 80, 80)
fake_12046.png,module_corruption,('module_corruption', 8, 15, 12)
fake_12047.png,module_corruption,('module_corruption', 19, 23, 11)
fake_12048.png,module_corruption,('module_corruption', 19, 19, 13)
fake_12049.png,module_corruption,('module_corruption', 18, 7, 13)
fake_12050.png,module_corruption,('module_corruption', 11, 14, 12)
fake_12051.png,module_corruption,('module_corruption', 10, 0, 11)
fake_12052.png,module_corruption,('module_corruption', 21, 22, 9)
fake_12053.png,patch_overlay,('patch_overlay', 104, 98, 70, 70)
fake_12054.png,module_corruption,('module_corruption', 25, 8, 10)
fake_12055.png,patch_overlay,('patch_overlay', 27, 229, 88, 88)
fake_12056.png,module_corruption,('module_corruption', 6, 25, 9)
fake_12057.png,patch_overlay,('patch_overlay', 75, 287, 95, 95)
fake_12058.png,module_corruption,('module_corruption', 25, 22, 12)
fake_12059.png,module_corruption,('module_corruption', 8, 0, 11)
fake_12060.png,module_corruption,('module_corruption', 2, 18, 11)
fake_12061.png,patch_overlay,('patch_overlay', 7, 159, 94, 94)
fake_12062.png,patch_overlay,('patch_overlay', 135, 79, 63, 63)
fake_12063.png,patch_overlay,('patch_overlay', 136, 99, 61, 61)
fake_12064.png,module_corruption,('module_corruption', 19, 9, 11)
fake_12065.png,module_corruption,('module_corruption', 11, 15, 9)
fake_12066.png,patch_overlay,('patch_overlay', 323, 334, 70, 70)
fake_12067.png,module_corruption,('module_corruption', 16, 24, 11)
fake_12068.png,module_corruption,('module_corruption', 4, 22, 12)
fake_12069.png,module_corruption,('module_corruption', 1, 7, 12)
fake_12070.png,module_corruption,('module_corruption', 23, 6, 13)
fake_12071.png,module_corruption,('module_corruption', 19, 3, 12)
fake_12072.png,patch_overlay,('patch_overlay', 164, 64, 73, 73)
fake_12073.png,patch_overlay,('patch_overlay', 110, 324, 87, 87)
fake_12074.png,module_corruption,('module_corruption', 3, 15, 14)
fake_12075.png,patch_overlay,('patch_overlay', 92, 338, 54, 54)
fake_12076.png,patch_overlay,('patch_overlay', 129, 359, 64, 64)
fake_12077.png,patch_overlay,('patch_overlay', 282, 83, 73, 73)
fake_12078.png,patch_overlay,('patch_overlay', 353, 217, 89, 89)
fake_12079.png,patch_overlay,('patch_overlay', 68, 337, 95, 95)
fake_12080.png,patch_overlay,('patch_overlay', 147, 149, 87, 87)
fake_12081.png,patch_overlay,('patch_overlay', 66, 79, 79, 79)
fake_12082.png,module_corruption,('module_corruption', 0, 23, 14)
fake_12083.png,patch_overlay,('patch_overlay', 18, 13, 58, 58)
fake_12084.png,module_corruption,('module_corruption', 3, 24, 12)
fake_12085.png,patch_overlay,('patch_overlay', 359, 337, 55, 55)
fake_12086.png,patch_overlay,('patch_overlay', 329, 385, 61, 61)
fake_12087.png,module_corruption,('module_corruption', 20, 1, 11)
fake_12088.png,module_corruption,('module_corruption', 11, 14, 13)
fake_12089.png,module_corruption,('module_corruption', 19, 0, 14)
fake_12090.png,patch_overlay,('patch_overlay', 31, 111, 86, 86)
fake_12091.png,patch_overlay,('patch_overlay', 133, 156, 90, 90)
fake_12092.png,module_corruption,('module_corruption', 5, 9, 13)
fake_12093.png,patch_overlay,('patch_overlay', 204, 30, 61, 61)
fake_12094.png,patch_overlay,('patch_overlay', 264, 304, 96, 96)
fake_12095.png,module_corruption,('module_corruption', 10, 7, 10)
fake_12096.png,patch_overlay,('patch_overlay', 73, 71, 75, 75)
fake_12097.png,module_corruption,('module_corruption', 12, 24, 13)
fake_12098.png,module_corruption,('module_corruption', 12, 23, 9)
fake_12099.png,module_corruption,('module_corruption', 10, 10, 13)
fake_12100.png,module_corruption,('module_corruption', 12, 3, 14)
fake_12101.png,patch_overlay,('patch_overlay', 137, 196, 54, 54)
fake_12102.png,module_corruption,('module_corruption', 8, 25, 12)
fake_12103.png,module_corruption,('module_corruption', 20, 0, 13)
fake_12104.png,module_corruption,('module_corruption', 9, 2, 13)
fake_12105.png,module_corruption,('module_corruption', 2, 9, 11)
fake_12106.png,module_corruption,('module_corruption', 21, 18, 14)
fake_12107.png,patch_overlay,('patch_overlay', 179, 8, 56, 56)
fake_12108.png,module_corruption,('module_corruption', 20, 15, 13)
fake_12109.png,module_corruption,('module_corruption', 2, 27, 10)
fake_12110.png,patch_overlay,('patch_overlay', 243, 311, 60, 60)
fake_12111.png,patch_overlay,('patch_overlay', 48, 83, 64, 64)
fake_12112.png,module_corruption,('module_corruption', 20, 8, 14)
fake_12113.png,patch_overlay,('patch_overlay', 129, 130, 82, 82)
fake_12114.png,patch_overlay,('patch_overlay', 151, 248, 78, 78)
fake_12115.png,patch_overlay,('patch_overlay', 332, 52, 71, 71)
fake_12116.png,patch_overlay,('patch_overlay', 107, 83, 79, 79)
fake_12117.png,module_corruption,('module_corruption', 1, 5, 9)
fake_12118.png,module_corruption,('module_corruption', 6, 24, 9)
fake_12119.png,patch_overlay,('patch_overlay', 2, 85, 88, 88)
fake_12120.png,module_corruption,('module_corruption', 14, 24, 10)
fake_12121.png,module_corruption,('module_corruption', 13, 19, 13)
fake_12122.png,patch_overlay,('patch_overlay', 88, 99, 82, 82)
fake_12123.png,module_corruption,('module_corruption', 21, 22, 14)
fake_12124.png,module_corruption,('module_corruption', 0, 19, 13)
fake_12125.png,patch_overlay,('patch_overlay', 293, 108, 67, 67)
fake_12126.png,module_corruption,('module_corruption', 4, 10, 12)
fake_12127.png,module_corruption,('module_corruption', 3, 3, 13)
fake_12128.png,patch_overlay,('patch_overlay', 43, 139, 55, 55)
fake_12129.png,patch_overlay,('patch_overlay', 83, 348, 58, 58)
fake_12130.png,module_corruption,('module_corruption', 10, 21, 13)
fake_12131.png,patch_overlay,('patch_overlay', 274, 135, 63, 63)
fake_12132.png,patch_overlay,('patch_overlay', 103, 339, 64, 64)
fake_12133.png,patch_overlay,('patch_overlay', 305, 313, 94, 94)
fake_12134.png,patch_overlay,('patch_overlay', 14, 16, 89, 89)
fake_12135.png,module_corruption,('module_corruption', 17, 25, 11)
fake_12136.png,patch_overlay,('patch_overlay', 109, 203, 83, 83)
fake_12137.png,module_corruption,('module_corruption', 7, 11, 12)
fake_12138.png,module_corruption,('module_corruption', 9, 9, 10)
fake_12139.png,patch_overlay,('patch_overlay', 25, 283, 98, 98)
fake_12140.png,patch_overlay,('patch_overlay', 156, 29, 57, 57)
fake_12141.png,patch_overlay,('patch_overlay', 274, 305, 71, 71)
fake_12142.png,module_corruption,('module_corruption', 20, 23, 13)
fake_12143.png,module_corruption,('module_corruption', 10, 13, 13)
fake_12144.png,patch_overlay,('patch_overlay', 91, 85, 80, 80)
fake_12145.png,patch_overlay,('patch_overlay', 308, 24, 92, 92)
fake_12146.png,module_corruption,('module_corruption', 22, 0, 12)
fake_12147.png,module_corruption,('module_corruption', 11, 7, 12)
fake_12148.png,patch_overlay,('patch_overlay', 331, 160, 57, 57)
fake_12149.png,module_corruption,('module_corruption', 18, 0, 12)
fake_12150.png,patch_overlay,('patch_overlay', 187, 308, 78, 78)
fake_12151.png,module_corruption,('module_corruption', 16, 16, 14)
fake_12152.png,module_corruption,('module_corruption', 10, 20, 13)
fake_12153.png,module_corruption,('module_corruption', 14, 18, 14)
fake_12154.png,module_corruption,('module_corruption', 16, 11, 12)
fake_12155.png,module_corruption,('module_corruption', 22, 18, 9)
fake_12156.png,module_corruption,('module_corruption', 5, 23, 9)
fake_12157.png,patch_overlay,('patch_overlay', 70, 70, 78, 78)
fake_12158.png,patch_overlay,('patch_overlay', 370, 38, 62, 62)
fake_12159.png,patch_overlay,('patch_overlay', 111, 192, 94, 94)
fake_12160.png,module_corruption,('module_corruption', 22, 23, 12)
fake_12161.png,module_corruption,('module_corruption', 1, 8, 13)
fake_12162.png,patch_overlay,('patch_overlay', 235, 134, 83, 83)
fake_12163.png,patch_overlay,('patch_overlay', 236, 206, 70, 70)
fake_12164.png,patch_overlay,('patch_overlay', 31, 278, 59, 59)
fake_12165.png,patch_overlay,('patch_overlay', 27, 17, 97, 97)
fake_12166.png,module_corruption,('module_corruption', 24, 5, 13)
fake_12167.png,module_corruption,('module_corruption', 12, 25, 10)
fake_12168.png,module_corruption,('module_corruption', 8, 24, 12)
fake_12169.png,patch_overlay,('patch_overlay', 297, 227, 54, 54)
fake_12170.png,module_corruption,('module_corruption', 23, 26, 11)
fake_12171.png,patch_overlay,('patch_overlay', 369, 315, 68, 68)
fake_12172.png,patch_overlay,('patch_overlay', 100, 272, 63, 63)
fake_12173.png,module_corruption,('module_corruption', 9, 28, 9)
fake_12174.png,patch_overlay,('patch_overlay', 207, 127, 87, 87)
fake_12175.png,module_corruption,('module_corruption', 8, 13, 13)
fake_12176.png,module_corruption,('module_corruption', 10, 15, 11)
fake_12177.png,module_corruption,('module_corruption', 3, 14, 12)
fake_12178.png,patch_overlay,('patch_overlay', 48, 298, 93, 93)
fake_12179.png,patch_overlay,('patch_overlay', 332, 25, 86, 86)
fake_12180.png,module_corruption,('module_corruption', 10, 6, 9)
fake_12181.png,module_corruption,('module_corruption', 9, 9, 9)
fake_12182.png,module_corruption,('module_corruption', 0, 0, 11)
fake_12183.png,module_corruption,('module_corruption', 17, 9, 11)
fake_12184.png,module_corruption,('module_corruption', 7, 10, 13)
fake_12185.png,patch_overlay,('patch_overlay', 368, 307, 60, 60)
fake_12186.png,module_corruption,('module_corruption', 25, 1, 10)
fake_12187.png,patch_overlay,('patch_overlay', 194, 199, 93, 93)
fake_12188.png,module_corruption,('module_corruption', 20, 22, 13)
fake_12189.png,patch_overlay,('patch_overlay', 289, 65, 62, 62)
fake_12190.png,module_corruption,('module_corruption', 12, 19, 12)
fake_12191.png,patch_overlay,('patch_overlay', 19, 33, 54, 54)
fake_12192.png,module_corruption,('module_corruption', 0, 12, 13)
fake_12193.png,patch_overlay,('patch_overlay', 109, 136, 70, 70)
fake_12194.png,module_corruption,('module_corruption', 19, 19, 13)
fake_12195.png,patch_overlay,('patch_overlay', 180, 227, 82, 82)
fake_12196.png,module_corruption,('module_corruption', 20, 20, 12)
fake_12197.png,patch_overlay,('patch_overlay', 246, 159, 67, 67)
fake_12198.png,patch_overlay,('patch_overlay', 341, 94, 89, 89)
fake_12199.png,module_corruption,('module_corruption', 9, 21, 13)
fake_12200.png,patch_overlay,('patch_overlay', 56, 288, 97, 97)
fake_12201.png,patch_overlay,('patch_overlay', 107, 118, 86, 86)
fake_12202.png,module_corruption,('module_corruption', 4, 7, 10)
fake_12203.png,patch_overlay,('patch_overlay', 379, 325, 56, 56)
fake_12204.png,patch_overlay,('patch_overlay', 339, 48, 68, 68)
fake_12205.png,patch_overlay,('patch_overlay', 124, 51, 56, 56)
fake_12206.png,patch_overlay,('patch_overlay', 298, 276, 65, 65)
fake_12207.png,module_corruption,('module_corruption', 16, 22, 11)
fake_12208.png,patch_overlay,('patch_overlay', 162, 86, 96, 96)
fake_12209.png,module_corruption,('module_corruption', 3, 20, 11)
fake_12210.png,patch_overlay,('patch_overlay', 340, 349, 87, 87)
fake_12211.png,module_corruption,('module_corruption', 6, 20, 12)
fake_12212.png,module_corruption,('module_corruption', 1, 5, 13)
fake_12213.png,patch_overlay,('patch_overlay', 254, 268, 73, 73)
fake_12214.png,module_corruption,('module_corruption', 11, 1, 13)
fake_12215.png,module_corruption,('module_corruption', 3, 24, 12)
fake_12216.png,patch_overlay,('patch_overlay', 99, 244, 86, 86)
fake_12217.png,module_corruption,('module_corruption', 1, 2, 13)
fake_12218.png,patch_overlay,('patch_overlay', 66, 25, 71, 71)
fake_12219.png,module_corruption,('module_corruption', 10, 28, 9)
fake_12220.png,patch_overlay,('patch_overlay', 154, 101, 94, 94)
fake_12221.png,patch_overlay,('patch_overlay', 18, 181, 83, 83)
fake_12222.png,patch_overlay,('patch_overlay', 170, 287, 67, 67)
fake_12223.png,patch_overlay,('patch_overlay', 188, 111, 69, 69)
fake_12224.png,module_corruption,('module_corruption', 8, 9, 9)
fake_12225.png,patch_overlay,('patch_overlay', 277, 82, 83, 83)
fake_12226.png,patch_overlay,('patch_overlay', 206, 74, 79, 79)
fake_12227.png,module_corruption,('module_corruption', 24, 10, 11)
fake_12228.png,module_corruption,('module_corruption', 9, 9, 10)
fake_12229.png,module_corruption,('module_corruption', 22, 19, 14)
fake_12230.png,module_corruption,('module_corruption', 18, 17, 10)
fake_12231.png,module_corruption,('module_corruption', 8, 11, 12)
fake_12232.png,module_corruption,('module_corruption', 17, 22, 11)
fake_12233.png,patch_overlay,('patch_overlay', 135, 78, 54, 54)
fake_12234.png,module_corruption,('module_corruption', 5, 3, 11)
fake_12235.png,module_corruption,('module_corruption', 12, 3, 11)
fake_12236.png,patch_overlay,('patch_overlay', 187, 16, 64, 64)
fake_12237.png,module_corruption,('module_corruption', 5, 3, 12)
fake_12238.png,patch_overlay,('patch_overlay', 68, 301, 76, 76)
fake_12239.png,module_corruption,('module_corruption', 27, 3, 10)
fake_12240.png,patch_overlay,('patch_overlay', 265, 211, 58, 58)
fake_12241.png,module_corruption,('module_corruption', 20, 16, 9)
fake_12242.png,module_corruption,('module_corruption', 6, 16, 11)
fake_12243.png,module_corruption,('module_corruption', 6, 10, 14)
fake_12244.png,patch_overlay,('patch_overlay', 23, 61, 85, 85)
fake_12245.png,patch_overlay,('patch_overlay', 42, 238, 91, 91)
fake_12246.png,patch_overlay,('patch_overlay', 45, 18, 69, 69)
fake_12247.png,patch_overlay,('patch_overlay', 3, 332, 63, 63)
fake_12248.png,patch_overlay,('patch_overlay', 290, 53, 81, 81)
fake_12249.png,module_corruption,('module_corruption', 9, 16, 13)
fake_12250.png,module_corruption,('module_corruption', 2, 25, 11)
fake_12251.png,patch_overlay,('patch_overlay', 46, 190, 58, 58)
fake_12252.png,module_corruption,('module_corruption', 1, 19, 12)
fake_12253.png,module_corruption,('module_corruption', 2, 17, 11)
fake_12254.png,patch_overlay,('patch_overlay', 47, 169, 58, 58)
fake_12255.png,module_corruption,('module_corruption', 23, 9, 9)
fake_12256.png,patch_overlay,('patch_overlay', 137, 205, 61, 61)
fake_12257.png,module_corruption,('module_corruption', 3, 9, 12)
fake_12258.png,patch_overlay,('patch_overlay', 267, 273, 87, 87)
fake_12259.png,patch_overlay,('patch_overlay', 189, 337, 69, 69)
fake_12260.png,module_corruption,('module_corruption', 14, 21, 13)
fake_12261.png,module_corruption,('module_corruption', 10, 9, 12)
fake_12262.png,module_corruption,('module_corruption', 18, 4, 12)
fake_12263.png,patch_overlay,('patch_overlay', 11, 167, 80, 80)
fake_12264.png,patch_overlay,('patch_overlay', 18, 93, 58, 58)
fake_12265.png,module_corruption,('module_corruption', 0, 2, 11)
fake_12266.png,patch_overlay,('patch_overlay', 102, 70, 55, 55)
fake_12267.png,module_corruption,('module_corruption', 0, 6, 11)
fake_12268.png,module_corruption,('module_corruption', 7, 17, 9)
fake_12269.png,patch_overlay,('patch_overlay', 297, 54, 71, 71)
fake_12270.png,module_corruption,('module_corruption', 2, 19, 13)
fake_12271.png,patch_overlay,('patch_overlay', 202, 215, 66, 66)
fake_12272.png,module_corruption,('module_corruption', 19, 10, 11)
fake_12273.png,patch_overlay,('patch_overlay', 70, 169, 71, 71)
fake_12274.png,patch_overlay,('patch_overlay', 128, 387, 60, 60)
fake_12275.png,module_corruption,('module_corruption', 15, 27, 9)
fake_12276.png,patch_overlay,('patch_overlay', 220, 206, 58, 58)
fake_12277.png,patch_overlay,('patch_overlay', 158, 146, 59, 59)
fake_12278.png,patch_overlay,('patch_overlay', 366, 178, 56, 56)
fake_12279.png,patch_overlay,('patch_overlay', 357, 243, 72, 72)
fake_12280.png,patch_overlay,('patch_overlay', 93, 252, 76, 76)
fake_12281.png,patch_overlay,('patch_overlay', 348, 52, 78, 78)
fake_12282.png,patch_overlay,('patch_overlay', 136, 321, 78, 78)
fake_12283.png,module_corruption,('module_corruption', 26, 4, 9)
fake_12284.png,module_corruption,('module_corruption', 6, 1, 13)
fake_12285.png,patch_overlay,('patch_overlay', 54, 157, 61, 61)
fake_12286.png,patch_overlay,('patch_overlay', 29, 310, 68, 68)
fake_12287.png,patch_overlay,('patch_overlay', 44, 312, 56, 56)
fake_12288.png,module_corruption,('module_corruption', 15, 5, 9)
fake_12289.png,module_corruption,('module_corruption', 9, 4, 13)
fake_12290.png,module_corruption,('module_corruption', 2, 3, 10)
fake_12291.png,module_corruption,('module_corruption', 20, 26, 10)
fake_12292.png,module_corruption,('module_corruption', 1, 25, 9)
fake_12293.png,module_corruption,('module_corruption', 15, 5, 11)
fake_12294.png,module_corruption,('module_corruption', 5, 24, 11)
fake_12295.png,module_corruption,('module_corruption', 2, 22, 13)
fake_12296.png,module_corruption,('module_corruption', 19, 10, 13)
fake_12297.png,module_corruption,('module_corruption', 19, 19, 14)
fake_12298.png,module_corruption,('module_corruption', 6, 21, 12)
fake_12299.png,module_corruption,('module_corruption', 19, 21, 13)
fake_12300.png,module_corruption,('module_corruption', 16, 6, 9)
fake_12301.png,module_corruption,('module_corruption', 1, 21, 10)
fake_12302.png,module_corruption,('module_corruption', 7, 4, 9)
fake_12303.png,module_corruption,('module_corruption', 0, 22, 12)
fake_12304.png,module_corruption,('module_corruption', 2, 16, 9)
fake_12305.png,patch_overlay,('patch_overlay', 117, 236, 72, 72)
fake_12306.png,patch_overlay,('patch_overlay', 341, 365, 67, 67)
fake_12307.png,patch_overlay,('patch_overlay', 192, 271, 62, 62)
fake_12308.png,patch_overlay,('patch_overlay', 0, 297, 63, 63)
fake_12309.png,patch_overlay,('patch_overlay', 116, 234, 80, 80)
fake_12310.png,patch_overlay,('patch_overlay', 350, 276, 84, 84)
fake_12311.png,module_corruption,('module_corruption', 24, 14, 12)
fake_12312.png,module_corruption,('module_corruption', 14, 22, 9)
fake_12313.png,module_corruption,('module_corruption', 13, 4, 13)
fake_12314.png,module_corruption,('module_corruption', 17, 28, 9)
fake_12315.png,module_corruption,('module_corruption', 22, 7, 10)
fake_12316.png,patch_overlay,('patch_overlay', 343, 119, 97, 97)
fake_12317.png,patch_overlay,('patch_overlay', 273, 357, 57, 57)
fake_12318.png,patch_overlay,('patch_overlay', 168, 62, 73, 73)
fake_12319.png,patch_overlay,('patch_overlay', 6, 2, 97, 97)
fake_12320.png,module_corruption,('module_corruption', 27, 1, 9)
fake_12321.png,patch_overlay,('patch_overlay', 331, 184, 81, 81)
fake_12322.png,module_corruption,('module_corruption', 25, 2, 12)
fake_12323.png,module_corruption,('module_corruption', 21, 14, 9)
fake_12324.png,patch_overlay,('patch_overlay', 241, 159, 87, 87)
fake_12325.png,module_corruption,('module_corruption', 10, 20, 12)
fake_12326.png,patch_overlay,('patch_overlay', 182, 38, 80, 80)
fake_12327.png,patch_overlay,('patch_overlay', 163, 292, 73, 73)
fake_12328.png,module_corruption,('module_corruption', 4, 14, 13)
fake_12329.png,module_corruption,('module_corruption', 14, 18, 13)
fake_12330.png,module_corruption,('module_corruption', 22, 14, 9)
fake_12331.png,patch_overlay,('patch_overlay', 343, 257, 55, 55)
fake_12332.png,patch_overlay,('patch_overlay', 69, 123, 83, 83)
fake_12333.png,patch_overlay,('patch_overlay', 156, 171, 67, 67)
fake_12334.png,module_corruption,('module_corruption', 12, 5, 13)
fake_12335.png,module_corruption,('module_corruption', 17, 28, 9)
fake_12336.png,module_corruption,('module_corruption', 16, 3, 11)
fake_12337.png,patch_overlay,('patch_overlay', 208, 211, 56, 56)
fake_12338.png,patch_overlay,('patch_overlay', 59, 290, 83, 83)
fake_12339.png,patch_overlay,('patch_overlay', 31, 34, 80, 80)
fake_12340.png,patch_overlay,('patch_overlay', 216, 1, 68, 68)
fake_12341.png,module_corruption,('module_corruption', 3, 7, 10)
fake_12342.png,module_corruption,('module_corruption', 17, 5, 10)
fake_12343.png,patch_overlay,('patch_overlay', 251, 12, 59, 59)
fake_12344.png,module_corruption,('module_corruption', 15, 24, 10)
fake_12345.png,module_corruption,('module_corruption', 21, 12, 11)
fake_12346.png,patch_overlay,('patch_overlay', 225, 72, 82, 82)
fake_12347.png,patch_overlay,('patch_overlay', 282, 381, 61, 61)
fake_12348.png,module_corruption,('module_corruption', 17, 22, 13)
fake_12349.png,patch_overlay,('patch_overlay', 279, 232, 74, 74)
fake_12350.png,patch_overlay,('patch_overlay', 344, 256, 69, 69)
fake_12351.png,module_corruption,('module_corruption', 7, 22, 9)
fake_12352.png,module_corruption,('module_corruption', 16, 2, 10)
fake_12353.png,module_corruption,('module_corruption', 17, 21, 9)
fake_12354.png,module_corruption,('module_corruption', 16, 19, 11)
fake_12355.png,module_corruption,('module_corruption', 20, 13, 10)
fake_12356.png,patch_overlay,('patch_overlay', 154, 72, 83, 83)
fake_12357.png,module_corruption,('module_corruption', 11, 23, 13)
fake_12358.png,patch_overlay,('patch_overlay', 273, 126, 80, 80)
fake_12359.png,patch_overlay,('patch_overlay', 8, 330, 86, 86)
fake_12360.png,module_corruption,('module_corruption', 17, 11, 13)
fake_12361.png,module_corruption,('module_corruption', 19, 23, 12)
fake_12362.png,module_corruption,('module_corruption', 24, 22, 13)
fake_12363.png,module_corruption,('module_corruption', 22, 18, 9)
fake_12364.png,patch_overlay,('patch_overlay', 141, 213, 60, 60)
fake_12365.png,module_corruption,('module_corruption', 25, 0, 11)
fake_12366.png,patch_overlay,('patch_overlay', 258, 101, 94, 94)
fake_12367.png,module_corruption,('module_corruption', 11, 15, 12)
fake_12368.png,patch_overlay,('patch_overlay', 40, 242, 73, 73)
fake_12369.png,module_corruption,('module_corruption', 12, 9, 10)
fake_12370.png,patch_overlay,('patch_overlay', 86, 171, 90, 90)
fake_12371.png,module_corruption,('module_corruption', 10, 16, 12)
fake_12372.png,module_corruption,('module_corruption', 9, 5, 12)
fake_12373.png,module_corruption,('module_corruption', 21, 5, 9)
fake_12374.png,module_corruption,('module_corruption', 8, 14, 13)
fake_12375.png,patch_overlay,('patch_overlay', 89, 75, 88, 88)
fake_12376.png,patch_overlay,('patch_overlay', 195, 66, 58, 58)
fake_12377.png,module_corruption,('module_corruption', 7, 2, 10)
fake_12378.png,module_corruption,('module_corruption', 12, 0, 13)
fake_12379.png,patch_overlay,('patch_overlay', 258, 364, 74, 74)
fake_12380.png,patch_overlay,('patch_overlay', 202, 142, 75, 75)
fake_12381.png,patch_overlay,('patch_overlay', 118, 131, 93, 93)
fake_12382.png,module_corruption,('module_corruption', 9, 15, 10)
fake_12383.png,patch_overlay,('patch_overlay', 313, 28, 72, 72)
fake_12384.png,patch_overlay,('patch_overlay', 293, 58, 64, 64)
fake_12385.png,patch_overlay,('patch_overlay', 214, 227, 58, 58)
fake_12386.png,patch_overlay,('patch_overlay', 273, 211, 96, 96)
fake_12387.png,module_corruption,('module_corruption', 8, 11, 10)
fake_12388.png,module_corruption,('module_corruption', 22, 5, 11)
fake_12389.png,patch_overlay,('patch_overlay', 282, 205, 85, 85)
fake_12390.png,patch_overlay,('patch_overlay', 302, 219, 85, 85)
fake_12391.png,module_corruption,('module_corruption', 4, 14, 12)
fake_12392.png,patch_overlay,('patch_overlay', 287, 283, 60, 60)
fake_12393.png,module_corruption,('module_corruption', 10, 18, 11)
fake_12394.png,patch_overlay,('patch_overlay', 200, 201, 60, 60)
fake_12395.png,module_corruption,('module_corruption', 24, 26, 10)
fake_12396.png,module_corruption,('module_corruption', 14, 23, 12)
fake_12397.png,patch_overlay,('patch_overlay', 105, 327, 55, 55)
fake_12398.png,patch_overlay,('patch_overlay', 275, 46, 62, 62)
fake_12399.png,module_corruption,('module_corruption', 23, 10, 14)
fake_12400.png,patch_overlay,('patch_overlay', 174, 247, 70, 70)
fake_12401.png,patch_overlay,('patch_overlay', 287, 96, 66, 66)
fake_12402.png,patch_overlay,('patch_overlay', 19, 331, 77, 77)
fake_12403.png,module_corruption,('module_corruption', 5, 16, 13)
fake_12404.png,patch_overlay,('patch_overlay', 55, 367, 78, 78)
fake_12405.png,module_corruption,('module_corruption', 23, 10, 14)
fake_12406.png,patch_overlay,('patch_overlay', 181, 14, 79, 79)
fake_12407.png,patch_overlay,('patch_overlay', 182, 12, 85, 85)
fake_12408.png,patch_overlay,('patch_overlay', 121, 101, 59, 59)
fake_12409.png,module_corruption,('module_corruption', 2, 24, 9)
fake_12410.png,module_corruption,('module_corruption', 11, 18, 13)
fake_12411.png,patch_overlay,('patch_overlay', 340, 348, 62, 62)
fake_12412.png,module_corruption,('module_corruption', 26, 26, 9)
fake_12413.png,patch_overlay,('patch_overlay', 297, 276, 54, 54)
fake_12414.png,module_corruption,('module_corruption', 11, 12, 11)
fake_12415.png,patch_overlay,('patch_overlay', 22, 33, 74, 74)
fake_12416.png,patch_overlay,('patch_overlay', 163, 308, 88, 88)
fake_12417.png,patch_overlay,('patch_overlay', 8, 122, 74, 74)
fake_12418.png,module_corruption,('module_corruption', 6, 13, 10)
fake_12419.png,module_corruption,('module_corruption', 25, 13, 11)
fake_12420.png,module_corruption,('module_corruption', 2, 16, 13)
fake_12421.png,module_corruption,('module_corruption', 26, 7, 11)
fake_12422.png,patch_overlay,('patch_overlay', 276, 211, 75, 75)
fake_12423.png,module_corruption,('module_corruption', 27, 6, 10)
fake_12424.png,module_corruption,('module_corruption', 20, 6, 12)
fake_12425.png,patch_overlay,('patch_overlay', 151, 3, 62, 62)
fake_12426.png,patch_overlay,('patch_overlay', 278, 192, 97, 97)
fake_12427.png,module_corruption,('module_corruption', 11, 23, 12)
fake_12428.png,module_corruption,('module_corruption', 7, 23, 10)
fake_12429.png,patch_overlay,('patch_overlay', 51, 300, 75, 75)
fake_12430.png,module_corruption,('module_corruption', 15, 17, 12)
fake_12431.png,module_corruption,('module_corruption', 4, 21, 14)
fake_12432.png,module_corruption,('module_corruption', 10, 7, 12)
fake_12433.png,patch_overlay,('patch_overlay', 230, 96, 91, 91)
fake_12434.png,patch_overlay,('patch_overlay', 283, 337, 58, 58)
fake_12435.png,patch_overlay,('patch_overlay', 256, 284, 75, 75)
fake_12436.png,patch_overlay,('patch_overlay', 367, 295, 77, 77)
fake_12437.png,patch_overlay,('patch_overlay', 105, 376, 73, 73)
fake_12438.png,patch_overlay,('patch_overlay', 333, 196, 56, 56)
fake_12439.png,patch_overlay,('patch_overlay', 105, 108, 88, 88)
fake_12440.png,module_corruption,('module_corruption', 10, 7, 12)
fake_12441.png,module_corruption,('module_corruption', 0, 22, 10)
fake_12442.png,patch_overlay,('patch_overlay', 51, 357, 73, 73)
fake_12443.png,patch_overlay,('patch_overlay', 345, 169, 69, 69)
fake_12444.png,patch_overlay,('patch_overlay', 44, 58, 61, 61)
fake_12445.png,module_corruption,('module_corruption', 28, 6, 9)
fake_12446.png,patch_overlay,('patch_overlay', 238, 9, 68, 68)
fake_12447.png,module_corruption,('module_corruption', 16, 15, 9)
fake_12448.png,patch_overlay,('patch_overlay', 1, 28, 66, 66)
fake_12449.png,module_corruption,('module_corruption', 9, 14, 14)
fake_12450.png,patch_overlay,('patch_overlay', 276, 151, 79, 79)
fake_12451.png,patch_overlay,('patch_overlay', 136, 166, 72, 72)
fake_12452.png,module_corruption,('module_corruption', 16, 5, 14)
fake_12453.png,patch_overlay,('patch_overlay', 205, 233, 94, 94)
fake_12454.png,patch_overlay,('patch_overlay', 35, 167, 59, 59)
fake_12455.png,patch_overlay,('patch_overlay', 128, 5, 57, 57)
fake_12456.png,module_corruption,('module_corruption', 19, 14, 11)
fake_12457.png,patch_overlay,('patch_overlay', 240, 346, 66, 66)
fake_12458.png,patch_overlay,('patch_overlay', 315, 213, 88, 88)
fake_12459.png,patch_overlay,('patch_overlay', 173, 97, 98, 98)
fake_12460.png,module_corruption,('module_corruption', 6, 1, 14)
fake_12461.png,module_corruption,('module_corruption', 15, 19, 11)
fake_12462.png,module_corruption,('module_corruption', 1, 6, 9)
fake_12463.png,module_corruption,('module_corruption', 2, 10, 13)
fake_12464.png,module_corruption,('module_corruption', 2, 11, 10)
fake_12465.png,module_corruption,('module_corruption', 4, 3, 9)
fake_12466.png,module_corruption,('module_corruption', 26, 23, 11)
fake_12467.png,module_corruption,('module_corruption', 7, 22, 9)
fake_12468.png,patch_overlay,('patch_overlay', 316, 325, 82, 82)
fake_12469.png,module_corruption,('module_corruption', 4, 13, 12)
fake_12470.png,module_corruption,('module_corruption', 7, 23, 13)
fake_12471.png,patch_overlay,('patch_overlay', 158, 350, 70, 70)
fake_12472.png,patch_overlay,('patch_overlay', 129, 25, 71, 71)
fake_12473.png,patch_overlay,('patch_overlay', 126, 302, 78, 78)
fake_12474.png,patch_overlay,('patch_overlay', 213, 320, 89, 89)
fake_12475.png,module_corruption,('module_corruption', 10, 22, 12)
fake_12476.png,patch_overlay,('patch_overlay', 341, 0, 78, 78)
fake_12477.png,module_corruption,('module_corruption', 0, 22, 12)
fake_12478.png,patch_overlay,('patch_overlay', 170, 176, 59, 59)
fake_12479.png,module_corruption,('module_corruption', 4, 18, 13)
fake_12480.png,patch_overlay,('patch_overlay', 18, 346, 69, 69)
fake_12481.png,patch_overlay,('patch_overlay', 312, 291, 64, 64)
fake_12482.png,module_corruption,('module_corruption', 4, 10, 11)
fake_12483.png,module_corruption,('module_corruption', 17, 2, 9)
fake_12484.png,module_corruption,('module_corruption', 19, 16, 12)
fake_12485.png,patch_overlay,('patch_overlay', 346, 298, 72, 72)
fake_12486.png,patch_overlay,('patch_overlay', 63, 163, 56, 56)
fake_12487.png,patch_overlay,('patch_overlay', 158, 315, 88, 88)
fake_12488.png,patch_overlay,('patch_overlay', 209, 176, 63, 63)
fake_12489.png,patch_overlay,('patch_overlay', 238, 41, 97, 97)
fake_12490.png,module_corruption,('module_corruption', 21, 12, 12)
fake_12491.png,module_corruption,('module_corruption', 10, 0, 13)
fake_12492.png,patch_overlay,('patch_overlay', 260, 360, 68, 68)
fake_12493.png,module_corruption,('module_corruption', 18, 10, 14)
fake_12494.png,patch_overlay,('patch_overlay', 71, 0, 55, 55)
fake_12495.png,patch_overlay,('patch_overlay', 128, 47, 97, 97)
fake_12496.png,patch_overlay,('patch_overlay', 290, 33, 97, 97)
fake_12497.png,patch_overlay,('patch_overlay', 108, 327, 94, 94)
fake_12498.png,module_corruption,('module_corruption', 20, 10, 12)
fake_12499.png,patch_overlay,('patch_overlay', 120, 39, 66, 66)
fake_12500.png,patch_overlay,('patch_overlay', 309, 224, 68, 68)
fake_12501.png,patch_overlay,('patch_overlay', 254, 164, 85, 85)
fake_12502.png,patch_overlay,('patch_overlay', 132, 306, 91, 91)
fake_12503.png,module_corruption,('module_corruption', 1, 5, 9)
fake_12504.png,module_corruption,('module_corruption', 19, 23, 11)
fake_12505.png,patch_overlay,('patch_overlay', 48, 268, 58, 58)
fake_12506.png,module_corruption,('module_corruption', 3, 10, 12)
fake_12507.png,patch_overlay,('patch_overlay', 165, 181, 98, 98)
fake_12508.png,patch_overlay,('patch_overlay', 146, 134, 87, 87)
fake_12509.png,patch_overlay,('patch_overlay', 278, 72, 88, 88)
fake_12510.png,module_corruption,('module_corruption', 20, 0, 10)
fake_12511.png,patch_overlay,('patch_overlay', 223, 247, 80, 80)
fake_12512.png,module_corruption,('module_corruption', 10, 21, 10)
fake_12513.png,patch_overlay,('patch_overlay', 111, 39, 88, 88)
fake_12514.png,module_corruption,('module_corruption', 25, 26, 9)
fake_12515.png,module_corruption,('module_corruption', 8, 9, 13)
fake_12516.png,module_corruption,('module_corruption', 12, 25, 9)
fake_12517.png,module_corruption,('module_corruption', 26, 17, 10)
fake_12518.png,module_corruption,('module_corruption', 20, 10, 9)
fake_12519.png,module_corruption,('module_corruption', 12, 22, 13)
fake_12520.png,module_corruption,('module_corruption', 7, 24, 13)
fake_12521.png,module_corruption,('module_corruption', 1, 13, 13)
fake_12522.png,patch_overlay,('patch_overlay', 97, 225, 69, 69)
fake_12523.png,patch_overlay,('patch_overlay', 285, 55, 66, 66)
fake_12524.png,module_corruption,('module_corruption', 18, 22, 13)
fake_12525.png,module_corruption,('module_corruption', 23, 15, 11)
fake_12526.png,patch_overlay,('patch_overlay', 45, 147, 72, 72)
fake_12527.png,module_corruption,('module_corruption', 17, 9, 12)
fake_12528.png,patch_overlay,('patch_overlay', 21, 61, 59, 59)
fake_12529.png,patch_overlay,('patch_overlay', 57, 276, 95, 95)
fake_12530.png,patch_overlay,('patch_overlay', 40, 341, 69, 69)
fake_12531.png,module_corruption,('module_corruption', 25, 5, 11)
fake_12532.png,module_corruption,('module_corruption', 4, 12, 12)
fake_12533.png,module_corruption,('module_corruption', 8, 11, 11)
fake_12534.png,module_corruption,('module_corruption', 3, 6, 10)
fake_12535.png,module_corruption,('module_corruption', 20, 21, 10)
fake_12536.png,module_corruption,('module_corruption', 25, 6, 9)
fake_12537.png,patch_overlay,('patch_overlay', 295, 197, 77, 77)
fake_12538.png,module_corruption,('module_corruption', 7, 7, 9)
fake_12539.png,patch_overlay,('patch_overlay', 80, 75, 73, 73)
fake_12540.png,module_corruption,('module_corruption', 7, 2, 13)
fake_12541.png,module_corruption,('module_corruption', 0, 14, 9)
fake_12542.png,module_corruption,('module_corruption', 24, 26, 11)
fake_12543.png,module_corruption,('module_corruption', 24, 17, 13)
fake_12544.png,module_corruption,('module_corruption', 21, 13, 14)
fake_12545.png,patch_overlay,('patch_overlay', 277, 348, 74, 74)
fake_12546.png,patch_overlay,('patch_overlay', 296, 110, 90, 90)
fake_12547.png,patch_overlay,('patch_overlay', 257, 258, 98, 98)
fake_12548.png,patch_overlay,('patch_overlay', 40, 135, 83, 83)
fake_12549.png,module_corruption,('module_corruption', 10, 28, 9)
fake_12550.png,module_corruption,('module_corruption', 24, 11, 13)
fake_12551.png,module_corruption,('module_corruption', 23, 6, 13)
fake_12552.png,patch_overlay,('patch_overlay', 69, 199, 86, 86)
fake_12553.png,module_corruption,('module_corruption', 19, 23, 10)
fake_12554.png,patch_overlay,('patch_overlay', 239, 261, 89, 89)
fake_12555.png,patch_overlay,('patch_overlay', 323, 328, 81, 81)
fake_12556.png,patch_overlay,('patch_overlay', 18, 134, 93, 93)
fake_12557.png,module_corruption,('module_corruption', 1, 15, 9)
fake_12558.png,module_corruption,('module_corruption', 7, 3, 13)
fake_12559.png,patch_overlay,('patch_overlay', 185, 240, 66, 66)
fake_12560.png,module_corruption,('module_corruption', 6, 2, 12)
fake_12561.png,module_corruption,('module_corruption', 23, 12, 14)
fake_12562.png,patch_overlay,('patch_overlay', 110, 5, 86, 86)
fake_12563.png,module_corruption,('module_corruption', 12, 17, 11)
fake_12564.png,module_corruption,('module_corruption', 3, 24, 11)
fake_12565.png,patch_overlay,('patch_overlay', 290, 125, 85, 85)
fake_12566.png,module_corruption,('module_corruption', 16, 8, 12)
fake_12567.png,patch_overlay,('patch_overlay', 353, 323, 81, 81)
fake_12568.png,module_corruption,('module_corruption', 0, 3, 11)
fake_12569.png,patch_overlay,('patch_overlay', 233, 259, 80, 80)
fake_12570.png,patch_overlay,('patch_overlay', 249, 337, 78, 78)
fake_12571.png,patch_overlay,('patch_overlay', 50, 331, 68, 68)
fake_12572.png,patch_overlay,('patch_overlay', 4, 183, 88, 88)
fake_12573.png,patch_overlay,('patch_overlay', 146, 193, 73, 73)
fake_12574.png,patch_overlay,('patch_overlay', 162, 108, 55, 55)
fake_12575.png,module_corruption,('module_corruption', 2, 7, 11)
fake_12576.png,module_corruption,('module_corruption', 24, 22, 9)
fake_12577.png,module_corruption,('module_corruption', 22, 4, 11)
fake_12578.png,module_corruption,('module_corruption', 12, 19, 14)
fake_12579.png,patch_overlay,('patch_overlay', 244, 193, 80, 80)
fake_12580.png,patch_overlay,('patch_overlay', 322, 315, 89, 89)
fake_12581.png,module_corruption,('module_corruption', 15, 0, 10)
fake_12582.png,module_corruption,('module_corruption', 0, 9, 10)
fake_12583.png,module_corruption,('module_corruption', 21, 5, 11)
fake_12584.png,module_corruption,('module_corruption', 26, 11, 10)
fake_12585.png,patch_overlay,('patch_overlay', 11, 338, 92, 92)
fake_12586.png,patch_overlay,('patch_overlay', 304, 95, 89, 89)
fake_12587.png,patch_overlay,('patch_overlay', 170, 4, 71, 71)
fake_12588.png,module_corruption,('module_corruption', 9, 22, 9)
fake_12589.png,module_corruption,('module_corruption', 14, 19, 12)
fake_12590.png,patch_overlay,('patch_overlay', 156, 343, 62, 62)
fake_12591.png,patch_overlay,('patch_overlay', 127, 0, 92, 92)
fake_12592.png,module_corruption,('module_corruption', 16, 15, 12)
fake_12593.png,module_corruption,('module_corruption', 17, 20, 13)
fake_12594.png,module_corruption,('module_corruption', 17, 11, 11)
fake_12595.png,module_corruption,('module_corruption', 13, 20, 14)
fake_12596.png,module_corruption,('module_corruption', 2, 16, 13)
fake_12597.png,module_corruption,('module_corruption', 1, 12, 12)
fake_12598.png,module_corruption,('module_corruption', 6, 16, 13)
fake_12599.png,module_corruption,('module_corruption', 13, 18, 13)
fake_12600.png,patch_overlay,('patch_overlay', 195, 364, 76, 76)
fake_12601.png,module_corruption,('module_corruption', 11, 7, 11)
fake_12602.png,module_corruption,('module_corruption', 12, 23, 13)
fake_12603.png,module_corruption,('module_corruption', 16, 14, 13)
fake_12604.png,patch_overlay,('patch_overlay', 183, 43, 94, 94)
fake_12605.png,patch_overlay,('patch_overlay', 8, 24, 98, 98)
fake_12606.png,module_corruption,('module_corruption', 15, 14, 13)
fake_12607.png,module_corruption,('module_corruption', 22, 5, 13)
fake_12608.png,patch_overlay,('patch_overlay', 269, 239, 86, 86)
fake_12609.png,module_corruption,('module_corruption', 14, 17, 10)
fake_12610.png,patch_overlay,('patch_overlay', 270, 321, 80, 80)
fake_12611.png,patch_overlay,('patch_overlay', 100, 232, 90, 90)
fake_12612.png,module_corruption,('module_corruption', 11, 3, 13)
fake_12613.png,patch_overlay,('patch_overlay', 338, 47, 81, 81)
fake_12614.png,module_corruption,('module_corruption', 20, 25, 9)
fake_12615.png,module_corruption,('module_corruption', 7, 3, 9)
fake_12616.png,patch_overlay,('patch_overlay', 251, 128, 95, 95)
fake_12617.png,module_corruption,('module_corruption', 5, 5, 14)
fake_12618.png,module_corruption,('module_corruption', 21, 17, 13)
fake_12619.png,patch_overlay,('patch_overlay', 206, 3, 85, 85)
fake_12620.png,patch_overlay,('patch_overlay', 222, 290, 55, 55)
fake_12621.png,module_corruption,('module_corruption', 14, 21, 13)
fake_12622.png,patch_overlay,('patch_overlay', 28, 106, 65, 65)
fake_12623.png,patch_overlay,('patch_overlay', 243, 66, 97, 97)
fake_12624.png,module_corruption,('module_corruption', 15, 4, 14)
fake_12625.png,patch_overlay,('patch_overlay', 91, 60, 94, 94)
fake_12626.png,patch_overlay,('patch_overlay', 59, 266, 98, 98)
fake_12627.png,patch_overlay,('patch_overlay', 23, 245, 74, 74)
fake_12628.png,module_corruption,('module_corruption', 22, 11, 11)
fake_12629.png,patch_overlay,('patch_overlay', 95, 356, 93, 93)
fake_12630.png,module_corruption,('module_corruption', 6, 19, 12)
fake_12631.png,module_corruption,('module_corruption', 23, 1, 11)
fake_12632.png,module_corruption,('module_corruption', 4, 11, 9)
fake_12633.png,module_corruption,('module_corruption', 6, 0, 14)
fake_12634.png,patch_overlay,('patch_overlay', 296, 163, 77, 77)
fake_12635.png,patch_overlay,('patch_overlay', 53, 290, 95, 95)
fake_12636.png,module_corruption,('module_corruption', 1, 20, 11)
fake_12637.png,module_corruption,('module_corruption', 10, 17, 11)
fake_12638.png,module_corruption,('module_corruption', 7, 10, 13)
fake_12639.png,module_corruption,('module_corruption', 8, 15, 13)
fake_12640.png,module_corruption,('module_corruption', 13, 14, 13)
fake_12641.png,module_corruption,('module_corruption', 19, 21, 13)
fake_12642.png,patch_overlay,('patch_overlay', 118, 305, 64, 64)
fake_12643.png,patch_overlay,('patch_overlay', 97, 206, 85, 85)
fake_12644.png,patch_overlay,('patch_overlay', 68, 131, 62, 62)
fake_12645.png,patch_overlay,('patch_overlay', 202, 14, 89, 89)
fake_12646.png,module_corruption,('module_corruption', 7, 23, 12)
fake_12647.png,module_corruption,('module_corruption', 2, 22, 9)
fake_12648.png,module_corruption,('module_corruption', 12, 17, 9)
fake_12649.png,patch_overlay,('patch_overlay', 232, 108, 64, 64)
fake_12650.png,module_corruption,('module_corruption', 5, 17, 13)
fake_12651.png,patch_overlay,('patch_overlay', 284, 171, 63, 63)
fake_12652.png,patch_overlay,('patch_overlay', 106, 213, 83, 83)
fake_12653.png,patch_overlay,('patch_overlay', 297, 164, 86, 86)
fake_12654.png,module_corruption,('module_corruption', 19, 2, 10)
fake_12655.png,module_corruption,('module_corruption', 8, 12, 9)
fake_12656.png,patch_overlay,('patch_overlay', 212, 346, 78, 78)
fake_12657.png,module_corruption,('module_corruption', 10, 27, 10)
fake_12658.png,module_corruption,('module_corruption', 23, 11, 13)
fake_12659.png,patch_overlay,('patch_overlay', 185, 139, 68, 68)
fake_12660.png,module_corruption,('module_corruption', 12, 19, 14)
fake_12661.png,module_corruption,('module_corruption', 2, 4, 13)
fake_12662.png,module_corruption,('module_corruption', 22, 22, 12)
fake_12663.png,module_corruption,('module_corruption', 4, 0, 10)
fake_12664.png,module_corruption,('module_corruption', 2, 11, 9)
fake_12665.png,module_corruption,('module_corruption', 15, 21, 12)
fake_12666.png,patch_overlay,('patch_overlay', 35, 290, 98, 98)
fake_12667.png,patch_overlay,('patch_overlay', 300, 55, 60, 60)
fake_12668.png,module_corruption,('module_corruption', 12, 21, 11)
fake_12669.png,patch_overlay,('patch_overlay', 233, 203, 74, 74)
fake_12670.png,patch_overlay,('patch_overlay', 341, 268, 79, 79)
fake_12671.png,module_corruption,('module_corruption', 25, 10, 12)
fake_12672.png,module_corruption,('module_corruption', 13, 18, 14)
fake_12673.png,patch_overlay,('patch_overlay', 356, 102, 87, 87)
fake_12674.png,module_corruption,('module_corruption', 10, 4, 9)
fake_12675.png,module_corruption,('module_corruption', 7, 5, 11)
fake_12676.png,module_corruption,('module_corruption', 9, 13, 11)
fake_12677.png,module_corruption,('module_corruption', 2, 11, 13)
fake_12678.png,module_corruption,('module_corruption', 2, 18, 13)
fake_12679.png,module_corruption,('module_corruption', 27, 9, 10)
fake_12680.png,patch_overlay,('patch_overlay', 337, 171, 78, 78)
fake_12681.png,module_corruption,('module_corruption', 20, 21, 10)
fake_12682.png,module_corruption,('module_corruption', 15, 10, 12)
fake_12683.png,patch_overlay,('patch_overlay', 142, 155, 67, 67)
fake_12684.png,module_corruption,('module_corruption', 24, 8, 12)
fake_12685.png,module_corruption,('module_corruption', 7, 17, 9)
fake_12686.png,module_corruption,('module_corruption', 9, 10, 10)
fake_12687.png,patch_overlay,('patch_overlay', 257, 207, 93, 93)
fake_12688.png,patch_overlay,('patch_overlay', 152, 59, 66, 66)
fake_12689.png,module_corruption,('module_corruption', 19, 12, 11)
fake_12690.png,patch_overlay,('patch_overlay', 255, 259, 59, 59)
fake_12691.png,module_corruption,('module_corruption', 10, 9, 11)
fake_12692.png,module_corruption,('module_corruption', 10, 4, 13)
fake_12693.png,module_corruption,('module_corruption', 3, 15, 12)
fake_12694.png,patch_overlay,('patch_overlay', 200, 355, 73, 73)
fake_12695.png,module_corruption,('module_corruption', 5, 2, 12)
fake_12696.png,module_corruption,('module_corruption', 16, 20, 10)
fake_12697.png,module_corruption,('module_corruption', 0, 10, 12)
fake_12698.png,module_corruption,('module_corruption', 12, 21, 11)
fake_12699.png,module_corruption,('module_corruption', 13, 4, 9)
fake_12700.png,module_corruption,('module_corruption', 18, 23, 12)
fake_12701.png,module_corruption,('module_corruption', 20, 17, 13)
fake_12702.png,module_corruption,('module_corruption', 14, 14, 13)
fake_12703.png,patch_overlay,('patch_overlay', 25, 330, 84, 84)
fake_12704.png,module_corruption,('module_corruption', 17, 16, 10)
fake_12705.png,module_corruption,('module_corruption', 25, 8, 10)
fake_12706.png,module_corruption,('module_corruption', 5, 5, 13)
fake_12707.png,patch_overlay,('patch_overlay', 273, 50, 71, 71)
fake_12708.png,patch_overlay,('patch_overlay', 286, 28, 61, 61)
fake_12709.png,module_corruption,('module_corruption', 14, 15, 9)
fake_12710.png,patch_overlay,('patch_overlay', 240, 170, 82, 82)
fake_12711.png,module_corruption,('module_corruption', 18, 23, 13)
fake_12712.png,module_corruption,('module_corruption', 13, 3, 10)
fake_12713.png,module_corruption,('module_corruption', 14, 19, 13)
fake_12714.png,patch_overlay,('patch_overlay', 236, 219, 86, 86)
fake_12715.png,module_corruption,('module_corruption', 19, 13, 9)
fake_12716.png,module_corruption,('module_corruption', 0, 18, 14)
fake_12717.png,patch_overlay,('patch_overlay', 353, 201, 94, 94)
fake_12718.png,module_corruption,('module_corruption', 11, 14, 14)
fake_12719.png,patch_overlay,('patch_overlay', 174, 75, 81, 81)
fake_12720.png,patch_overlay,('patch_overlay', 71, 18, 84, 84)
fake_12721.png,module_corruption,('module_corruption', 27, 0, 10)
fake_12722.png,patch_overlay,('patch_overlay', 162, 143, 76, 76)
fake_12723.png,module_corruption,('module_corruption', 14, 6, 13)
fake_12724.png,module_corruption,('module_corruption', 1, 12, 11)
fake_12725.png,patch_overlay,('patch_overlay', 73, 215, 96, 96)
fake_12726.png,module_corruption,('module_corruption', 13, 25, 10)
fake_12727.png,patch_overlay,('patch_overlay', 219, 240, 88, 88)
fake_12728.png,module_corruption,('module_corruption', 24, 3, 13)
fake_12729.png,module_corruption,('module_corruption', 14, 23, 14)
fake_12730.png,module_corruption,('module_corruption', 28, 2, 9)
fake_12731.png,patch_overlay,('patch_overlay', 344, 280, 81, 81)
fake_12732.png,module_corruption,('module_corruption', 22, 16, 12)
fake_12733.png,module_corruption,('module_corruption', 13, 2, 11)
fake_12734.png,patch_overlay,('patch_overlay', 335, 351, 77, 77)
fake_12735.png,patch_overlay,('patch_overlay', 28, 312, 66, 66)
fake_12736.png,patch_overlay,('patch_overlay', 329, 260, 68, 68)
fake_12737.png,module_corruption,('module_corruption', 18, 2, 9)
fake_12738.png,module_corruption,('module_corruption', 0, 25, 10)
fake_12739.png,module_corruption,('module_corruption', 23, 15, 13)
fake_12740.png,patch_overlay,('patch_overlay', 23, 38, 77, 77)
fake_12741.png,module_corruption,('module_corruption', 14, 7, 14)
fake_12742.png,patch_overlay,('patch_overlay', 113, 147, 57, 57)
fake_12743.png,module_corruption,('module_corruption', 9, 1, 9)
fake_12744.png,patch_overlay,('patch_overlay', 212, 279, 58, 58)
fake_12745.png,patch_overlay,('patch_overlay', 199, 5, 77, 77)
fake_12746.png,module_corruption,('module_corruption', 24, 16, 11)
fake_12747.png,patch_overlay,('patch_overlay', 245, 212, 93, 93)
fake_12748.png,module_corruption,('module_corruption', 10, 13, 11)
fake_12749.png,patch_overlay,('patch_overlay', 254, 374, 54, 54)
fake_12750.png,module_corruption,('module_corruption', 2, 21, 11)
fake_12751.png,module_corruption,('module_corruption', 24, 9, 13)
fake_12752.png,module_corruption,('module_corruption', 18, 13, 13)
fake_12753.png,module_corruption,('module_corruption', 12, 15, 12)
fake_12754.png,patch_overlay,('patch_overlay', 289, 224, 91, 91)
fake_12755.png,patch_overlay,('patch_overlay', 288, 318, 70, 70)
fake_12756.png,module_corruption,('module_corruption', 7, 6, 13)
fake_12757.png,patch_overlay,('patch_overlay', 226, 63, 91, 91)
fake_12758.png,module_corruption,('module_corruption', 15, 1, 12)
fake_12759.png,patch_overlay,('patch_overlay', 166, 314, 89, 89)
fake_12760.png,patch_overlay,('patch_overlay', 198, 312, 76, 76)
fake_12761.png,patch_overlay,('patch_overlay', 105, 119, 96, 96)
fake_12762.png,module_corruption,('module_corruption', 5, 18, 10)
fake_12763.png,module_corruption,('module_corruption', 19, 7, 9)
fake_12764.png,patch_overlay,('patch_overlay', 43, 315, 76, 76)
fake_12765.png,module_corruption,('module_corruption', 0, 15, 12)
fake_12766.png,patch_overlay,('patch_overlay', 110, 68, 85, 85)
fake_12767.png,patch_overlay,('patch_overlay', 306, 163, 66, 66)
fake_12768.png,patch_overlay,('patch_overlay', 298, 312, 85, 85)
fake_12769.png,module_corruption,('module_corruption', 21, 14, 12)
fake_12770.png,module_corruption,('module_corruption', 24, 27, 10)
fake_12771.png,module_corruption,('module_corruption', 20, 6, 14)
fake_12772.png,patch_overlay,('patch_overlay', 103, 343, 69, 69)
fake_12773.png,module_corruption,('module_corruption', 22, 10, 13)
fake_12774.png,patch_overlay,('patch_overlay', 159, 291, 72, 72)
fake_12775.png,module_corruption,('module_corruption', 1, 3, 10)
fake_12776.png,module_corruption,('module_corruption', 25, 25, 10)
fake_12777.png,patch_overlay,('patch_overlay', 184, 220, 97, 97)
fake_12778.png,module_corruption,('module_corruption', 10, 22, 11)
fake_12779.png,patch_overlay,('patch_overlay', 65, 229, 72, 72)
fake_12780.png,patch_overlay,('patch_overlay', 208, 159, 72, 72)
fake_12781.png,module_corruption,('module_corruption', 18, 16, 11)
fake_12782.png,patch_overlay,('patch_overlay', 17, 235, 87, 87)
fake_12783.png,module_corruption,('module_corruption', 1, 6, 12)
fake_12784.png,module_corruption,('module_corruption', 5, 22, 10)
fake_12785.png,module_corruption,('module_corruption', 10, 12, 10)
fake_12786.png,patch_overlay,('patch_overlay', 342, 139, 61, 61)
fake_12787.png,patch_overlay,('patch_overlay', 65, 303, 97, 97)
fake_12788.png,patch_overlay,('patch_overlay', 345, 340, 78, 78)
fake_12789.png,module_corruption,('module_corruption', 1, 25, 12)
fake_12790.png,patch_overlay,('patch_overlay', 142, 299, 91, 91)
fake_12791.png,module_corruption,('module_corruption', 0, 20, 13)
fake_12792.png,patch_overlay,('patch_overlay', 239, 323, 59, 59)
fake_12793.png,patch_overlay,('patch_overlay', 279, 106, 83, 83)
fake_12794.png,patch_overlay,('patch_overlay', 77, 255, 91, 91)
fake_12795.png,module_corruption,('module_corruption', 0, 8, 10)
fake_12796.png,module_corruption,('module_corruption', 9, 26, 11)
fake_12797.png,patch_overlay,('patch_overlay', 18, 293, 77, 77)
fake_12798.png,module_corruption,('module_corruption', 24, 22, 11)
fake_12799.png,module_corruption,('module_corruption', 15, 8, 11)
fake_12800.png,patch_overlay,('patch_overlay', 356, 248, 66, 66)
fake_12801.png,module_corruption,('module_corruption', 18, 11, 10)
fake_12802.png,module_corruption,('module_corruption', 17, 23, 12)
fake_12803.png,module_corruption,('module_corruption', 10, 0, 14)
fake_12804.png,patch_overlay,('patch_overlay', 73, 140, 57, 57)
fake_12805.png,patch_overlay,('patch_overlay', 224, 326, 89, 89)
fake_12806.png,module_corruption,('module_corruption', 19, 4, 9)
fake_12807.png,module_corruption,('module_corruption', 17, 22, 13)
fake_12808.png,patch_overlay,('patch_overlay', 155, 340, 90, 90)
fake_12809.png,module_corruption,('module_corruption', 26, 25, 10)
fake_12810.png,module_corruption,('module_corruption', 4, 12, 10)
fake_12811.png,module_corruption,('module_corruption', 2, 13, 14)
fake_12812.png,module_corruption,('module_corruption', 20, 11, 14)
fake_12813.png,module_corruption,('module_corruption', 16, 1, 12)
fake_12814.png,module_corruption,('module_corruption', 15, 11, 11)
fake_12815.png,module_corruption,('module_corruption', 6, 25, 10)
fake_12816.png,patch_overlay,('patch_overlay', 91, 234, 95, 95)
fake_12817.png,patch_overlay,('patch_overlay', 78, 77, 61, 61)
fake_12818.png,patch_overlay,('patch_overlay', 252, 302, 56, 56)
fake_12819.png,module_corruption,('module_corruption', 23, 14, 10)
fake_12820.png,patch_overlay,('patch_overlay', 241, 181, 80, 80)
fake_12821.png,module_corruption,('module_corruption', 4, 14, 11)
fake_12822.png,module_corruption,('module_corruption', 13, 17, 9)
fake_12823.png,patch_overlay,('patch_overlay', 195, 352, 83, 83)
fake_12824.png,patch_overlay,('patch_overlay', 117, 183, 95, 95)
fake_12825.png,patch_overlay,('patch_overlay', 137, 190, 95, 95)
fake_12826.png,patch_overlay,('patch_overlay', 114, 77, 88, 88)
fake_12827.png,patch_overlay,('patch_overlay', 24, 152, 65, 65)
fake_12828.png,module_corruption,('module_corruption', 0, 18, 12)
fake_12829.png,module_corruption,('module_corruption', 0, 5, 13)
fake_12830.png,patch_overlay,('patch_overlay', 375, 341, 56, 56)
fake_12831.png,module_corruption,('module_corruption', 27, 22, 10)
fake_12832.png,module_corruption,('module_corruption', 5, 5, 12)
fake_12833.png,patch_overlay,('patch_overlay', 347, 300, 73, 73)
fake_12834.png,module_corruption,('module_corruption', 4, 8, 11)
fake_12835.png,module_corruption,('module_corruption', 13, 16, 14)
fake_12836.png,patch_overlay,('patch_overlay', 310, 273, 76, 76)
fake_12837.png,module_corruption,('module_corruption', 9, 15, 9)
fake_12838.png,patch_overlay,('patch_overlay', 187, 278, 62, 62)
fake_12839.png,module_corruption,('module_corruption', 24, 10, 13)
fake_12840.png,module_corruption,('module_corruption', 6, 0, 10)
fake_12841.png,patch_overlay,('patch_overlay', 294, 345, 98, 98)
fake_12842.png,patch_overlay,('patch_overlay', 71, 351, 93, 93)
fake_12843.png,patch_overlay,('patch_overlay', 179, 134, 64, 64)
fake_12844.png,module_corruption,('module_corruption', 11, 18, 11)
fake_12845.png,patch_overlay,('patch_overlay', 124, 156, 62, 62)
fake_12846.png,module_corruption,('module_corruption', 26, 12, 11)
fake_12847.png,patch_overlay,('patch_overlay', 91, 299, 67, 67)
fake_12848.png,patch_overlay,('patch_overlay', 321, 14, 80, 80)
fake_12849.png,patch_overlay,('patch_overlay', 67, 359, 72, 72)
fake_12850.png,module_corruption,('module_corruption', 21, 4, 9)
fake_12851.png,patch_overlay,('patch_overlay', 150, 197, 97, 97)
fake_12852.png,module_corruption,('module_corruption', 3, 27, 9)
fake_12853.png,module_corruption,('module_corruption', 23, 9, 13)
fake_12854.png,patch_overlay,('patch_overlay', 41, 50, 54, 54)
fake_12855.png,module_corruption,('module_corruption', 28, 22, 9)
fake_12856.png,patch_overlay,('patch_overlay', 176, 215, 57, 57)
fake_12857.png,module_corruption,('module_corruption', 8, 16, 11)
fake_12858.png,module_corruption,('module_corruption', 23, 3, 10)
fake_12859.png,patch_overlay,('patch_overlay', 190, 138, 80, 80)
fake_12860.png,module_corruption,('module_corruption', 25, 11, 11)
fake_12861.png,patch_overlay,('patch_overlay', 350, 315, 65, 65)
fake_12862.png,patch_overlay,('patch_overlay', 353, 30, 95, 95)
fake_12863.png,module_corruption,('module_corruption', 18, 23, 12)
fake_12864.png,module_corruption,('module_corruption', 11, 15, 12)
fake_12865.png,patch_overlay,('patch_overlay', 354, 77, 90, 90)
fake_12866.png,patch_overlay,('patch_overlay', 59, 221, 56, 56)
fake_12867.png,module_corruption,('module_corruption', 13, 22, 10)
fake_12868.png,patch_overlay,('patch_overlay', 296, 349, 64, 64)
fake_12869.png,module_corruption,('module_corruption', 3, 23, 11)
fake_12870.png,module_corruption,('module_corruption', 10, 23, 14)
fake_12871.png,patch_overlay,('patch_overlay', 120, 136, 69, 69)
fake_12872.png,patch_overlay,('patch_overlay', 200, 43, 77, 77)
fake_12873.png,module_corruption,('module_corruption', 10, 9, 9)
fake_12874.png,patch_overlay,('patch_overlay', 176, 10, 95, 95)
fake_12875.png,module_corruption,('module_corruption', 0, 10, 10)
fake_12876.png,module_corruption,('module_corruption', 4, 8, 11)
fake_12877.png,patch_overlay,('patch_overlay', 385, 298, 55, 55)
fake_12878.png,module_corruption,('module_corruption', 21, 2, 13)
fake_12879.png,patch_overlay,('patch_overlay', 41, 135, 70, 70)
fake_12880.png,module_corruption,('module_corruption', 3, 3, 13)
fake_12881.png,module_corruption,('module_corruption', 21, 5, 12)
fake_12882.png,module_corruption,('module_corruption', 1, 3, 12)
fake_12883.png,patch_overlay,('patch_overlay', 35, 327, 94, 94)
fake_12884.png,patch_overlay,('patch_overlay', 134, 329, 58, 58)
fake_12885.png,module_corruption,('module_corruption', 15, 16, 10)
fake_12886.png,patch_overlay,('patch_overlay', 67, 178, 71, 71)
fake_12887.png,patch_overlay,('patch_overlay', 187, 29, 92, 92)
fake_12888.png,patch_overlay,('patch_overlay', 105, 347, 79, 79)
fake_12889.png,patch_overlay,('patch_overlay', 26, 266, 74, 74)
fake_12890.png,patch_overlay,('patch_overlay', 281, 131, 85, 85)
fake_12891.png,module_corruption,('module_corruption', 1, 1, 9)
fake_12892.png,patch_overlay,('patch_overlay', 173, 157, 64, 64)
fake_12893.png,patch_overlay,('patch_overlay', 121, 42, 66, 66)
fake_12894.png,module_corruption,('module_corruption', 3, 1, 13)
fake_12895.png,module_corruption,('module_corruption', 21, 10, 12)
fake_12896.png,module_corruption,('module_corruption', 12, 6, 11)
fake_12897.png,patch_overlay,('patch_overlay', 75, 5, 58, 58)
fake_12898.png,patch_overlay,('patch_overlay', 321, 84, 96, 96)
fake_12899.png,patch_overlay,('patch_overlay', 295, 370, 68, 68)
fake_12900.png,patch_overlay,('patch_overlay', 347, 375, 71, 71)
fake_12901.png,module_corruption,('module_corruption', 15, 13, 14)
fake_12902.png,module_corruption,('module_corruption', 1, 10, 14)
fake_12903.png,patch_overlay,('patch_overlay', 198, 356, 85, 85)
fake_12904.png,module_corruption,('module_corruption', 7, 9, 11)
fake_12905.png,module_corruption,('module_corruption', 18, 13, 12)
fake_12906.png,module_corruption,('module_corruption', 22, 19, 10)
fake_12907.png,module_corruption,('module_corruption', 16, 21, 13)
fake_12908.png,module_corruption,('module_corruption', 19, 23, 10)
fake_12909.png,module_corruption,('module_corruption', 14, 18, 13)
fake_12910.png,module_corruption,('module_corruption', 17, 14, 13)
fake_12911.png,module_corruption,('module_corruption', 26, 14, 9)
fake_12912.png,patch_overlay,('patch_overlay', 302, 94, 91, 91)
fake_12913.png,patch_overlay,('patch_overlay', 340, 321, 81, 81)
fake_12914.png,patch_overlay,('patch_overlay', 91, 143, 76, 76)
fake_12915.png,module_corruption,('module_corruption', 25, 22, 11)
fake_12916.png,module_corruption,('module_corruption', 5, 15, 9)
fake_12917.png,patch_overlay,('patch_overlay', 19, 205, 95, 95)
fake_12918.png,module_corruption,('module_corruption', 13, 14, 12)
fake_12919.png,patch_overlay,('patch_overlay', 283, 285, 68, 68)
fake_12920.png,patch_overlay,('patch_overlay', 163, 35, 59, 59)
fake_12921.png,module_corruption,('module_corruption', 15, 1, 11)
fake_12922.png,patch_overlay,('patch_overlay', 170, 245, 85, 85)
fake_12923.png,module_corruption,('module_corruption', 12, 24, 11)
fake_12924.png,module_corruption,('module_corruption', 10, 4, 10)
fake_12925.png,module_corruption,('module_corruption', 10, 15, 10)
fake_12926.png,module_corruption,('module_corruption', 20, 14, 13)
fake_12927.png,module_corruption,('module_corruption', 18, 18, 12)
fake_12928.png,module_corruption,('module_corruption', 21, 17, 12)
fake_12929.png,module_corruption,('module_corruption', 8, 24, 10)
fake_12930.png,patch_overlay,('patch_overlay', 127, 380, 60, 60)
fake_12931.png,module_corruption,('module_corruption', 8, 25, 11)
fake_12932.png,patch_overlay,('patch_overlay', 377, 254, 65, 65)
fake_12933.png,patch_overlay,('patch_overlay', 126, 140, 87, 87)
fake_12934.png,patch_overlay,('patch_overlay', 9, 154, 91, 91)
fake_12935.png,module_corruption,('module_corruption', 4, 26, 9)
fake_12936.png,module_corruption,('module_corruption', 13, 13, 11)
fake_12937.png,patch_overlay,('patch_overlay', 244, 242, 83, 83)
fake_12938.png,module_corruption,('module_corruption', 2, 1, 12)
fake_12939.png,module_corruption,('module_corruption', 26, 4, 11)
fake_12940.png,patch_overlay,('patch_overlay', 140, 301, 68, 68)
fake_12941.png,module_corruption,('module_corruption', 15, 12, 10)
fake_12942.png,patch_overlay,('patch_overlay', 217, 119, 76, 76)
fake_12943.png,patch_overlay,('patch_overlay', 248, 46, 94, 94)
fake_12944.png,module_corruption,('module_corruption', 8, 16, 13)
fake_12945.png,module_corruption,('module_corruption', 4, 22, 10)
fake_12946.png,module_corruption,('module_corruption', 14, 11, 10)
fake_12947.png,patch_overlay,('patch_overlay', 229, 261, 72, 72)
fake_12948.png,patch_overlay,('patch_overlay', 114, 19, 96, 96)
fake_12949.png,module_corruption,('module_corruption', 17, 21, 9)
fake_12950.png,module_corruption,('module_corruption', 17, 13, 10)
fake_12951.png,module_corruption,('module_corruption', 9, 12, 11)
fake_12952.png,patch_overlay,('patch_overlay', 367, 316, 67, 67)
fake_12953.png,patch_overlay,('patch_overlay', 255, 306, 71, 71)
fake_12954.png,patch_overlay,('patch_overlay', 228, 111, 91, 91)
fake_12955.png,module_corruption,('module_corruption', 13, 13, 10)
fake_12956.png,patch_overlay,('patch_overlay', 100, 145, 66, 66)
fake_12957.png,patch_overlay,('patch_overlay', 38, 219, 57, 57)
fake_12958.png,module_corruption,('module_corruption', 0, 15, 13)
fake_12959.png,patch_overlay,('patch_overlay', 213, 233, 55, 55)
fake_12960.png,patch_overlay,('patch_overlay', 141, 289, 81, 81)
fake_12961.png,patch_overlay,('patch_overlay', 36, 312, 72, 72)
fake_12962.png,module_corruption,('module_corruption', 5, 15, 12)
fake_12963.png,patch_overlay,('patch_overlay', 88, 79, 86, 86)
fake_12964.png,patch_overlay,('patch_overlay', 356, 208, 83, 83)
fake_12965.png,patch_overlay,('patch_overlay', 266, 230, 85, 85)
fake_12966.png,patch_overlay,('patch_overlay', 142, 198, 54, 54)
fake_12967.png,module_corruption,('module_corruption', 4, 0, 11)
fake_12968.png,patch_overlay,('patch_overlay', 363, 9, 74, 74)
fake_12969.png,patch_overlay,('patch_overlay', 300, 198, 89, 89)
fake_12970.png,module_corruption,('module_corruption', 6, 18, 13)
fake_12971.png,module_corruption,('module_corruption', 1, 10, 13)
fake_12972.png,module_corruption,('module_corruption', 14, 19, 12)
fake_12973.png,module_corruption,('module_corruption', 4, 8, 13)
fake_12974.png,module_corruption,('module_corruption', 19, 6, 12)
fake_12975.png,module_corruption,('module_corruption', 12, 2, 14)
fake_12976.png,patch_overlay,('patch_overlay', 2, 112, 74, 74)
fake_12977.png,module_corruption,('module_corruption', 15, 0, 12)
fake_12978.png,patch_overlay,('patch_overlay', 225, 311, 60, 60)
fake_12979.png,module_corruption,('module_corruption', 22, 20, 13)
fake_12980.png,module_corruption,('module_corruption', 20, 9, 14)
fake_12981.png,module_corruption,('module_corruption', 16, 24, 10)
fake_12982.png,module_corruption,('module_corruption', 6, 22, 12)
fake_12983.png,patch_overlay,('patch_overlay', 17, 74, 72, 72)
fake_12984.png,module_corruption,('module_corruption', 1, 10, 9)
fake_12985.png,patch_overlay,('patch_overlay', 36, 190, 93, 93)
fake_12986.png,patch_overlay,('patch_overlay', 319, 329, 80, 80)
fake_12987.png,module_corruption,('module_corruption', 22, 1, 13)
fake_12988.png,patch_overlay,('patch_overlay', 308, 200, 98, 98)
fake_12989.png,module_corruption,('module_corruption', 18, 2, 10)
fake_12990.png,module_corruption,('module_corruption', 16, 20, 13)
fake_12991.png,patch_overlay,('patch_overlay', 292, 99, 58, 58)
fake_12992.png,module_corruption,('module_corruption', 7, 13, 11)
fake_12993.png,patch_overlay,('patch_overlay', 46, 369, 69, 69)
fake_12994.png,module_corruption,('module_corruption', 4, 15, 12)
fake_12995.png,module_corruption,('module_corruption', 11, 21, 13)
fake_12996.png,module_corruption,('module_corruption', 11, 9, 13)
fake_12997.png,module_corruption,('module_corruption', 15, 3, 13)
fake_12998.png,module_corruption,('module_corruption', 4, 22, 9)
fake_12999.png,module_corruption,('module_corruption', 9, 15, 13)
fake_13000.png,module_corruption,('module_corruption', 5, 9, 14)
fake_13001.png,module_corruption,('module_corruption', 18, 10, 10)
fake_13002.png,patch_overlay,('patch_overlay', 232, 140, 67, 67)
fake_13003.png,patch_overlay,('patch_overlay', 62, 42, 58, 58)
fake_13004.png,module_corruption,('module_corruption', 1, 3, 9)
fake_13005.png,patch_overlay,('patch_overlay', 221, 111, 86, 86)
fake_13006.png,module_corruption,('module_corruption', 12, 18, 12)
fake_13007.png,module_corruption,('module_corruption', 12, 4, 13)
fake_13008.png,patch_overlay,('patch_overlay', 296, 193, 67, 67)
fake_13009.png,module_corruption,('module_corruption', 9, 16, 11)
fake_13010.png,patch_overlay,('patch_overlay', 161, 11, 58, 58)
fake_13011.png,patch_overlay,('patch_overlay', 187, 99, 54, 54)
fake_13012.png,module_corruption,('module_corruption', 7, 23, 13)
fake_13013.png,patch_overlay,('patch_overlay', 299, 364, 80, 80)
fake_13014.png,patch_overlay,('patch_overlay', 232, 83, 55, 55)
fake_13015.png,module_corruption,('module_corruption', 6, 12, 9)
fake_13016.png,module_corruption,('module_corruption', 5, 4, 13)
fake_13017.png,patch_overlay,('patch_overlay', 165, 187, 65, 65)
fake_13018.png,patch_overlay,('patch_overlay', 51, 186, 95, 95)
fake_13019.png,patch_overlay,('patch_overlay', 224, 45, 78, 78)
fake_13020.png,patch_overlay,('patch_overlay', 13, 373, 70, 70)
fake_13021.png,module_corruption,('module_corruption', 12, 20, 9)
fake_13022.png,module_corruption,('module_corruption', 24, 19, 11)
fake_13023.png,patch_overlay,('patch_overlay', 200, 89, 97, 97)
fake_13024.png,patch_overlay,('patch_overlay', 193, 156, 87, 87)
fake_13025.png,module_corruption,('module_corruption', 21, 12, 13)
fake_13026.png,patch_overlay,('patch_overlay', 89, 269, 85, 85)
fake_13027.png,patch_overlay,('patch_overlay', 114, 38, 78, 78)
fake_13028.png,module_corruption,('module_corruption', 12, 11, 9)
fake_13029.png,module_corruption,('module_corruption', 2, 12, 14)
fake_13030.png,patch_overlay,('patch_overlay', 353, 252, 79, 79)
fake_13031.png,patch_overlay,('patch_overlay', 123, 348, 71, 71)
fake_13032.png,patch_overlay,('patch_overlay', 202, 257, 86, 86)
fake_13033.png,patch_overlay,('patch_overlay', 32, 20, 97, 97)
fake_13034.png,module_corruption,('module_corruption', 24, 21, 11)
fake_13035.png,module_corruption,('module_corruption', 7, 15, 14)
fake_13036.png,patch_overlay,('patch_overlay', 198, 229, 89, 89)
fake_13037.png,patch_overlay,('patch_overlay', 103, 342, 76, 76)
fake_13038.png,module_corruption,('module_corruption', 1, 13, 13)
fake_13039.png,patch_overlay,('patch_overlay', 102, 178, 59, 59)
fake_13040.png,patch_overlay,('patch_overlay', 142, 322, 91, 91)
fake_13041.png,patch_overlay,('patch_overlay', 104, 64, 74, 74)
fake_13042.png,module_corruption,('module_corruption', 16, 12, 12)
fake_13043.png,patch_overlay,('patch_overlay', 150, 335, 88, 88)
fake_13044.png,patch_overlay,('patch_overlay', 115, 239, 54, 54)
fake_13045.png,module_corruption,('module_corruption', 7, 4, 9)
fake_13046.png,patch_overlay,('patch_overlay', 385, 350, 64, 64)
fake_13047.png,patch_overlay,('patch_overlay', 146, 46, 70, 70)
fake_13048.png,module_corruption,('module_corruption', 15, 7, 11)
fake_13049.png,module_corruption,('module_corruption', 11, 7, 13)
fake_13050.png,module_corruption,('module_corruption', 9, 23, 9)
fake_13051.png,module_corruption,('module_corruption', 24, 22, 10)
fake_13052.png,patch_overlay,('patch_overlay', 367, 274, 77, 77)
fake_13053.png,module_corruption,('module_corruption', 12, 22, 11)
fake_13054.png,patch_overlay,('patch_overlay', 203, 292, 87, 87)
fake_13055.png,module_corruption,('module_corruption', 21, 7, 13)
fake_13056.png,patch_overlay,('patch_overlay', 330, 89, 96, 96)
fake_13057.png,patch_overlay,('patch_overlay', 202, 319, 79, 79)
fake_13058.png,patch_overlay,('patch_overlay', 356, 177, 82, 82)
fake_13059.png,patch_overlay,('patch_overlay', 127, 8, 61, 61)
fake_13060.png,module_corruption,('module_corruption', 4, 6, 14)
fake_13061.png,patch_overlay,('patch_overlay', 127, 139, 85, 85)
fake_13062.png,module_corruption,('module_corruption', 7, 17, 9)
fake_13063.png,module_corruption,('module_corruption', 6, 16, 13)
fake_13064.png,patch_overlay,('patch_overlay', 144, 259, 84, 84)
fake_13065.png,patch_overlay,('patch_overlay', 341, 153, 95, 95)
fake_13066.png,patch_overlay,('patch_overlay', 110, 231, 61, 61)
fake_13067.png,patch_overlay,('patch_overlay', 328, 226, 87, 87)
fake_13068.png,module_corruption,('module_corruption', 0, 15, 12)
fake_13069.png,patch_overlay,('patch_overlay', 277, 89, 73, 73)
fake_13070.png,patch_overlay,('patch_overlay', 37, 198, 75, 75)
fake_13071.png,module_corruption,('module_corruption', 25, 21, 11)
fake_13072.png,module_corruption,('module_corruption', 10, 12, 12)
fake_13073.png,patch_overlay,('patch_overlay', 153, 351, 69, 69)
fake_13074.png,module_corruption,('module_corruption', 4, 2, 14)
fake_13075.png,module_corruption,('module_corruption', 13, 0, 10)
fake_13076.png,patch_overlay,('patch_overlay', 252, 231, 57, 57)
fake_13077.png,module_corruption,('module_corruption', 20, 15, 13)
fake_13078.png,module_corruption,('module_corruption', 22, 22, 11)
fake_13079.png,module_corruption,('module_corruption', 12, 10, 11)
fake_13080.png,patch_overlay,('patch_overlay', 164, 68, 97, 97)
fake_13081.png,module_corruption,('module_corruption', 23, 7, 14)
fake_13082.png,patch_overlay,('patch_overlay', 208, 302, 98, 98)
fake_13083.png,module_corruption,('module_corruption', 6, 12, 11)
fake_13084.png,module_corruption,('module_corruption', 6, 4, 11)
fake_13085.png,module_corruption,('module_corruption', 12, 10, 10)
fake_13086.png,patch_overlay,('patch_overlay', 158, 180, 96, 96)
fake_13087.png,patch_overlay,('patch_overlay', 76, 355, 94, 94)
fake_13088.png,module_corruption,('module_corruption', 5, 5, 11)
fake_13089.png,module_corruption,('module_corruption', 21, 16, 11)
fake_13090.png,module_corruption,('module_corruption', 20, 6, 12)
fake_13091.png,module_corruption,('module_corruption', 2, 22, 12)
fake_13092.png,module_corruption,('module_corruption', 6, 12, 10)
fake_13093.png,module_corruption,('module_corruption', 24, 19, 13)
fake_13094.png,patch_overlay,('patch_overlay', 310, 4, 98, 98)
fake_13095.png,module_corruption,('module_corruption', 25, 20, 9)
fake_13096.png,module_corruption,('module_corruption', 5, 25, 11)
fake_13097.png,module_corruption,('module_corruption', 22, 2, 11)
fake_13098.png,patch_overlay,('patch_overlay', 200, 293, 83, 83)
fake_13099.png,patch_overlay,('patch_overlay', 275, 122, 78, 78)
fake_13100.png,patch_overlay,('patch_overlay', 147, 366, 65, 65)
fake_13101.png,patch_overlay,('patch_overlay', 213, 231, 96, 96)
fake_13102.png,patch_overlay,('patch_overlay', 86, 168, 63, 63)
fake_13103.png,module_corruption,('module_corruption', 3, 15, 13)
fake_13104.png,patch_overlay,('patch_overlay', 295, 317, 55, 55)
fake_13105.png,patch_overlay,('patch_overlay', 374, 22, 76, 76)
fake_13106.png,patch_overlay,('patch_overlay', 333, 203, 88, 88)
fake_13107.png,patch_overlay,('patch_overlay', 10, 17, 93, 93)
fake_13108.png,patch_overlay,('patch_overlay', 129, 36, 81, 81)
fake_13109.png,module_corruption,('module_corruption', 15, 23, 11)
fake_13110.png,module_corruption,('module_corruption', 7, 6, 13)
fake_13111.png,patch_overlay,('patch_overlay', 380, 101, 64, 64)
fake_13112.png,patch_overlay,('patch_overlay', 190, 30, 94, 94)
fake_13113.png,module_corruption,('module_corruption', 4, 20, 12)
fake_13114.png,module_corruption,('module_corruption', 7, 7, 13)
fake_13115.png,patch_overlay,('patch_overlay', 74, 222, 98, 98)
fake_13116.png,module_corruption,('module_corruption', 17, 21, 14)
fake_13117.png,patch_overlay,('patch_overlay', 107, 57, 59, 59)
fake_13118.png,module_corruption,('module_corruption', 7, 4, 12)
fake_13119.png,module_corruption,('module_corruption', 4, 24, 13)
fake_13120.png,module_corruption,('module_corruption', 18, 18, 12)
fake_13121.png,module_corruption,('module_corruption', 1, 2, 12)
fake_13122.png,patch_overlay,('patch_overlay', 42, 83, 94, 94)
fake_13123.png,patch_overlay,('patch_overlay', 5, 131, 74, 74)
fake_13124.png,patch_overlay,('patch_overlay', 338, 112, 82, 82)
fake_13125.png,module_corruption,('module_corruption', 9, 16, 12)
fake_13126.png,patch_overlay,('patch_overlay', 238, 62, 64, 64)
fake_13127.png,patch_overlay,('patch_overlay', 280, 114, 88, 88)
fake_13128.png,module_corruption,('module_corruption', 1, 18, 13)
fake_13129.png,module_corruption,('module_corruption', 8, 19, 13)
fake_13130.png,module_corruption,('module_corruption', 4, 2, 12)
fake_13131.png,patch_overlay,('patch_overlay', 253, 216, 77, 77)
fake_13132.png,patch_overlay,('patch_overlay', 274, 265, 88, 88)
fake_13133.png,module_corruption,('module_corruption', 21, 16, 10)
fake_13134.png,patch_overlay,('patch_overlay', 194, 48, 80, 80)
fake_13135.png,module_corruption,('module_corruption', 22, 11, 10)
fake_13136.png,module_corruption,('module_corruption', 1, 10, 11)
fake_13137.png,patch_overlay,('patch_overlay', 133, 139, 84, 84)
fake_13138.png,module_corruption,('module_corruption', 28, 20, 9)
fake_13139.png,module_corruption,('module_corruption', 20, 4, 11)
fake_13140.png,module_corruption,('module_corruption', 21, 1, 11)
fake_13141.png,module_corruption,('module_corruption', 8, 17, 12)
fake_13142.png,module_corruption,('module_corruption', 2, 23, 13)
fake_13143.png,patch_overlay,('patch_overlay', 104, 86, 78, 78)
fake_13144.png,patch_overlay,('patch_overlay', 55, 76, 56, 56)
fake_13145.png,module_corruption,('module_corruption', 21, 23, 13)
fake_13146.png,module_corruption,('module_corruption', 21, 23, 12)
fake_13147.png,patch_overlay,('patch_overlay', 218, 177, 65, 65)
fake_13148.png,patch_overlay,('patch_overlay', 207, 195, 75, 75)
fake_13149.png,patch_overlay,('patch_overlay', 144, 358, 84, 84)
fake_13150.png,module_corruption,('module_corruption', 10, 20, 10)
fake_13151.png,patch_overlay,('patch_overlay', 84, 59, 94, 94)
fake_13152.png,module_corruption,('module_corruption', 24, 21, 12)
fake_13153.png,module_corruption,('module_corruption', 23, 17, 9)
fake_13154.png,module_corruption,('module_corruption', 6, 1, 10)
fake_13155.png,module_corruption,('module_corruption', 9, 9, 11)
fake_13156.png,patch_overlay,('patch_overlay', 94, 141, 97, 97)
fake_13157.png,patch_overlay,('patch_overlay', 184, 390, 57, 57)
fake_13158.png,patch_overlay,('patch_overlay', 228, 137, 63, 63)
fake_13159.png,patch_overlay,('patch_overlay', 130, 293, 82, 82)
fake_13160.png,patch_overlay,('patch_overlay', 82, 32, 77, 77)
fake_13161.png,patch_overlay,('patch_overlay', 59, 177, 84, 84)
fake_13162.png,module_corruption,('module_corruption', 12, 22, 12)
fake_13163.png,patch_overlay,('patch_overlay', 158, 300, 56, 56)
fake_13164.png,module_corruption,('module_corruption', 9, 1, 10)
fake_13165.png,patch_overlay,('patch_overlay', 264, 274, 95, 95)
fake_13166.png,module_corruption,('module_corruption', 7, 21, 12)
fake_13167.png,module_corruption,('module_corruption', 15, 0, 10)
fake_13168.png,module_corruption,('module_corruption', 0, 19, 10)
fake_13169.png,patch_overlay,('patch_overlay', 281, 67, 66, 66)
fake_13170.png,patch_overlay,('patch_overlay', 352, 353, 85, 85)
fake_13171.png,module_corruption,('module_corruption', 15, 7, 11)
fake_13172.png,module_corruption,('module_corruption', 4, 19, 9)
fake_13173.png,patch_overlay,('patch_overlay', 227, 338, 67, 67)
fake_13174.png,patch_overlay,('patch_overlay', 187, 216, 85, 85)
fake_13175.png,patch_overlay,('patch_overlay', 220, 209, 85, 85)
fake_13176.png,module_corruption,('module_corruption', 25, 6, 12)
fake_13177.png,patch_overlay,('patch_overlay', 179, 55, 69, 69)
fake_13178.png,module_corruption,('module_corruption', 1, 5, 13)
fake_13179.png,patch_overlay,('patch_overlay', 3, 298, 78, 78)
fake_13180.png,module_corruption,('module_corruption', 21, 13, 12)
fake_13181.png,patch_overlay,('patch_overlay', 115, 281, 54, 54)
fake_13182.png,module_corruption,('module_corruption', 6, 14, 13)
fake_13183.png,patch_overlay,('patch_overlay', 94, 312, 89, 89)
fake_13184.png,patch_overlay,('patch_overlay', 107, 123, 82, 82)
fake_13185.png,patch_overlay,('patch_overlay', 317, 257, 93, 93)
fake_13186.png,module_corruption,('module_corruption', 15, 14, 12)
fake_13187.png,module_corruption,('module_corruption', 21, 22, 11)
fake_13188.png,patch_overlay,('patch_overlay', 95, 157, 85, 85)
fake_13189.png,module_corruption,('module_corruption', 1, 21, 13)
fake_13190.png,module_corruption,('module_corruption', 18, 24, 13)
fake_13191.png,module_corruption,('module_corruption', 27, 16, 10)
fake_13192.png,patch_overlay,('patch_overlay', 154, 247, 70, 70)
fake_13193.png,patch_overlay,('patch_overlay', 322, 323, 55, 55)
fake_13194.png,module_corruption,('module_corruption', 9, 18, 9)
fake_13195.png,patch_overlay,('patch_overlay', 206, 156, 92, 92)
fake_13196.png,module_corruption,('module_corruption', 18, 0, 13)
fake_13197.png,module_corruption,('module_corruption', 22, 23, 14)
fake_13198.png,patch_overlay,('patch_overlay', 43, 265, 56, 56)
fake_13199.png,module_corruption,('module_corruption', 22, 19, 12)
fake_13200.png,module_corruption,('module_corruption', 13, 17, 11)
fake_13201.png,patch_overlay,('patch_overlay', 121, 273, 61, 61)
fake_13202.png,module_corruption,('module_corruption', 16, 1, 9)
fake_13203.png,patch_overlay,('patch_overlay', 25, 37, 83, 83)
fake_13204.png,module_corruption,('module_corruption', 25, 15, 10)
fake_13205.png,module_corruption,('module_corruption', 15, 23, 12)
fake_13206.png,module_corruption,('module_corruption', 15, 14, 13)
fake_13207.png,patch_overlay,('patch_overlay', 351, 63, 79, 79)
fake_13208.png,patch_overlay,('patch_overlay', 367, 365, 75, 75)
fake_13209.png,module_corruption,('module_corruption', 16, 12, 14)
fake_13210.png,patch_overlay,('patch_overlay', 137, 297, 85, 85)
fake_13211.png,patch_overlay,('patch_overlay', 356, 342, 73, 73)
fake_13212.png,module_corruption,('module_corruption', 16, 20, 12)
fake_13213.png,patch_overlay,('patch_overlay', 275, 55, 92, 92)
fake_13214.png,patch_overlay,('patch_overlay', 95, 178, 98, 98)
fake_13215.png,module_corruption,('module_corruption', 12, 18, 10)
fake_13216.png,module_corruption,('module_corruption', 7, 9, 13)
fake_13217.png,patch_overlay,('patch_overlay', 72, 9, 74, 74)
fake_13218.png,module_corruption,('module_corruption', 1, 20, 10)
fake_13219.png,patch_overlay,('patch_overlay', 113, 105, 75, 75)
fake_13220.png,patch_overlay,('patch_overlay', 187, 70, 95, 95)
fake_13221.png,module_corruption,('module_corruption', 26, 10, 11)
fake_13222.png,module_corruption,('module_corruption', 24, 20, 11)
fake_13223.png,patch_overlay,('patch_overlay', 330, 151, 93, 93)
fake_13224.png,patch_overlay,('patch_overlay', 34, 206, 83, 83)
fake_13225.png,module_corruption,('module_corruption', 21, 28, 9)
fake_13226.png,module_corruption,('module_corruption', 20, 19, 10)
fake_13227.png,patch_overlay,('patch_overlay', 89, 6, 70, 70)
fake_13228.png,patch_overlay,('patch_overlay', 372, 307, 74, 74)
fake_13229.png,module_corruption,('module_corruption', 7, 18, 13)
fake_13230.png,module_corruption,('module_corruption', 0, 20, 9)
fake_13231.png,patch_overlay,('patch_overlay', 168, 196, 78, 78)
fake_13232.png,patch_overlay,('patch_overlay', 11, 346, 68, 68)
fake_13233.png,patch_overlay,('patch_overlay', 49, 314, 82, 82)
fake_13234.png,module_corruption,('module_corruption', 7, 23, 11)
fake_13235.png,module_corruption,('module_corruption', 13, 0, 13)
fake_13236.png,module_corruption,('module_corruption', 10, 8, 12)
fake_13237.png,module_corruption,('module_corruption', 22, 2, 10)
fake_13238.png,module_corruption,('module_corruption', 11, 23, 14)
fake_13239.png,module_corruption,('module_corruption', 17, 5, 10)
fake_13240.png,patch_overlay,('patch_overlay', 96, 173, 79, 79)
fake_13241.png,patch_overlay,('patch_overlay', 232, 354, 83, 83)
fake_13242.png,module_corruption,('module_corruption', 6, 16, 11)
fake_13243.png,patch_overlay,('patch_overlay', 219, 22, 57, 57)
fake_13244.png,patch_overlay,('patch_overlay', 192, 1, 75, 75)
fake_13245.png,patch_overlay,('patch_overlay', 213, 0, 65, 65)
fake_13246.png,patch_overlay,('patch_overlay', 67, 314, 98, 98)
fake_13247.png,module_corruption,('module_corruption', 0, 2, 10)
fake_13248.png,patch_overlay,('patch_overlay', 103, 350, 58, 58)
fake_13249.png,module_corruption,('module_corruption', 2, 25, 10)
fake_13250.png,patch_overlay,('patch_overlay', 16, 9, 88, 88)
fake_13251.png,patch_overlay,('patch_overlay', 272, 347, 67, 67)
fake_13252.png,patch_overlay,('patch_overlay', 246, 105, 56, 56)
fake_13253.png,module_corruption,('module_corruption', 1, 10, 9)
fake_13254.png,module_corruption,('module_corruption', 9, 10, 11)
fake_13255.png,module_corruption,('module_corruption', 1, 22, 14)
fake_13256.png,module_corruption,('module_corruption', 16, 19, 12)
fake_13257.png,module_corruption,('module_corruption', 2, 22, 12)
fake_13258.png,patch_overlay,('patch_overlay', 302, 182, 92, 92)
fake_13259.png,module_corruption,('module_corruption', 19, 7, 11)
fake_13260.png,module_corruption,('module_corruption', 17, 19, 12)
fake_13261.png,module_corruption,('module_corruption', 9, 15, 9)
fake_13262.png,module_corruption,('module_corruption', 21, 24, 11)
fake_13263.png,patch_overlay,('patch_overlay', 23, 170, 73, 73)
fake_13264.png,module_corruption,('module_corruption', 2, 11, 12)
fake_13265.png,module_corruption,('module_corruption', 11, 5, 13)
fake_13266.png,patch_overlay,('patch_overlay', 98, 322, 79, 79)
fake_13267.png,module_corruption,('module_corruption', 17, 12, 9)
fake_13268.png,patch_overlay,('patch_overlay', 59, 62, 86, 86)
fake_13269.png,patch_overlay,('patch_overlay', 288, 56, 70, 70)
fake_13270.png,module_corruption,('module_corruption', 4, 21, 13)
fake_13271.png,patch_overlay,('patch_overlay', 27, 53, 94, 94)
fake_13272.png,module_corruption,('module_corruption', 12, 15, 9)
fake_13273.png,module_corruption,('module_corruption', 20, 5, 9)
fake_13274.png,module_corruption,('module_corruption', 19, 7, 11)
fake_13275.png,module_corruption,('module_corruption', 18, 19, 11)
fake_13276.png,module_corruption,('module_corruption', 13, 19, 10)
fake_13277.png,patch_overlay,('patch_overlay', 112, 219, 82, 82)
fake_13278.png,module_corruption,('module_corruption', 17, 5, 10)
fake_13279.png,module_corruption,('module_corruption', 25, 13, 10)
fake_13280.png,module_corruption,('module_corruption', 6, 23, 14)
fake_13281.png,module_corruption,('module_corruption', 19, 17, 10)
fake_13282.png,patch_overlay,('patch_overlay', 149, 33, 88, 88)
fake_13283.png,patch_overlay,('patch_overlay', 263, 363, 76, 76)
fake_13284.png,module_corruption,('module_corruption', 11, 11, 11)
fake_13285.png,patch_overlay,('patch_overlay', 219, 326, 68, 68)
fake_13286.png,patch_overlay,('patch_overlay', 2, 147, 77, 77)
fake_13287.png,patch_overlay,('patch_overlay', 159, 326, 77, 77)
fake_13288.png,patch_overlay,('patch_overlay', 208, 330, 76, 76)
fake_13289.png,patch_overlay,('patch_overlay', 316, 384, 58, 58)
fake_13290.png,patch_overlay,('patch_overlay', 234, 102, 83, 83)
fake_13291.png,patch_overlay,('patch_overlay', 16, 111, 85, 85)
fake_13292.png,module_corruption,('module_corruption', 0, 0, 13)
fake_13293.png,module_corruption,('module_corruption', 5, 7, 13)
fake_13294.png,patch_overlay,('patch_overlay', 133, 209, 66, 66)
fake_13295.png,patch_overlay,('patch_overlay', 124, 324, 92, 92)
fake_13296.png,patch_overlay,('patch_overlay', 257, 92, 75, 75)
fake_13297.png,patch_overlay,('patch_overlay', 111, 165, 84, 84)
fake_13298.png,module_corruption,('module_corruption', 26, 15, 11)
fake_13299.png,module_corruption,('module_corruption', 4, 10, 9)
fake_13300.png,module_corruption,('module_corruption', 19, 1, 12)
fake_13301.png,module_corruption,('module_corruption', 0, 26, 10)
fake_13302.png,module_corruption,('module_corruption', 15, 10, 10)
fake_13303.png,module_corruption,('module_corruption', 3, 12, 13)
fake_13304.png,module_corruption,('module_corruption', 13, 7, 10)
fake_13305.png,module_corruption,('module_corruption', 15, 17, 10)
fake_13306.png,patch_overlay,('patch_overlay', 157, 151, 72, 72)
fake_13307.png,module_corruption,('module_corruption', 8, 0, 13)
fake_13308.png,patch_overlay,('patch_overlay', 347, 276, 84, 84)
fake_13309.png,patch_overlay,('patch_overlay', 124, 67, 71, 71)
fake_13310.png,patch_overlay,('patch_overlay', 341, 156, 86, 86)
fake_13311.png,patch_overlay,('patch_overlay', 117, 153, 64, 64)
fake_13312.png,module_corruption,('module_corruption', 0, 22, 10)
fake_13313.png,module_corruption,('module_corruption', 10, 20, 10)
fake_13314.png,module_corruption,('module_corruption', 23, 20, 13)
fake_13315.png,patch_overlay,('patch_overlay', 223, 242, 59, 59)
fake_13316.png,module_corruption,('module_corruption', 22, 19, 14)
fake_13317.png,module_corruption,('module_corruption', 3, 9, 12)
fake_13318.png,patch_overlay,('patch_overlay', 366, 207, 64, 64)
fake_13319.png,module_corruption,('module_corruption', 17, 23, 10)
fake_13320.png,patch_overlay,('patch_overlay', 306, 230, 80, 80)
fake_13321.png,module_corruption,('module_corruption', 20, 19, 14)
fake_13322.png,patch_overlay,('patch_overlay', 68, 361, 72, 72)
fake_13323.png,module_corruption,('module_corruption', 0, 26, 10)
fake_13324.png,patch_overlay,('patch_overlay', 182, 246, 71, 71)
fake_13325.png,module_corruption,('module_corruption', 15, 20, 13)
fake_13326.png,patch_overlay,('patch_overlay', 201, 49, 86, 86)
fake_13327.png,patch_overlay,('patch_overlay', 158, 170, 77, 77)
fake_13328.png,module_corruption,('module_corruption', 3, 11, 12)
fake_13329.png,patch_overlay,('patch_overlay', 202, 205, 87, 87)
fake_13330.png,module_corruption,('module_corruption', 13, 21, 10)
fake_13331.png,patch_overlay,('patch_overlay', 71, 210, 57, 57)
fake_13332.png,module_corruption,('module_corruption', 4, 25, 12)
fake_13333.png,module_corruption,('module_corruption', 10, 4, 12)
fake_13334.png,patch_overlay,('patch_overlay', 33, 196, 66, 66)
fake_13335.png,module_corruption,('module_corruption', 16, 12, 10)
fake_13336.png,patch_overlay,('patch_overlay', 175, 273, 59, 59)
fake_13337.png,patch_overlay,('patch_overlay', 203, 70, 97, 97)
fake_13338.png,module_corruption,('module_corruption', 0, 17, 12)
fake_13339.png,module_corruption,('module_corruption', 10, 9, 9)
fake_13340.png,module_corruption,('module_corruption', 7, 24, 11)
fake_13341.png,module_corruption,('module_corruption', 25, 11, 12)
fake_13342.png,patch_overlay,('patch_overlay', 222, 369, 77, 77)
fake_13343.png,module_corruption,('module_corruption', 26, 24, 11)
fake_13344.png,module_corruption,('module_corruption', 25, 22, 11)
fake_13345.png,module_corruption,('module_corruption', 14, 1, 13)
fake_13346.png,module_corruption,('module_corruption', 8, 13, 13)
fake_13347.png,module_corruption,('module_corruption', 18, 17, 13)
fake_13348.png,module_corruption,('module_corruption', 4, 19, 13)
fake_13349.png,module_corruption,('module_corruption', 23, 24, 11)
fake_13350.png,patch_overlay,('patch_overlay', 98, 195, 80, 80)
fake_13351.png,patch_overlay,('patch_overlay', 191, 10, 90, 90)
fake_13352.png,module_corruption,('module_corruption', 24, 11, 10)
fake_13353.png,patch_overlay,('patch_overlay', 241, 208, 54, 54)
fake_13354.png,module_corruption,('module_corruption', 21, 3, 11)
fake_13355.png,patch_overlay,('patch_overlay', 262, 114, 88, 88)
fake_13356.png,patch_overlay,('patch_overlay', 1, 49, 55, 55)
fake_13357.png,module_corruption,('module_corruption', 0, 14, 9)
fake_13358.png,module_corruption,('module_corruption', 18, 20, 10)
fake_13359.png,module_corruption,('module_corruption', 21, 18, 11)
fake_13360.png,module_corruption,('module_corruption', 3, 9, 11)
fake_13361.png,patch_overlay,('patch_overlay', 335, 302, 72, 72)
fake_13362.png,patch_overlay,('patch_overlay', 187, 163, 74, 74)
fake_13363.png,module_corruption,('module_corruption', 19, 4, 10)
fake_13364.png,patch_overlay,('patch_overlay', 28, 287, 72, 72)
fake_13365.png,patch_overlay,('patch_overlay', 265, 376, 74, 74)
fake_13366.png,patch_overlay,('patch_overlay', 48, 250, 60, 60)
fake_13367.png,module_corruption,('module_corruption', 11, 12, 13)
fake_13368.png,patch_overlay,('patch_overlay', 147, 94, 62, 62)
fake_13369.png,module_corruption,('module_corruption', 0, 24, 10)
fake_13370.png,module_corruption,('module_corruption', 24, 7, 10)
fake_13371.png,patch_overlay,('patch_overlay', 335, 154, 73, 73)
fake_13372.png,patch_overlay,('patch_overlay', 146, 298, 95, 95)
fake_13373.png,patch_overlay,('patch_overlay', 149, 193, 66, 66)
fake_13374.png,module_corruption,('module_corruption', 17, 25, 11)
fake_13375.png,module_corruption,('module_corruption', 21, 21, 13)
fake_13376.png,module_corruption,('module_corruption', 25, 8, 11)
fake_13377.png,patch_overlay,('patch_overlay', 212, 56, 84, 84)
fake_13378.png,patch_overlay,('patch_overlay', 123, 290, 59, 59)
fake_13379.png,module_corruption,('module_corruption', 2, 21, 10)
fake_13380.png,module_corruption,('module_corruption', 2, 7, 12)
fake_13381.png,module_corruption,('module_corruption', 2, 9, 12)
fake_13382.png,patch_overlay,('patch_overlay', 27, 316, 90, 90)
fake_13383.png,patch_overlay,('patch_overlay', 334, 67, 90, 90)
fake_13384.png,module_corruption,('module_corruption', 16, 11, 11)
fake_13385.png,module_corruption,('module_corruption', 8, 12, 13)
fake_13386.png,module_corruption,('module_corruption', 21, 5, 10)
fake_13387.png,module_corruption,('module_corruption', 0, 16, 11)
fake_13388.png,patch_overlay,('patch_overlay', 229, 196, 68, 68)
fake_13389.png,module_corruption,('module_corruption', 24, 14, 13)
fake_13390.png,module_corruption,('module_corruption', 15, 7, 11)
fake_13391.png,patch_overlay,('patch_overlay', 291, 40, 70, 70)
fake_13392.png,module_corruption,('module_corruption', 17, 19, 9)
fake_13393.png,module_corruption,('module_corruption', 1, 21, 14)
fake_13394.png,patch_overlay,('patch_overlay', 343, 289, 90, 90)
fake_13395.png,module_corruption,('module_corruption', 12, 2, 11)
fake_13396.png,patch_overlay,('patch_overlay', 355, 334, 79, 79)
fake_13397.png,patch_overlay,('patch_overlay', 171, 91, 90, 90)
fake_13398.png,module_corruption,('module_corruption', 15, 10, 14)
fake_13399.png,patch_overlay,('patch_overlay', 111, 346, 76, 76)
fake_13400.png,patch_overlay,('patch_overlay', 202, 165, 69, 69)
fake_13401.png,module_corruption,('module_corruption', 6, 4, 11)
fake_13402.png,patch_overlay,('patch_overlay', 92, 378, 63, 63)
fake_13403.png,module_corruption,('module_corruption', 9, 26, 11)
fake_13404.png,patch_overlay,('patch_overlay', 208, 101, 61, 61)
fake_13405.png,patch_overlay,('patch_overlay', 96, 359, 65, 65)
fake_13406.png,module_corruption,('module_corruption', 15, 24, 12)
fake_13407.png,module_corruption,('module_corruption', 25, 10, 12)
fake_13408.png,module_corruption,('module_corruption', 24, 14, 13)
fake_13409.png,patch_overlay,('patch_overlay', 8, 30, 80, 80)
fake_13410.png,patch_overlay,('patch_overlay', 265, 333, 57, 57)
fake_13411.png,patch_overlay,('patch_overlay', 19, 383, 62, 62)
fake_13412.png,patch_overlay,('patch_overlay', 114, 170, 79, 79)
fake_13413.png,patch_overlay,('patch_overlay', 292, 355, 74, 74)
fake_13414.png,module_corruption,('module_corruption', 19, 10, 14)
fake_13415.png,patch_overlay,('patch_overlay', 243, 210, 55, 55)
fake_13416.png,module_corruption,('module_corruption', 17, 19, 14)
fake_13417.png,patch_overlay,('patch_overlay', 88, 266, 88, 88)
fake_13418.png,patch_overlay,('patch_overlay', 268, 198, 77, 77)
fake_13419.png,patch_overlay,('patch_overlay', 190, 38, 63, 63)
fake_13420.png,patch_overlay,('patch_overlay', 92, 128, 97, 97)
fake_13421.png,module_corruption,('module_corruption', 19, 4, 14)
fake_13422.png,patch_overlay,('patch_overlay', 255, 172, 82, 82)
fake_13423.png,module_corruption,('module_corruption', 8, 22, 13)
fake_13424.png,patch_overlay,('patch_overlay', 227, 382, 62, 62)
fake_13425.png,module_corruption,('module_corruption', 8, 0, 11)
fake_13426.png,module_corruption,('module_corruption', 11, 9, 12)
fake_13427.png,module_corruption,('module_corruption', 27, 13, 10)
fake_13428.png,patch_overlay,('patch_overlay', 258, 333, 61, 61)
fake_13429.png,module_corruption,('module_corruption', 3, 17, 10)
fake_13430.png,module_corruption,('module_corruption', 22, 9, 9)
fake_13431.png,patch_overlay,('patch_overlay', 235, 225, 65, 65)
fake_13432.png,module_corruption,('module_corruption', 24, 23, 13)
fake_13433.png,module_corruption,('module_corruption', 26, 13, 9)
fake_13434.png,patch_overlay,('patch_overlay', 70, 358, 65, 65)
fake_13435.png,module_corruption,('module_corruption', 17, 5, 10)
fake_13436.png,patch_overlay,('patch_overlay', 210, 288, 78, 78)
fake_13437.png,patch_overlay,('patch_overlay', 88, 324, 59, 59)
fake_13438.png,patch_overlay,('patch_overlay', 236, 97, 58, 58)
fake_13439.png,patch_overlay,('patch_overlay', 107, 309, 73, 73)
fake_13440.png,patch_overlay,('patch_overlay', 241, 120, 87, 87)
fake_13441.png,module_corruption,('module_corruption', 26, 19, 11)
fake_13442.png,module_corruption,('module_corruption', 27, 14, 10)
fake_13443.png,patch_overlay,('patch_overlay', 86, 350, 63, 63)
fake_13444.png,module_corruption,('module_corruption', 11, 24, 10)
fake_13445.png,patch_overlay,('patch_overlay', 367, 157, 56, 56)
fake_13446.png,patch_overlay,('patch_overlay', 352, 96, 65, 65)
fake_13447.png,module_corruption,('module_corruption', 20, 9, 11)
fake_13448.png,module_corruption,('module_corruption', 15, 14, 12)
fake_13449.png,module_corruption,('module_corruption', 8, 5, 12)
fake_13450.png,patch_overlay,('patch_overlay', 136, 230, 63, 63)
fake_13451.png,patch_overlay,('patch_overlay', 313, 158, 92, 92)
fake_13452.png,module_corruption,('module_corruption', 4, 9, 14)
fake_13453.png,patch_overlay,('patch_overlay', 337, 308, 74, 74)
fake_13454.png,module_corruption,('module_corruption', 1, 7, 10)
fake_13455.png,patch_overlay,('patch_overlay', 85, 331, 76, 76)
fake_13456.png,module_corruption,('module_corruption', 23, 12, 9)
fake_13457.png,module_corruption,('module_corruption', 4, 9, 13)
fake_13458.png,module_corruption,('module_corruption', 15, 10, 13)
fake_13459.png,patch_overlay,('patch_overlay', 7, 102, 77, 77)
fake_13460.png,module_corruption,('module_corruption', 24, 11, 11)
fake_13461.png,patch_overlay,('patch_overlay', 171, 234, 57, 57)
fake_13462.png,patch_overlay,('patch_overlay', 3, 117, 58, 58)
fake_13463.png,module_corruption,('module_corruption', 24, 22, 10)
fake_13464.png,module_corruption,('module_corruption', 11, 0, 13)
fake_13465.png,module_corruption,('module_corruption', 20, 12, 13)
fake_13466.png,module_corruption,('module_corruption', 3, 9, 10)
fake_13467.png,patch_overlay,('patch_overlay', 75, 89, 76, 76)
fake_13468.png,module_corruption,('module_corruption', 16, 19, 10)
fake_13469.png,module_corruption,('module_corruption', 21, 14, 12)
fake_13470.png,patch_overlay,('patch_overlay', 195, 188, 55, 55)
fake_13471.png,module_corruption,('module_corruption', 22, 12, 11)
fake_13472.png,patch_overlay,('patch_overlay', 104, 76, 60, 60)
fake_13473.png,patch_overlay,('patch_overlay', 88, 146, 70, 70)
fake_13474.png,module_corruption,('module_corruption', 20, 22, 10)
fake_13475.png,patch_overlay,('patch_overlay', 320, 203, 65, 65)
fake_13476.png,patch_overlay,('patch_overlay', 172, 66, 67, 67)
fake_13477.png,module_corruption,('module_corruption', 11, 14, 11)
fake_13478.png,module_corruption,('module_corruption', 2, 12, 11)
fake_13479.png,module_corruption,('module_corruption', 8, 13, 12)
fake_13480.png,module_corruption,('module_corruption', 14, 20, 13)
fake_13481.png,patch_overlay,('patch_overlay', 287, 369, 67, 67)
fake_13482.png,module_corruption,('module_corruption', 18, 18, 14)
fake_13483.png,patch_overlay,('patch_overlay', 340, 255, 69, 69)
fake_13484.png,module_corruption,('module_corruption', 7, 20, 13)
fake_13485.png,patch_overlay,('patch_overlay', 216, 115, 90, 90)
fake_13486.png,patch_overlay,('patch_overlay', 331, 132, 64, 64)
fake_13487.png,patch_overlay,('patch_overlay', 156, 74, 77, 77)
fake_13488.png,patch_overlay,('patch_overlay', 156, 281, 95, 95)
fake_13489.png,module_corruption,('module_corruption', 8, 9, 14)
fake_13490.png,patch_overlay,('patch_overlay', 334, 10, 75, 75)
fake_13491.png,module_corruption,('module_corruption', 4, 4, 10)
fake_13492.png,patch_overlay,('patch_overlay', 301, 56, 58, 58)
fake_13493.png,module_corruption,('module_corruption', 18, 14, 12)
fake_13494.png,module_corruption,('module_corruption', 11, 27, 9)
fake_13495.png,patch_overlay,('patch_overlay', 344, 346, 70, 70)
fake_13496.png,patch_overlay,('patch_overlay', 95, 278, 57, 57)
fake_13497.png,module_corruption,('module_corruption', 26, 3, 11)
fake_13498.png,patch_overlay,('patch_overlay', 327, 22, 90, 90)
fake_13499.png,patch_overlay,('patch_overlay', 74, 166, 69, 69)
fake_13500.png,patch_overlay,('patch_overlay', 115, 167, 66, 66)
fake_13501.png,patch_overlay,('patch_overlay', 337, 40, 89, 89)
fake_13502.png,module_corruption,('module_corruption', 15, 6, 10)
fake_13503.png,patch_overlay,('patch_overlay', 60, 279, 84, 84)
fake_13504.png,module_corruption,('module_corruption', 10, 18, 12)
fake_13505.png,module_corruption,('module_corruption', 2, 0, 13)
fake_13506.png,patch_overlay,('patch_overlay', 255, 250, 59, 59)
fake_13507.png,module_corruption,('module_corruption', 8, 0, 14)
fake_13508.png,patch_overlay,('patch_overlay', 161, 323, 76, 76)
fake_13509.png,module_corruption,('module_corruption', 7, 27, 10)
fake_13510.png,module_corruption,('module_corruption', 16, 8, 11)
fake_13511.png,patch_overlay,('patch_overlay', 124, 158, 81, 81)
fake_13512.png,module_corruption,('module_corruption', 11, 23, 10)
fake_13513.png,module_corruption,('module_corruption', 2, 10, 14)
fake_13514.png,module_corruption,('module_corruption', 4, 13, 10)
fake_13515.png,module_corruption,('module_corruption', 7, 27, 10)
fake_13516.png,module_corruption,('module_corruption', 1, 3, 14)
fake_13517.png,patch_overlay,('patch_overlay', 326, 307, 75, 75)
fake_13518.png,patch_overlay,('patch_overlay', 270, 20, 88, 88)
fake_13519.png,module_corruption,('module_corruption', 10, 2, 10)
fake_13520.png,patch_overlay,('patch_overlay', 247, 31, 61, 61)
fake_13521.png,patch_overlay,('patch_overlay', 292, 162, 57, 57)
fake_13522.png,module_corruption,('module_corruption', 25, 25, 10)
fake_13523.png,module_corruption,('module_corruption', 14, 0, 11)
fake_13524.png,patch_overlay,('patch_overlay', 60, 322, 72, 72)
fake_13525.png,module_corruption,('module_corruption', 18, 18, 14)
fake_13526.png,module_corruption,('module_corruption', 2, 5, 10)
fake_13527.png,patch_overlay,('patch_overlay', 16, 104, 73, 73)
fake_13528.png,module_corruption,('module_corruption', 23, 24, 10)
fake_13529.png,patch_overlay,('patch_overlay', 158, 194, 56, 56)
fake_13530.png,patch_overlay,('patch_overlay', 119, 69, 68, 68)
fake_13531.png,patch_overlay,('patch_overlay', 37, 298, 80, 80)
fake_13532.png,patch_overlay,('patch_overlay', 90, 348, 77, 77)
fake_13533.png,patch_overlay,('patch_overlay', 172, 52, 59, 59)
fake_13534.png,module_corruption,('module_corruption', 18, 24, 11)
fake_13535.png,patch_overlay,('patch_overlay', 273, 131, 61, 61)
fake_13536.png,module_corruption,('module_corruption', 4, 16, 13)
fake_13537.png,module_corruption,('module_corruption', 11, 3, 13)
fake_13538.png,module_corruption,('module_corruption', 22, 15, 10)
fake_13539.png,module_corruption,('module_corruption', 28, 16, 9)
fake_13540.png,patch_overlay,('patch_overlay', 143, 373, 73, 73)
fake_13541.png,patch_overlay,('patch_overlay', 144, 371, 69, 69)
fake_13542.png,patch_overlay,('patch_overlay', 357, 31, 69, 69)
fake_13543.png,module_corruption,('module_corruption', 23, 25, 12)
fake_13544.png,module_corruption,('module_corruption', 18, 5, 14)
fake_13545.png,module_corruption,('module_corruption', 16, 19, 13)
fake_13546.png,patch_overlay,('patch_overlay', 365, 257, 55, 55)
fake_13547.png,patch_overlay,('patch_overlay', 273, 332, 61, 61)
fake_13548.png,module_corruption,('module_corruption', 10, 5, 13)
fake_13549.png,module_corruption,('module_corruption', 11, 13, 10)
fake_13550.png,patch_overlay,('patch_overlay', 317, 12, 80, 80)
fake_13551.png,patch_overlay,('patch_overlay', 7, 309, 56, 56)
fake_13552.png,module_corruption,('module_corruption', 7, 7, 13)
fake_13553.png,module_corruption,('module_corruption', 15, 4, 12)
fake_13554.png,patch_overlay,('patch_overlay', 234, 288, 88, 88)
fake_13555.png,patch_overlay,('patch_overlay', 202, 316, 59, 59)
fake_13556.png,patch_overlay,('patch_overlay', 124, 220, 94, 94)
fake_13557.png,patch_overlay,('patch_overlay', 108, 103, 67, 67)
fake_13558.png,patch_overlay,('patch_overlay', 13, 65, 57, 57)
fake_13559.png,module_corruption,('module_corruption', 9, 19, 14)
fake_13560.png,patch_overlay,('patch_overlay', 164, 270, 57, 57)
fake_13561.png,module_corruption,('module_corruption', 20, 22, 11)
fake_13562.png,module_corruption,('module_corruption', 3, 4, 12)
fake_13563.png,patch_overlay,('patch_overlay', 68, 12, 63, 63)
fake_13564.png,module_corruption,('module_corruption', 25, 18, 11)
fake_13565.png,patch_overlay,('patch_overlay', 71, 166, 71, 71)
fake_13566.png,patch_overlay,('patch_overlay', 314, 311, 81, 81)
fake_13567.png,patch_overlay,('patch_overlay', 343, 24, 96, 96)
fake_13568.png,module_corruption,('module_corruption', 0, 4, 12)
fake_13569.png,module_corruption,('module_corruption', 22, 13, 13)
fake_13570.png,module_corruption,('module_corruption', 22, 20, 13)
fake_13571.png,patch_overlay,('patch_overlay', 76, 87, 60, 60)
fake_13572.png,patch_overlay,('patch_overlay', 310, 102, 95, 95)
fake_13573.png,module_corruption,('module_corruption', 26, 9, 10)
fake_13574.png,patch_overlay,('patch_overlay', 117, 194, 69, 69)
fake_13575.png,module_corruption,('module_corruption', 14, 8, 11)
fake_13576.png,patch_overlay,('patch_overlay', 192, 210, 98, 98)
fake_13577.png,module_corruption,('module_corruption', 7, 15, 12)
fake_13578.png,module_corruption,('module_corruption', 12, 8, 10)
fake_13579.png,module_corruption,('module_corruption', 18, 6, 13)
fake_13580.png,module_corruption,('module_corruption', 13, 3, 12)
fake_13581.png,patch_overlay,('patch_overlay', 336, 198, 58, 58)
fake_13582.png,patch_overlay,('patch_overlay', 254, 379, 54, 54)
fake_13583.png,module_corruption,('module_corruption', 22, 11, 10)
fake_13584.png,patch_overlay,('patch_overlay', 194, 292, 68, 68)
fake_13585.png,patch_overlay,('patch_overlay', 183, 309, 61, 61)
fake_13586.png,module_corruption,('module_corruption', 5, 19, 14)
fake_13587.png,module_corruption,('module_corruption', 15, 21, 10)
fake_13588.png,patch_overlay,('patch_overlay', 303, 193, 61, 61)
fake_13589.png,module_corruption,('module_corruption', 24, 0, 10)
fake_13590.png,module_corruption,('module_corruption', 9, 14, 11)
fake_13591.png,module_corruption,('module_corruption', 22, 13, 13)
fake_13592.png,patch_overlay,('patch_overlay', 181, 282, 63, 63)
fake_13593.png,patch_overlay,('patch_overlay', 79, 159, 77, 77)
fake_13594.png,module_corruption,('module_corruption', 11, 15, 11)
fake_13595.png,module_corruption,('module_corruption', 23, 13, 13)
fake_13596.png,patch_overlay,('patch_overlay', 52, 180, 74, 74)
fake_13597.png,module_corruption,('module_corruption', 0, 20, 9)
fake_13598.png,patch_overlay,('patch_overlay', 317, 357, 88, 88)
fake_13599.png,patch_overlay,('patch_overlay', 151, 15, 68, 68)
fake_13600.png,module_corruption,('module_corruption', 15, 24, 12)
fake_13601.png,module_corruption,('module_corruption', 15, 22, 14)
fake_13602.png,module_corruption,('module_corruption', 24, 14, 12)
fake_13603.png,patch_overlay,('patch_overlay', 154, 67, 56, 56)
fake_13604.png,module_corruption,('module_corruption', 12, 21, 10)
fake_13605.png,module_corruption,('module_corruption', 2, 7, 11)
fake_13606.png,module_corruption,('module_corruption', 9, 6, 10)
fake_13607.png,patch_overlay,('patch_overlay', 60, 24, 97, 97)
fake_13608.png,patch_overlay,('patch_overlay', 51, 32, 86, 86)
fake_13609.png,module_corruption,('module_corruption', 0, 13, 13)
fake_13610.png,module_corruption,('module_corruption', 26, 15, 10)
fake_13611.png,module_corruption,('module_corruption', 17, 4, 13)
fake_13612.png,patch_overlay,('patch_overlay', 61, 127, 71, 71)
fake_13613.png,patch_overlay,('patch_overlay', 167, 97, 57, 57)
fake_13614.png,module_corruption,('module_corruption', 5, 9, 12)
fake_13615.png,patch_overlay,('patch_overlay', 44, 293, 60, 60)
fake_13616.png,patch_overlay,('patch_overlay', 30, 311, 93, 93)
fake_13617.png,module_corruption,('module_corruption', 8, 10, 10)
fake_13618.png,patch_overlay,('patch_overlay', 116, 292, 73, 73)
fake_13619.png,patch_overlay,('patch_overlay', 242, 26, 75, 75)
fake_13620.png,patch_overlay,('patch_overlay', 64, 346, 76, 76)
fake_13621.png,module_corruption,('module_corruption', 24, 17, 13)
fake_13622.png,patch_overlay,('patch_overlay', 141, 23, 96, 96)
fake_13623.png,patch_overlay,('patch_overlay', 111, 358, 57, 57)
fake_13624.png,patch_overlay,('patch_overlay', 138, 80, 98, 98)
fake_13625.png,patch_overlay,('patch_overlay', 221, 295, 59, 59)
fake_13626.png,patch_overlay,('patch_overlay', 304, 298, 89, 89)
fake_13627.png,module_corruption,('module_corruption', 22, 19, 13)
fake_13628.png,patch_overlay,('patch_overlay', 230, 206, 56, 56)
fake_13629.png,module_corruption,('module_corruption', 5, 15, 12)
fake_13630.png,module_corruption,('module_corruption', 6, 6, 12)
fake_13631.png,module_corruption,('module_corruption', 7, 20, 10)
fake_13632.png,module_corruption,('module_corruption', 1, 2, 14)
fake_13633.png,patch_overlay,('patch_overlay', 41, 75, 69, 69)
fake_13634.png,patch_overlay,('patch_overlay', 177, 188, 59, 59)
fake_13635.png,patch_overlay,('patch_overlay', 337, 314, 74, 74)
fake_13636.png,module_corruption,('module_corruption', 15, 4, 13)
fake_13637.png,module_corruption,('module_corruption', 15, 12, 10)
fake_13638.png,module_corruption,('module_corruption', 12, 21, 13)
fake_13639.png,patch_overlay,('patch_overlay', 308, 276, 60, 60)
fake_13640.png,module_corruption,('module_corruption', 10, 17, 10)
fake_13641.png,patch_overlay,('patch_overlay', 14, 141, 94, 94)
fake_13642.png,module_corruption,('module_corruption', 17, 10, 9)
fake_13643.png,module_corruption,('module_corruption', 13, 23, 10)
fake_13644.png,patch_overlay,('patch_overlay', 268, 258, 78, 78)
fake_13645.png,module_corruption,('module_corruption', 17, 21, 13)
fake_13646.png,patch_overlay,('patch_overlay', 3, 212, 69, 69)
fake_13647.png,module_corruption,('module_corruption', 14, 8, 13)
fake_13648.png,module_corruption,('module_corruption', 19, 16, 14)
fake_13649.png,module_corruption,('module_corruption', 11, 0, 11)
fake_13650.png,module_corruption,('module_corruption', 15, 22, 13)
fake_13651.png,module_corruption,('module_corruption', 12, 24, 11)
fake_13652.png,module_corruption,('module_corruption', 9, 6, 13)
fake_13653.png,patch_overlay,('patch_overlay', 329, 157, 98, 98)
fake_13654.png,patch_overlay,('patch_overlay', 354, 253, 58, 58)
fake_13655.png,patch_overlay,('patch_overlay', 303, 52, 66, 66)
fake_13656.png,module_corruption,('module_corruption', 9, 16, 10)
fake_13657.png,module_corruption,('module_corruption', 3, 11, 11)
fake_13658.png,module_corruption,('module_corruption', 2, 1, 12)
fake_13659.png,module_corruption,('module_corruption', 2, 5, 12)
fake_13660.png,module_corruption,('module_corruption', 9, 14, 12)
fake_13661.png,patch_overlay,('patch_overlay', 106, 260, 85, 85)
fake_13662.png,module_corruption,('module_corruption', 8, 8, 14)
fake_13663.png,patch_overlay,('patch_overlay', 186, 159, 67, 67)
fake_13664.png,module_corruption,('module_corruption', 11, 15, 13)
fake_13665.png,patch_overlay,('patch_overlay', 350, 123, 70, 70)
fake_13666.png,patch_overlay,('patch_overlay', 328, 228, 55, 55)
fake_13667.png,patch_overlay,('patch_overlay', 371, 165, 56, 56)
fake_13668.png,module_corruption,('module_corruption', 2, 18, 10)
fake_13669.png,patch_overlay,('patch_overlay', 363, 38, 72, 72)
fake_13670.png,patch_overlay,('patch_overlay', 290, 277, 91, 91)
fake_13671.png,patch_overlay,('patch_overlay', 136, 13, 64, 64)
fake_13672.png,patch_overlay,('patch_overlay', 389, 222, 57, 57)
fake_13673.png,patch_overlay,('patch_overlay', 101, 309, 73, 73)
fake_13674.png,module_corruption,('module_corruption', 15, 10, 9)
fake_13675.png,patch_overlay,('patch_overlay', 266, 56, 72, 72)
fake_13676.png,patch_overlay,('patch_overlay', 198, 142, 76, 76)
fake_13677.png,module_corruption,('module_corruption', 4, 13, 13)
fake_13678.png,module_corruption,('module_corruption', 10, 13, 13)
fake_13679.png,module_corruption,('module_corruption', 20, 2, 12)
fake_13680.png,module_corruption,('module_corruption', 19, 4, 11)
fake_13681.png,patch_overlay,('patch_overlay', 132, 153, 83, 83)
fake_13682.png,module_corruption,('module_corruption', 25, 22, 10)
fake_13683.png,module_corruption,('module_corruption', 13, 4, 10)
fake_13684.png,patch_overlay,('patch_overlay', 43, 381, 59, 59)
fake_13685.png,patch_overlay,('patch_overlay', 145, 90, 87, 87)
fake_13686.png,patch_overlay,('patch_overlay', 204, 127, 87, 87)
fake_13687.png,module_corruption,('module_corruption', 19, 22, 12)
fake_13688.png,patch_overlay,('patch_overlay', 40, 166, 59, 59)
fake_13689.png,patch_overlay,('patch_overlay', 261, 199, 91, 91)
fake_13690.png,module_corruption,('module_corruption', 14, 2, 12)
fake_13691.png,module_corruption,('module_corruption', 16, 17, 10)
fake_13692.png,patch_overlay,('patch_overlay', 76, 15, 70, 70)
fake_13693.png,module_corruption,('module_corruption', 5, 0, 11)
fake_13694.png,module_corruption,('module_corruption', 18, 16, 10)
fake_13695.png,module_corruption,('module_corruption', 5, 21, 13)
fake_13696.png,module_corruption,('module_corruption', 3, 4, 13)
fake_13697.png,patch_overlay,('patch_overlay', 105, 328, 76, 76)
fake_13698.png,patch_overlay,('patch_overlay', 352, 347, 81, 81)
fake_13699.png,module_corruption,('module_corruption', 5, 3, 13)
fake_13700.png,module_corruption,('module_corruption', 1, 8, 9)
fake_13701.png,module_corruption,('module_corruption', 0, 5, 12)
fake_13702.png,patch_overlay,('patch_overlay', 361, 314, 82, 82)
fake_13703.png,patch_overlay,('patch_overlay', 290, 228, 75, 75)
fake_13704.png,patch_overlay,('patch_overlay', 72, 350, 84, 84)
fake_13705.png,module_corruption,('module_corruption', 7, 9, 9)
fake_13706.png,patch_overlay,('patch_overlay', 323, 285, 66, 66)
fake_13707.png,patch_overlay,('patch_overlay', 17, 233, 71, 71)
fake_13708.png,patch_overlay,('patch_overlay', 340, 166, 71, 71)
fake_13709.png,patch_overlay,('patch_overlay', 270, 335, 81, 81)
fake_13710.png,patch_overlay,('patch_overlay', 64, 49, 74, 74)
fake_13711.png,module_corruption,('module_corruption', 11, 1, 12)
fake_13712.png,module_corruption,('module_corruption', 21, 20, 14)
fake_13713.png,patch_overlay,('patch_overlay', 381, 71, 55, 55)
fake_13714.png,module_corruption,('module_corruption', 26, 2, 10)
fake_13715.png,module_corruption,('module_corruption', 4, 2, 13)
fake_13716.png,patch_overlay,('patch_overlay', 33, 112, 70, 70)
fake_13717.png,patch_overlay,('patch_overlay', 75, 187, 98, 98)
fake_13718.png,module_corruption,('module_corruption', 15, 7, 13)
fake_13719.png,patch_overlay,('patch_overlay', 30, 348, 57, 57)
fake_13720.png,module_corruption,('module_corruption', 23, 27, 9)
fake_13721.png,module_corruption,('module_corruption', 0, 10, 12)
fake_13722.png,patch_overlay,('patch_overlay', 299, 202, 96, 96)
fake_13723.png,patch_overlay,('patch_overlay', 230, 182, 92, 92)
fake_13724.png,module_corruption,('module_corruption', 25, 12, 11)
fake_13725.png,patch_overlay,('patch_overlay', 7, 264, 68, 68)
fake_13726.png,patch_overlay,('patch_overlay', 354, 263, 62, 62)
fake_13727.png,patch_overlay,('patch_overlay', 317, 166, 85, 85)
fake_13728.png,module_corruption,('module_corruption', 15, 14, 12)
fake_13729.png,patch_overlay,('patch_overlay', 55, 162, 55, 55)
fake_13730.png,patch_overlay,('patch_overlay', 195, 52, 84, 84)
fake_13731.png,patch_overlay,('patch_overlay', 251, 39, 77, 77)
fake_13732.png,module_corruption,('module_corruption', 18, 18, 9)
fake_13733.png,patch_overlay,('patch_overlay', 291, 50, 59, 59)
fake_13734.png,module_corruption,('module_corruption', 0, 17, 12)
fake_13735.png,patch_overlay,('patch_overlay', 40, 289, 67, 67)
fake_13736.png,module_corruption,('module_corruption', 21, 6, 10)
fake_13737.png,module_corruption,('module_corruption', 22, 20, 14)
fake_13738.png,patch_overlay,('patch_overlay', 178, 170, 94, 94)
fake_13739.png,module_corruption,('module_corruption', 10, 20, 12)
fake_13740.png,module_corruption,('module_corruption', 5, 2, 13)
fake_13741.png,module_corruption,('module_corruption', 12, 3, 12)
fake_13742.png,patch_overlay,('patch_overlay', 333, 367, 78, 78)
fake_13743.png,module_corruption,('module_corruption', 3, 12, 13)
fake_13744.png,module_corruption,('module_corruption', 3, 20, 11)
fake_13745.png,patch_overlay,('patch_overlay', 141, 105, 79, 79)
fake_13746.png,module_corruption,('module_corruption', 9, 12, 14)
fake_13747.png,module_corruption,('module_corruption', 26, 13, 11)
fake_13748.png,patch_overlay,('patch_overlay', 183, 174, 88, 88)
fake_13749.png,module_corruption,('module_corruption', 8, 16, 12)
fake_13750.png,module_corruption,('module_corruption', 13, 15, 14)
fake_13751.png,module_corruption,('module_corruption', 7, 10, 9)
fake_13752.png,patch_overlay,('patch_overlay', 156, 206, 92, 92)
fake_13753.png,patch_overlay,('patch_overlay', 73, 249, 88, 88)
fake_13754.png,patch_overlay,('patch_overlay', 314, 281, 75, 75)
fake_13755.png,patch_overlay,('patch_overlay', 58, 19, 57, 57)
fake_13756.png,patch_overlay,('patch_overlay', 154, 155, 98, 98)
fake_13757.png,patch_overlay,('patch_overlay', 128, 336, 77, 77)
fake_13758.png,module_corruption,('module_corruption', 24, 15, 11)
fake_13759.png,module_corruption,('module_corruption', 17, 24, 13)
fake_13760.png,patch_overlay,('patch_overlay', 284, 265, 91, 91)
fake_13761.png,patch_overlay,('patch_overlay', 144, 353, 54, 54)
fake_13762.png,module_corruption,('module_corruption', 5, 1, 11)
fake_13763.png,module_corruption,('module_corruption', 0, 17, 11)
fake_13764.png,patch_overlay,('patch_overlay', 104, 243, 83, 83)
fake_13765.png,patch_overlay,('patch_overlay', 176, 33, 63, 63)
fake_13766.png,patch_overlay,('patch_overlay', 186, 124, 56, 56)
fake_13767.png,patch_overlay,('patch_overlay', 259, 84, 95, 95)
fake_13768.png,patch_overlay,('patch_overlay', 21, 25, 76, 76)
fake_13769.png,patch_overlay,('patch_overlay', 26, 95, 91, 91)
fake_13770.png,module_corruption,('module_corruption', 24, 25, 9)
fake_13771.png,module_corruption,('module_corruption', 15, 9, 14)
fake_13772.png,module_corruption,('module_corruption', 11, 12, 14)
fake_13773.png,patch_overlay,('patch_overlay', 113, 306, 89, 89)
fake_13774.png,patch_overlay,('patch_overlay', 333, 104, 80, 80)
fake_13775.png,module_corruption,('module_corruption', 16, 0, 11)
fake_13776.png,patch_overlay,('patch_overlay', 337, 360, 61, 61)
fake_13777.png,module_corruption,('module_corruption', 21, 8, 12)
fake_13778.png,module_corruption,('module_corruption', 15, 11, 12)
fake_13779.png,patch_overlay,('patch_overlay', 100, 1, 65, 65)
fake_13780.png,patch_overlay,('patch_overlay', 272, 209, 91, 91)
fake_13781.png,patch_overlay,('patch_overlay', 348, 159, 71, 71)
fake_13782.png,module_corruption,('module_corruption', 8, 7, 14)
fake_13783.png,patch_overlay,('patch_overlay', 273, 355, 72, 72)
fake_13784.png,patch_overlay,('patch_overlay', 309, 186, 55, 55)
fake_13785.png,module_corruption,('module_corruption', 27, 15, 9)
fake_13786.png,patch_overlay,('patch_overlay', 66, 247, 91, 91)
fake_13787.png,module_corruption,('module_corruption', 7, 5, 10)
fake_13788.png,patch_overlay,('patch_overlay', 155, 137, 91, 91)
fake_13789.png,module_corruption,('module_corruption', 23, 24, 9)
fake_13790.png,patch_overlay,('patch_overlay', 274, 27, 61, 61)
fake_13791.png,patch_overlay,('patch_overlay', 185, 312, 57, 57)
fake_13792.png,patch_overlay,('patch_overlay', 73, 268, 86, 86)
fake_13793.png,module_corruption,('module_corruption', 3, 17, 11)
fake_13794.png,patch_overlay,('patch_overlay', 329, 350, 88, 88)
fake_13795.png,module_corruption,('module_corruption', 23, 20, 9)
fake_13796.png,module_corruption,('module_corruption', 3, 10, 13)
fake_13797.png,module_corruption,('module_corruption', 19, 17, 12)
fake_13798.png,module_corruption,('module_corruption', 5, 2, 11)
fake_13799.png,module_corruption,('module_corruption', 23, 11, 11)
fake_13800.png,module_corruption,('module_corruption', 4, 14, 13)
fake_13801.png,module_corruption,('module_corruption', 14, 24, 9)
fake_13802.png,module_corruption,('module_corruption', 12, 19, 12)
fake_13803.png,module_corruption,('module_corruption', 24, 17, 12)
fake_13804.png,module_corruption,('module_corruption', 17, 13, 12)
fake_13805.png,patch_overlay,('patch_overlay', 9, 330, 98, 98)
fake_13806.png,patch_overlay,('patch_overlay', 26, 324, 87, 87)
fake_13807.png,module_corruption,('module_corruption', 18, 19, 11)
fake_13808.png,patch_overlay,('patch_overlay', 192, 366, 66, 66)
fake_13809.png,patch_overlay,('patch_overlay', 304, 330, 73, 73)
fake_13810.png,module_corruption,('module_corruption', 13, 2, 12)
fake_13811.png,module_corruption,('module_corruption', 26, 17, 9)
fake_13812.png,patch_overlay,('patch_overlay', 16, 346, 97, 97)
fake_13813.png,patch_overlay,('patch_overlay', 188, 142, 79, 79)
fake_13814.png,module_corruption,('module_corruption', 20, 23, 11)
fake_13815.png,module_corruption,('module_corruption', 21, 19, 11)
fake_13816.png,module_corruption,('module_corruption', 3, 2, 13)
fake_13817.png,module_corruption,('module_corruption', 11, 12, 12)
fake_13818.png,patch_overlay,('patch_overlay', 242, 321, 75, 75)
fake_13819.png,patch_overlay,('patch_overlay', 317, 203, 62, 62)
fake_13820.png,module_corruption,('module_corruption', 22, 2, 13)
fake_13821.png,patch_overlay,('patch_overlay', 120, 292, 76, 76)
fake_13822.png,module_corruption,('module_corruption', 19, 16, 13)
fake_13823.png,module_corruption,('module_corruption', 6, 2, 13)
fake_13824.png,module_corruption,('module_corruption', 24, 5, 13)
fake_13825.png,patch_overlay,('patch_overlay', 342, 122, 75, 75)
fake_13826.png,patch_overlay,('patch_overlay', 119, 345, 72, 72)
fake_13827.png,module_corruption,('module_corruption', 25, 4, 12)
fake_13828.png,patch_overlay,('patch_overlay', 33, 160, 72, 72)
fake_13829.png,patch_overlay,('patch_overlay', 243, 35, 98, 98)
fake_13830.png,patch_overlay,('patch_overlay', 52, 334, 60, 60)
fake_13831.png,patch_overlay,('patch_overlay', 253, 139, 86, 86)
fake_13832.png,module_corruption,('module_corruption', 14, 23, 10)
fake_13833.png,module_corruption,('module_corruption', 25, 11, 11)
fake_13834.png,module_corruption,('module_corruption', 21, 25, 12)
fake_13835.png,module_corruption,('module_corruption', 7, 4, 12)
fake_13836.png,patch_overlay,('patch_overlay', 30, 121, 98, 98)
fake_13837.png,patch_overlay,('patch_overlay', 84, 87, 80, 80)
fake_13838.png,module_corruption,('module_corruption', 12, 23, 9)
fake_13839.png,module_corruption,('module_corruption', 16, 12, 9)
fake_13840.png,patch_overlay,('patch_overlay', 242, 284, 95, 95)
fake_13841.png,patch_overlay,('patch_overlay', 308, 187, 55, 55)
fake_13842.png,patch_overlay,('patch_overlay', 313, 11, 66, 66)
fake_13843.png,patch_overlay,('patch_overlay', 232, 342, 73, 73)
fake_13844.png,module_corruption,('module_corruption', 23, 15, 12)
fake_13845.png,module_corruption,('module_corruption', 5, 25, 11)
fake_13846.png,patch_overlay,('patch_overlay', 91, 32, 71, 71)
fake_13847.png,module_corruption,('module_corruption', 20, 13, 10)
fake_13848.png,module_corruption,('module_corruption', 16, 0, 12)
fake_13849.png,module_corruption,('module_corruption', 7, 3, 11)
fake_13850.png,patch_overlay,('patch_overlay', 35, 190, 79, 79)
fake_13851.png,module_corruption,('module_corruption', 25, 20, 12)
fake_13852.png,patch_overlay,('patch_overlay', 285, 249, 59, 59)
fake_13853.png,module_corruption,('module_corruption', 19, 17, 11)
fake_13854.png,module_corruption,('module_corruption', 15, 18, 13)
fake_13855.png,module_corruption,('module_corruption', 0, 7, 10)
fake_13856.png,patch_overlay,('patch_overlay', 117, 149, 78, 78)
fake_13857.png,module_corruption,('module_corruption', 4, 25, 11)
fake_13858.png,patch_overlay,('patch_overlay', 16, 349, 85, 85)
fake_13859.png,patch_overlay,('patch_overlay', 40, 70, 73, 73)
fake_13860.png,patch_overlay,('patch_overlay', 185, 168, 94, 94)
fake_13861.png,patch_overlay,('patch_overlay', 44, 327, 85, 85)
fake_13862.png,patch_overlay,('patch_overlay', 295, 6, 80, 80)
fake_13863.png,module_corruption,('module_corruption', 1, 23, 12)
fake_13864.png,module_corruption,('module_corruption', 10, 16, 13)
fake_13865.png,patch_overlay,('patch_overlay', 114, 284, 59, 59)
fake_13866.png,module_corruption,('module_corruption', 3, 5, 10)
fake_13867.png,module_corruption,('module_corruption', 14, 2, 12)
fake_13868.png,module_corruption,('module_corruption', 3, 16, 9)
fake_13869.png,patch_overlay,('patch_overlay', 252, 286, 62, 62)
fake_13870.png,module_corruption,('module_corruption', 0, 15, 9)
fake_13871.png,patch_overlay,('patch_overlay', 259, 80, 63, 63)
fake_13872.png,module_corruption,('module_corruption', 8, 14, 12)
fake_13873.png,patch_overlay,('patch_overlay', 242, 210, 95, 95)
fake_13874.png,module_corruption,('module_corruption', 17, 15, 11)
fake_13875.png,module_corruption,('module_corruption', 11, 25, 12)
fake_13876.png,patch_overlay,('patch_overlay', 207, 237, 87, 87)
fake_13877.png,patch_overlay,('patch_overlay', 283, 126, 81, 81)
fake_13878.png,module_corruption,('module_corruption', 3, 17, 11)
fake_13879.png,module_corruption,('module_corruption', 9, 6, 14)
fake_13880.png,module_corruption,('module_corruption', 22, 23, 12)
fake_13881.png,patch_overlay,('patch_overlay', 167, 261, 68, 68)
fake_13882.png,patch_overlay,('patch_overlay', 303, 138, 94, 94)
fake_13883.png,module_corruption,('module_corruption', 17, 12, 11)
fake_13884.png,patch_overlay,('patch_overlay', 324, 29, 67, 67)
fake_13885.png,module_corruption,('module_corruption', 4, 21, 11)
fake_13886.png,module_corruption,('module_corruption', 16, 18, 11)
fake_13887.png,module_corruption,('module_corruption', 4, 21, 13)
fake_13888.png,module_corruption,('module_corruption', 9, 9, 12)
fake_13889.png,patch_overlay,('patch_overlay', 274, 168, 63, 63)
fake_13890.png,patch_overlay,('patch_overlay', 276, 298, 69, 69)
fake_13891.png,module_corruption,('module_corruption', 21, 22, 14)
fake_13892.png,module_corruption,('module_corruption', 23, 17, 12)
fake_13893.png,module_corruption,('module_corruption', 11, 19, 12)
fake_13894.png,patch_overlay,('patch_overlay', 193, 182, 67, 67)
fake_13895.png,module_corruption,('module_corruption', 27, 6, 10)
fake_13896.png,patch_overlay,('patch_overlay', 117, 356, 76, 76)
fake_13897.png,module_corruption,('module_corruption', 0, 17, 11)
fake_13898.png,module_corruption,('module_corruption', 7, 6, 9)
fake_13899.png,patch_overlay,('patch_overlay', 281, 274, 80, 80)
fake_13900.png,module_corruption,('module_corruption', 27, 7, 10)
fake_13901.png,patch_overlay,('patch_overlay', 354, 39, 65, 65)
fake_13902.png,patch_overlay,('patch_overlay', 223, 160, 64, 64)
fake_13903.png,module_corruption,('module_corruption', 11, 16, 11)
fake_13904.png,module_corruption,('module_corruption', 6, 24, 13)
fake_13905.png,module_corruption,('module_corruption', 5, 15, 11)
fake_13906.png,patch_overlay,('patch_overlay', 287, 278, 54, 54)
fake_13907.png,patch_overlay,('patch_overlay', 10, 375, 67, 67)
fake_13908.png,module_corruption,('module_corruption', 20, 4, 10)
fake_13909.png,module_corruption,('module_corruption', 24, 8, 12)
fake_13910.png,patch_overlay,('patch_overlay', 225, 246, 56, 56)
fake_13911.png,patch_overlay,('patch_overlay', 113, 348, 57, 57)
fake_13912.png,patch_overlay,('patch_overlay', 258, 159, 78, 78)
fake_13913.png,module_corruption,('module_corruption', 6, 8, 12)
fake_13914.png,module_corruption,('module_corruption', 15, 20, 12)
fake_13915.png,module_corruption,('module_corruption', 11, 18, 10)
fake_13916.png,module_corruption,('module_corruption', 9, 22, 9)
fake_13917.png,module_corruption,('module_corruption', 18, 20, 10)
fake_13918.png,patch_overlay,('patch_overlay', 39, 150, 59, 59)
fake_13919.png,module_corruption,('module_corruption', 4, 17, 13)
fake_13920.png,patch_overlay,('patch_overlay', 131, 385, 54, 54)
fake_13921.png,module_corruption,('module_corruption', 15, 23, 12)
fake_13922.png,patch_overlay,('patch_overlay', 216, 181, 87, 87)
fake_13923.png,module_corruption,('module_corruption', 17, 13, 14)
fake_13924.png,patch_overlay,('patch_overlay', 220, 0, 89, 89)
fake_13925.png,module_corruption,('module_corruption', 8, 23, 10)
fake_13926.png,patch_overlay,('patch_overlay', 171, 192, 63, 63)
fake_13927.png,module_corruption,('module_corruption', 10, 1, 11)
fake_13928.png,module_corruption,('module_corruption', 25, 17, 10)
fake_13929.png,module_corruption,('module_corruption', 11, 22, 12)
fake_13930.png,patch_overlay,('patch_overlay', 323, 281, 66, 66)
fake_13931.png,patch_overlay,('patch_overlay', 298, 40, 63, 63)
fake_13932.png,patch_overlay,('patch_overlay', 59, 184, 97, 97)
fake_13933.png,patch_overlay,('patch_overlay', 298, 320, 77, 77)
fake_13934.png,patch_overlay,('patch_overlay', 157, 32, 72, 72)
fake_13935.png,patch_overlay,('patch_overlay', 256, 20, 97, 97)
fake_13936.png,module_corruption,('module_corruption', 16, 5, 13)
fake_13937.png,patch_overlay,('patch_overlay', 129, 83, 95, 95)
fake_13938.png,patch_overlay,('patch_overlay', 350, 40, 55, 55)
fake_13939.png,patch_overlay,('patch_overlay', 134, 359, 79, 79)
fake_13940.png,patch_overlay,('patch_overlay', 177, 221, 96, 96)
fake_13941.png,module_corruption,('module_corruption', 5, 18, 9)
fake_13942.png,module_corruption,('module_corruption', 19, 10, 9)
fake_13943.png,patch_overlay,('patch_overlay', 65, 282, 97, 97)
fake_13944.png,module_corruption,('module_corruption', 10, 2, 14)
fake_13945.png,module_corruption,('module_corruption', 18, 25, 10)
fake_13946.png,module_corruption,('module_corruption', 3, 26, 11)
fake_13947.png,module_corruption,('module_corruption', 2, 22, 12)
fake_13948.png,module_corruption,('module_corruption', 9, 4, 11)
fake_13949.png,module_corruption,('module_corruption', 16, 7, 12)
fake_13950.png,patch_overlay,('patch_overlay', 51, 286, 57, 57)
fake_13951.png,module_corruption,('module_corruption', 12, 7, 9)
fake_13952.png,patch_overlay,('patch_overlay', 56, 96, 63, 63)
fake_13953.png,patch_overlay,('patch_overlay', 210, 349, 67, 67)
fake_13954.png,module_corruption,('module_corruption', 16, 12, 11)
fake_13955.png,module_corruption,('module_corruption', 7, 6, 13)
fake_13956.png,patch_overlay,('patch_overlay', 283, 133, 68, 68)
fake_13957.png,patch_overlay,('patch_overlay', 158, 105, 80, 80)
fake_13958.png,patch_overlay,('patch_overlay', 197, 28, 77, 77)
fake_13959.png,patch_overlay,('patch_overlay', 22, 235, 73, 73)
fake_13960.png,module_corruption,('module_corruption', 20, 10, 13)
fake_13961.png,module_corruption,('module_corruption', 24, 24, 10)
fake_13962.png,patch_overlay,('patch_overlay', 363, 145, 60, 60)
fake_13963.png,patch_overlay,('patch_overlay', 238, 99, 97, 97)
fake_13964.png,patch_overlay,('patch_overlay', 23, 65, 72, 72)
fake_13965.png,patch_overlay,('patch_overlay', 223, 199, 84, 84)
fake_13966.png,module_corruption,('module_corruption', 8, 14, 12)
fake_13967.png,patch_overlay,('patch_overlay', 260, 40, 55, 55)
fake_13968.png,patch_overlay,('patch_overlay', 319, 65, 74, 74)
fake_13969.png,patch_overlay,('patch_overlay', 343, 214, 74, 74)
fake_13970.png,module_corruption,('module_corruption', 22, 16, 12)
fake_13971.png,module_corruption,('module_corruption', 20, 20, 10)
fake_13972.png,module_corruption,('module_corruption', 7, 19, 10)
fake_13973.png,patch_overlay,('patch_overlay', 96, 199, 77, 77)
fake_13974.png,module_corruption,('module_corruption', 25, 13, 11)
fake_13975.png,module_corruption,('module_corruption', 27, 22, 9)
fake_13976.png,patch_overlay,('patch_overlay', 257, 48, 78, 78)
fake_13977.png,patch_overlay,('patch_overlay', 67, 50, 92, 92)
fake_13978.png,module_corruption,('module_corruption', 16, 15, 14)
fake_13979.png,patch_overlay,('patch_overlay', 88, 54, 70, 70)
fake_13980.png,module_corruption,('module_corruption', 21, 12, 11)
fake_13981.png,patch_overlay,('patch_overlay', 365, 137, 83, 83)
fake_13982.png,patch_overlay,('patch_overlay', 54, 9, 73, 73)
fake_13983.png,patch_overlay,('patch_overlay', 33, 41, 96, 96)
fake_13984.png,module_corruption,('module_corruption', 19, 13, 12)
fake_13985.png,patch_overlay,('patch_overlay', 222, 6, 84, 84)
fake_13986.png,module_corruption,('module_corruption', 9, 21, 11)
fake_13987.png,patch_overlay,('patch_overlay', 363, 74, 85, 85)
fake_13988.png,patch_overlay,('patch_overlay', 328, 184, 65, 65)
fake_13989.png,module_corruption,('module_corruption', 14, 20, 12)
fake_13990.png,patch_overlay,('patch_overlay', 135, 150, 59, 59)
fake_13991.png,module_corruption,('module_corruption', 20, 2, 14)
fake_13992.png,module_corruption,('module_corruption', 23, 11, 12)
fake_13993.png,patch_overlay,('patch_overlay', 218, 239, 73, 73)
fake_13994.png,module_corruption,('module_corruption', 2, 12, 14)
fake_13995.png,patch_overlay,('patch_overlay', 51, 104, 78, 78)
fake_13996.png,patch_overlay,('patch_overlay', 68, 353, 67, 67)
fake_13997.png,patch_overlay,('patch_overlay', 132, 27, 71, 71)
fake_13998.png,module_corruption,('module_corruption', 6, 21, 10)
fake_13999.png,module_corruption,('module_corruption', 0, 4, 14)
fake_14000.png,patch_overlay,('patch_overlay', 6, 353, 93, 93)
fake_14001.png,module_corruption,('module_corruption', 17, 22, 10)
fake_14002.png,module_corruption,('module_corruption', 21, 19, 9)
fake_14003.png,module_corruption,('module_corruption', 6, 13, 12)
fake_14004.png,module_corruption,('module_corruption', 17, 9, 12)
fake_14005.png,module_corruption,('module_corruption', 18, 16, 10)
fake_14006.png,module_corruption,('module_corruption', 3, 15, 12)
fake_14007.png,patch_overlay,('patch_overlay', 196, 356, 54, 54)
fake_14008.png,module_corruption,('module_corruption', 23, 9, 10)
fake_14009.png,module_corruption,('module_corruption', 2, 19, 9)
fake_14010.png,module_corruption,('module_corruption', 10, 13, 10)
fake_14011.png,module_corruption,('module_corruption', 26, 5, 9)
fake_14012.png,module_corruption,('module_corruption', 3, 5, 12)
fake_14013.png,patch_overlay,('patch_overlay', 271, 258, 84, 84)
fake_14014.png,patch_overlay,('patch_overlay', 205, 302, 78, 78)
fake_14015.png,module_corruption,('module_corruption', 9, 12, 14)
fake_14016.png,module_corruption,('module_corruption', 5, 3, 10)
fake_14017.png,module_corruption,('module_corruption', 26, 11, 10)
fake_14018.png,patch_overlay,('patch_overlay', 63, 183, 82, 82)
fake_14019.png,patch_overlay,('patch_overlay', 238, 319, 85, 85)
fake_14020.png,patch_overlay,('patch_overlay', 294, 45, 78, 78)
fake_14021.png,patch_overlay,('patch_overlay', 178, 180, 56, 56)
fake_14022.png,patch_overlay,('patch_overlay', 46, 97, 58, 58)
fake_14023.png,patch_overlay,('patch_overlay', 238, 47, 96, 96)
fake_14024.png,patch_overlay,('patch_overlay', 362, 143, 70, 70)
fake_14025.png,patch_overlay,('patch_overlay', 218, 182, 93, 93)
fake_14026.png,module_corruption,('module_corruption', 3, 16, 11)
fake_14027.png,module_corruption,('module_corruption', 1, 1, 9)
fake_14028.png,module_corruption,('module_corruption', 15, 11, 14)
fake_14029.png,patch_overlay,('patch_overlay', 275, 13, 85, 85)
fake_14030.png,module_corruption,('module_corruption', 17, 8, 12)
fake_14031.png,module_corruption,('module_corruption', 15, 1, 10)
fake_14032.png,module_corruption,('module_corruption', 22, 25, 10)
fake_14033.png,patch_overlay,('patch_overlay', 49, 369, 59, 59)
fake_14034.png,module_corruption,('module_corruption', 1, 15, 13)
fake_14035.png,module_corruption,('module_corruption', 4, 12, 10)
fake_14036.png,module_corruption,('module_corruption', 28, 24, 9)
fake_14037.png,module_corruption,('module_corruption', 20, 14, 9)
fake_14038.png,patch_overlay,('patch_overlay', 304, 304, 56, 56)
fake_14039.png,module_corruption,('module_corruption', 10, 23, 13)
fake_14040.png,module_corruption,('module_corruption', 24, 8, 13)
fake_14041.png,module_corruption,('module_corruption', 13, 25, 11)
fake_14042.png,patch_overlay,('patch_overlay', 366, 330, 82, 82)
fake_14043.png,patch_overlay,('patch_overlay', 91, 287, 80, 80)
fake_14044.png,module_corruption,('module_corruption', 22, 20, 11)
fake_14045.png,module_corruption,('module_corruption', 2, 11, 10)
fake_14046.png,module_corruption,('module_corruption', 23, 8, 9)
fake_14047.png,module_corruption,('module_corruption', 10, 19, 12)
fake_14048.png,patch_overlay,('patch_overlay', 330, 348, 75, 75)
fake_14049.png,module_corruption,('module_corruption', 27, 3, 10)
fake_14050.png,module_corruption,('module_corruption', 24, 26, 9)
fake_14051.png,module_corruption,('module_corruption', 7, 7, 12)
fake_14052.png,module_corruption,('module_corruption', 4, 21, 10)
fake_14053.png,patch_overlay,('patch_overlay', 376, 90, 56, 56)
fake_14054.png,module_corruption,('module_corruption', 25, 20, 11)
fake_14055.png,patch_overlay,('patch_overlay', 301, 294, 89, 89)
fake_14056.png,module_corruption,('module_corruption', 26, 8, 9)
fake_14057.png,module_corruption,('module_corruption', 25, 19, 9)
fake_14058.png,patch_overlay,('patch_overlay', 352, 366, 77, 77)
fake_14059.png,patch_overlay,('patch_overlay', 245, 56, 89, 89)
fake_14060.png,patch_overlay,('patch_overlay', 245, 125, 82, 82)
fake_14061.png,patch_overlay,('patch_overlay', 264, 249, 97, 97)
fake_14062.png,patch_overlay,('patch_overlay', 23, 58, 88, 88)
fake_14063.png,patch_overlay,('patch_overlay', 321, 335, 78, 78)
fake_14064.png,patch_overlay,('patch_overlay', 133, 80, 86, 86)
fake_14065.png,patch_overlay,('patch_overlay', 44, 331, 93, 93)
fake_14066.png,module_corruption,('module_corruption', 21, 14, 9)
fake_14067.png,patch_overlay,('patch_overlay', 309, 74, 67, 67)
fake_14068.png,patch_overlay,('patch_overlay', 270, 108, 92, 92)
fake_14069.png,module_corruption,('module_corruption', 11, 20, 13)
fake_14070.png,module_corruption,('module_corruption', 25, 1, 10)
fake_14071.png,patch_overlay,('patch_overlay', 230, 274, 82, 82)
fake_14072.png,patch_overlay,('patch_overlay', 7, 161, 85, 85)
fake_14073.png,module_corruption,('module_corruption', 25, 15, 12)
fake_14074.png,module_corruption,('module_corruption', 5, 10, 14)
fake_14075.png,module_corruption,('module_corruption', 18, 23, 12)
fake_14076.png,module_corruption,('module_corruption', 17, 12, 10)
fake_14077.png,module_corruption,('module_corruption', 0, 20, 14)
fake_14078.png,patch_overlay,('patch_overlay', 373, 41, 58, 58)
fake_14079.png,module_corruption,('module_corruption', 9, 3, 9)
fake_14080.png,module_corruption,('module_corruption', 11, 26, 9)
fake_14081.png,patch_overlay,('patch_overlay', 335, 195, 98, 98)
fake_14082.png,patch_overlay,('patch_overlay', 247, 320, 86, 86)
fake_14083.png,patch_overlay,('patch_overlay', 264, 308, 79, 79)
fake_14084.png,patch_overlay,('patch_overlay', 176, 251, 81, 81)
fake_14085.png,patch_overlay,('patch_overlay', 222, 155, 84, 84)
fake_14086.png,module_corruption,('module_corruption', 14, 21, 10)
fake_14087.png,patch_overlay,('patch_overlay', 198, 21, 56, 56)
fake_14088.png,module_corruption,('module_corruption', 5, 16, 11)
fake_14089.png,module_corruption,('module_corruption', 3, 16, 10)
fake_14090.png,patch_overlay,('patch_overlay', 173, 126, 92, 92)
fake_14091.png,module_corruption,('module_corruption', 0, 16, 11)
fake_14092.png,patch_overlay,('patch_overlay', 189, 109, 54, 54)
fake_14093.png,patch_overlay,('patch_overlay', 4, 263, 85, 85)
fake_14094.png,module_corruption,('module_corruption', 24, 5, 11)
fake_14095.png,module_corruption,('module_corruption', 23, 5, 9)
fake_14096.png,module_corruption,('module_corruption', 16, 21, 13)
fake_14097.png,patch_overlay,('patch_overlay', 40, 156, 64, 64)
fake_14098.png,module_corruption,('module_corruption', 14, 11, 13)
fake_14099.png,module_corruption,('module_corruption', 13, 0, 13)
fake_14100.png,patch_overlay,('patch_overlay', 350, 346, 74, 74)
fake_14101.png,module_corruption,('module_corruption', 27, 9, 9)
fake_14102.png,patch_overlay,('patch_overlay', 49, 41, 96, 96)
fake_14103.png,module_corruption,('module_corruption', 16, 24, 12)
fake_14104.png,patch_overlay,('patch_overlay', 211, 282, 83, 83)
fake_14105.png,patch_overlay,('patch_overlay', 136, 309, 76, 76)
fake_14106.png,module_corruption,('module_corruption', 27, 16, 10)
fake_14107.png,patch_overlay,('patch_overlay', 152, 171, 78, 78)
fake_14108.png,module_corruption,('module_corruption', 6, 20, 11)
fake_14109.png,module_corruption,('module_corruption', 3, 5, 13)
fake_14110.png,patch_overlay,('patch_overlay', 305, 137, 88, 88)
fake_14111.png,patch_overlay,('patch_overlay', 90, 99, 82, 82)
fake_14112.png,module_corruption,('module_corruption', 11, 2, 9)
fake_14113.png,patch_overlay,('patch_overlay', 149, 127, 78, 78)
fake_14114.png,module_corruption,('module_corruption', 4, 24, 9)
fake_14115.png,module_corruption,('module_corruption', 3, 18, 11)
fake_14116.png,patch_overlay,('patch_overlay', 289, 20, 88, 88)
fake_14117.png,module_corruption,('module_corruption', 18, 23, 10)
fake_14118.png,module_corruption,('module_corruption', 23, 17, 13)
fake_14119.png,module_corruption,('module_corruption', 26, 18, 10)
fake_14120.png,patch_overlay,('patch_overlay', 342, 44, 69, 69)
fake_14121.png,patch_overlay,('patch_overlay', 301, 174, 89, 89)
fake_14122.png,patch_overlay,('patch_overlay', 195, 172, 81, 81)
fake_14123.png,patch_overlay,('patch_overlay', 283, 194, 69, 69)
fake_14124.png,module_corruption,('module_corruption', 5, 18, 11)
fake_14125.png,patch_overlay,('patch_overlay', 259, 14, 86, 86)
fake_14126.png,module_corruption,('module_corruption', 17, 10, 9)
fake_14127.png,patch_overlay,('patch_overlay', 215, 53, 84, 84)
fake_14128.png,patch_overlay,('patch_overlay', 285, 107, 80, 80)
fake_14129.png,patch_overlay,('patch_overlay', 133, 294, 90, 90)
fake_14130.png,patch_overlay,('patch_overlay', 54, 199, 70, 70)
fake_14131.png,patch_overlay,('patch_overlay', 81, 42, 57, 57)
fake_14132.png,patch_overlay,('patch_overlay', 109, 159, 80, 80)
fake_14133.png,patch_overlay,('patch_overlay', 362, 63, 62, 62)
fake_14134.png,patch_overlay,('patch_overlay', 158, 138, 66, 66)
fake_14135.png,patch_overlay,('patch_overlay', 58, 15, 64, 64)
fake_14136.png,module_corruption,('module_corruption', 7, 3, 14)
fake_14137.png,module_corruption,('module_corruption', 15, 23, 13)
fake_14138.png,patch_overlay,('patch_overlay', 322, 160, 84, 84)
fake_14139.png,module_corruption,('module_corruption', 7, 6, 11)
fake_14140.png,patch_overlay,('patch_overlay', 183, 385, 56, 56)
fake_14141.png,module_corruption,('module_corruption', 18, 19, 11)
fake_14142.png,module_corruption,('module_corruption', 21, 17, 11)
fake_14143.png,patch_overlay,('patch_overlay', 224, 34, 84, 84)
fake_14144.png,module_corruption,('module_corruption', 17, 4, 12)
fake_14145.png,patch_overlay,('patch_overlay', 274, 278, 77, 77)
fake_14146.png,patch_overlay,('patch_overlay', 123, 221, 84, 84)
fake_14147.png,patch_overlay,('patch_overlay', 41, 246, 94, 94)
fake_14148.png,module_corruption,('module_corruption', 6, 11, 13)
fake_14149.png,module_corruption,('module_corruption', 15, 25, 11)
fake_14150.png,patch_overlay,('patch_overlay', 310, 173, 69, 69)
fake_14151.png,patch_overlay,('patch_overlay', 85, 263, 74, 74)
fake_14152.png,module_corruption,('module_corruption', 4, 4, 13)
fake_14153.png,module_corruption,('module_corruption', 17, 17, 11)
fake_14154.png,module_corruption,('module_corruption', 13, 8, 11)
fake_14155.png,patch_overlay,('patch_overlay', 149, 365, 62, 62)
fake_14156.png,patch_overlay,('patch_overlay', 92, 46, 92, 92)
fake_14157.png,module_corruption,('module_corruption', 4, 5, 9)
fake_14158.png,module_corruption,('module_corruption', 10, 12, 11)
fake_14159.png,module_corruption,('module_corruption', 5, 23, 10)
fake_14160.png,patch_overlay,('patch_overlay', 94, 362, 83, 83)
fake_14161.png,module_corruption,('module_corruption', 20, 12, 10)
fake_14162.png,patch_overlay,('patch_overlay', 45, 187, 76, 76)
fake_14163.png,module_corruption,('module_corruption', 17, 23, 13)
fake_14164.png,module_corruption,('module_corruption', 15, 0, 14)
fake_14165.png,module_corruption,('module_corruption', 1, 12, 13)
fake_14166.png,module_corruption,('module_corruption', 12, 2, 10)
fake_14167.png,patch_overlay,('patch_overlay', 48, 32, 97, 97)
fake_14168.png,patch_overlay,('patch_overlay', 76, 23, 80, 80)
fake_14169.png,module_corruption,('module_corruption', 12, 16, 9)
fake_14170.png,patch_overlay,('patch_overlay', 310, 25, 55, 55)
fake_14171.png,module_corruption,('module_corruption', 24, 0, 9)
fake_14172.png,module_corruption,('module_corruption', 23, 15, 9)
fake_14173.png,patch_overlay,('patch_overlay', 217, 138, 73, 73)
fake_14174.png,patch_overlay,('patch_overlay', 369, 135, 67, 67)
fake_14175.png,module_corruption,('module_corruption', 10, 15, 14)
fake_14176.png,module_corruption,('module_corruption', 12, 11, 14)
fake_14177.png,patch_overlay,('patch_overlay', 147, 89, 59, 59)
fake_14178.png,patch_overlay,('patch_overlay', 370, 59, 74, 74)
fake_14179.png,module_corruption,('module_corruption', 17, 24, 11)
fake_14180.png,patch_overlay,('patch_overlay', 83, 91, 77, 77)
fake_14181.png,patch_overlay,('patch_overlay', 78, 26, 93, 93)
fake_14182.png,module_corruption,('module_corruption', 9, 13, 11)
fake_14183.png,patch_overlay,('patch_overlay', 91, 178, 95, 95)
fake_14184.png,patch_overlay,('patch_overlay', 348, 207, 65, 65)
fake_14185.png,module_corruption,('module_corruption', 0, 11, 13)
fake_14186.png,patch_overlay,('patch_overlay', 348, 133, 90, 90)
fake_14187.png,module_corruption,('module_corruption', 8, 15, 9)
fake_14188.png,patch_overlay,('patch_overlay', 253, 39, 98, 98)
fake_14189.png,module_corruption,('module_corruption', 24, 22, 12)
fake_14190.png,module_corruption,('module_corruption', 6, 0, 13)
fake_14191.png,module_corruption,('module_corruption', 22, 8, 11)
fake_14192.png,module_corruption,('module_corruption', 22, 2, 13)
fake_14193.png,patch_overlay,('patch_overlay', 239, 327, 73, 73)
fake_14194.png,module_corruption,('module_corruption', 20, 4, 10)
fake_14195.png,patch_overlay,('patch_overlay', 24, 248, 56, 56)
fake_14196.png,module_corruption,('module_corruption', 2, 23, 12)
fake_14197.png,patch_overlay,('patch_overlay', 60, 315, 79, 79)
fake_14198.png,patch_overlay,('patch_overlay', 325, 155, 95, 95)
fake_14199.png,patch_overlay,('patch_overlay', 57, 150, 72, 72)
fake_14200.png,patch_overlay,('patch_overlay', 26, 109, 95, 95)
fake_14201.png,patch_overlay,('patch_overlay', 330, 301, 96, 96)
fake_14202.png,patch_overlay,('patch_overlay', 170, 112, 83, 83)
fake_14203.png,module_corruption,('module_corruption', 25, 27, 9)
fake_14204.png,module_corruption,('module_corruption', 10, 2, 10)
fake_14205.png,patch_overlay,('patch_overlay', 211, 171, 78, 78)
fake_14206.png,patch_overlay,('patch_overlay', 386, 69, 59, 59)
fake_14207.png,module_corruption,('module_corruption', 4, 18, 11)
fake_14208.png,module_corruption,('module_corruption', 21, 4, 12)
fake_14209.png,module_corruption,('module_corruption', 18, 6, 13)
fake_14210.png,module_corruption,('module_corruption', 16, 9, 9)
fake_14211.png,module_corruption,('module_corruption', 16, 0, 9)
fake_14212.png,module_corruption,('module_corruption', 19, 26, 10)
fake_14213.png,patch_overlay,('patch_overlay', 381, 260, 59, 59)
fake_14214.png,module_corruption,('module_corruption', 20, 8, 10)
fake_14215.png,patch_overlay,('patch_overlay', 344, 332, 66, 66)
fake_14216.png,module_corruption,('module_corruption', 15, 12, 10)
fake_14217.png,module_corruption,('module_corruption', 23, 11, 14)
fake_14218.png,patch_overlay,('patch_overlay', 262, 312, 97, 97)
fake_14219.png,patch_overlay,('patch_overlay', 284, 309, 98, 98)
fake_14220.png,patch_overlay,('patch_overlay', 294, 302, 94, 94)
fake_14221.png,module_corruption,('module_corruption', 17, 14, 12)
fake_14222.png,patch_overlay,('patch_overlay', 226, 55, 77, 77)
fake_14223.png,module_corruption,('module_corruption', 2, 15, 10)
fake_14224.png,module_corruption,('module_corruption', 12, 17, 10)
fake_14225.png,patch_overlay,('patch_overlay', 244, 361, 64, 64)
fake_14226.png,module_corruption,('module_corruption', 12, 25, 12)
fake_14227.png,module_corruption,('module_corruption', 17, 1, 12)
fake_14228.png,module_corruption,('module_corruption', 16, 9, 14)
fake_14229.png,patch_overlay,('patch_overlay', 167, 195, 97, 97)
fake_14230.png,patch_overlay,('patch_overlay', 345, 205, 95, 95)
fake_14231.png,module_corruption,('module_corruption', 22, 26, 11)
fake_14232.png,patch_overlay,('patch_overlay', 65, 280, 63, 63)
fake_14233.png,patch_overlay,('patch_overlay', 87, 224, 69, 69)
fake_14234.png,module_corruption,('module_corruption', 15, 13, 11)
fake_14235.png,patch_overlay,('patch_overlay', 343, 257, 66, 66)
fake_14236.png,patch_overlay,('patch_overlay', 8, 63, 56, 56)
fake_14237.png,patch_overlay,('patch_overlay', 71, 357, 67, 67)
fake_14238.png,module_corruption,('module_corruption', 8, 13, 9)
fake_14239.png,module_corruption,('module_corruption', 4, 17, 12)
fake_14240.png,patch_overlay,('patch_overlay', 366, 325, 64, 64)
fake_14241.png,module_corruption,('module_corruption', 22, 3, 12)
fake_14242.png,patch_overlay,('patch_overlay', 17, 164, 91, 91)
fake_14243.png,module_corruption,('module_corruption', 10, 24, 11)
fake_14244.png,patch_overlay,('patch_overlay', 167, 15, 66, 66)
fake_14245.png,module_corruption,('module_corruption', 11, 22, 12)
fake_14246.png,patch_overlay,('patch_overlay', 348, 191, 89, 89)
fake_14247.png,module_corruption,('module_corruption', 3, 3, 12)
fake_14248.png,patch_overlay,('patch_overlay', 50, 40, 79, 79)
fake_14249.png,patch_overlay,('patch_overlay', 118, 364, 80, 80)
fake_14250.png,patch_overlay,('patch_overlay', 239, 223, 80, 80)
fake_14251.png,patch_overlay,('patch_overlay', 93, 49, 54, 54)
fake_14252.png,module_corruption,('module_corruption', 7, 19, 10)
fake_14253.png,module_corruption,('module_corruption', 20, 25, 10)
fake_14254.png,patch_overlay,('patch_overlay', 326, 228, 80, 80)
fake_14255.png,module_corruption,('module_corruption', 3, 9, 11)
fake_14256.png,patch_overlay,('patch_overlay', 310, 101, 71, 71)
fake_14257.png,patch_overlay,('patch_overlay', 180, 46, 79, 79)
fake_14258.png,module_corruption,('module_corruption', 26, 26, 11)
fake_14259.png,patch_overlay,('patch_overlay', 100, 296, 55, 55)
fake_14260.png,patch_overlay,('patch_overlay', 49, 128, 67, 67)
fake_14261.png,patch_overlay,('patch_overlay', 378, 146, 62, 62)
fake_14262.png,patch_overlay,('patch_overlay', 173, 320, 57, 57)
fake_14263.png,module_corruption,('module_corruption', 19, 9, 10)
fake_14264.png,module_corruption,('module_corruption', 18, 12, 13)
fake_14265.png,patch_overlay,('patch_overlay', 81, 349, 63, 63)
fake_14266.png,module_corruption,('module_corruption', 0, 7, 11)
fake_14267.png,module_corruption,('module_corruption', 11, 10, 10)
fake_14268.png,patch_overlay,('patch_overlay', 262, 98, 59, 59)
fake_14269.png,patch_overlay,('patch_overlay', 202, 20, 95, 95)
fake_14270.png,module_corruption,('module_corruption', 11, 10, 11)
fake_14271.png,module_corruption,('module_corruption', 18, 7, 13)
fake_14272.png,patch_overlay,('patch_overlay', 320, 241, 59, 59)
fake_14273.png,patch_overlay,('patch_overlay', 78, 363, 85, 85)
fake_14274.png,patch_overlay,('patch_overlay', 173, 174, 90, 90)
fake_14275.png,module_corruption,('module_corruption', 6, 19, 11)
fake_14276.png,module_corruption,('module_corruption', 16, 11, 12)
fake_14277.png,patch_overlay,('patch_overlay', 372, 45, 59, 59)
fake_14278.png,patch_overlay,('patch_overlay', 324, 269, 91, 91)
fake_14279.png,patch_overlay,('patch_overlay', 197, 191, 85, 85)
fake_14280.png,patch_overlay,('patch_overlay', 334, 276, 54, 54)
fake_14281.png,module_corruption,('module_corruption', 4, 15, 13)
fake_14282.png,module_corruption,('module_corruption', 10, 5, 14)
fake_14283.png,patch_overlay,('patch_overlay', 39, 55, 75, 75)
fake_14284.png,module_corruption,('module_corruption', 21, 1, 13)
fake_14285.png,patch_overlay,('patch_overlay', 269, 175, 93, 93)
fake_14286.png,module_corruption,('module_corruption', 19, 15, 11)
fake_14287.png,module_corruption,('module_corruption', 19, 14, 10)
fake_14288.png,patch_overlay,('patch_overlay', 241, 58, 89, 89)
fake_14289.png,patch_overlay,('patch_overlay', 261, 220, 87, 87)
fake_14290.png,module_corruption,('module_corruption', 6, 10, 13)
fake_14291.png,patch_overlay,('patch_overlay', 265, 316, 86, 86)
fake_14292.png,patch_overlay,('patch_overlay', 326, 58, 69, 69)
fake_14293.png,module_corruption,('module_corruption', 10, 21, 13)
fake_14294.png,patch_overlay,('patch_overlay', 161, 314, 92, 92)
fake_14295.png,patch_overlay,('patch_overlay', 236, 168, 75, 75)
fake_14296.png,module_corruption,('module_corruption', 21, 18, 12)
fake_14297.png,patch_overlay,('patch_overlay', 210, 244, 78, 78)
fake_14298.png,module_corruption,('module_corruption', 10, 5, 12)
fake_14299.png,patch_overlay,('patch_overlay', 173, 11, 86, 86)
fake_14300.png,patch_overlay,('patch_overlay', 303, 343, 80, 80)
fake_14301.png,module_corruption,('module_corruption', 4, 15, 12)
fake_14302.png,patch_overlay,('patch_overlay', 44, 223, 59, 59)
fake_14303.png,patch_overlay,('patch_overlay', 226, 4, 56, 56)
fake_14304.png,module_corruption,('module_corruption', 5, 2, 11)
fake_14305.png,module_corruption,('module_corruption', 6, 14, 14)
fake_14306.png,patch_overlay,('patch_overlay', 47, 135, 95, 95)
fake_14307.png,patch_overlay,('patch_overlay', 332, 79, 63, 63)
fake_14308.png,patch_overlay,('patch_overlay', 291, 85, 54, 54)
fake_14309.png,patch_overlay,('patch_overlay', 339, 170, 75, 75)
fake_14310.png,module_corruption,('module_corruption', 7, 12, 13)
fake_14311.png,patch_overlay,('patch_overlay', 364, 225, 82, 82)
fake_14312.png,patch_overlay,('patch_overlay', 357, 372, 61, 61)
fake_14313.png,module_corruption,('module_corruption', 10, 6, 11)
fake_14314.png,patch_overlay,('patch_overlay', 311, 113, 64, 64)
fake_14315.png,module_corruption,('module_corruption', 18, 19, 12)
fake_14316.png,module_corruption,('module_corruption', 20, 13, 14)
fake_14317.png,module_corruption,('module_corruption', 3, 1, 11)
fake_14318.png,patch_overlay,('patch_overlay', 172, 8, 77, 77)
fake_14319.png,patch_overlay,('patch_overlay', 48, 188, 84, 84)
fake_14320.png,module_corruption,('module_corruption', 22, 6, 12)
fake_14321.png,patch_overlay,('patch_overlay', 133, 131, 55, 55)
fake_14322.png,patch_overlay,('patch_overlay', 40, 166, 63, 63)
fake_14323.png,module_corruption,('module_corruption', 10, 22, 9)
fake_14324.png,patch_overlay,('patch_overlay', 259, 107, 56, 56)
fake_14325.png,module_corruption,('module_corruption', 9, 22, 12)
fake_14326.png,patch_overlay,('patch_overlay', 369, 358, 61, 61)
fake_14327.png,patch_overlay,('patch_overlay', 352, 122, 69, 69)
fake_14328.png,module_corruption,('module_corruption', 18, 25, 10)
fake_14329.png,module_corruption,('module_corruption', 4, 9, 10)
fake_14330.png,patch_overlay,('patch_overlay', 171, 262, 86, 86)
fake_14331.png,module_corruption,('module_corruption', 22, 6, 12)
fake_14332.png,module_corruption,('module_corruption', 21, 21, 13)
fake_14333.png,module_corruption,('module_corruption', 17, 5, 12)
fake_14334.png,module_corruption,('module_corruption', 21, 22, 11)
fake_14335.png,module_corruption,('module_corruption', 12, 18, 13)
fake_14336.png,module_corruption,('module_corruption', 16, 3, 10)
fake_14337.png,patch_overlay,('patch_overlay', 52, 53, 78, 78)
fake_14338.png,patch_overlay,('patch_overlay', 145, 54, 65, 65)
fake_14339.png,patch_overlay,('patch_overlay', 198, 124, 95, 95)
fake_14340.png,module_corruption,('module_corruption', 17, 9, 10)
fake_14341.png,module_corruption,('module_corruption', 16, 3, 10)
fake_14342.png,module_corruption,('module_corruption', 20, 12, 12)
fake_14343.png,module_corruption,('module_corruption', 19, 25, 12)
fake_14344.png,patch_overlay,('patch_overlay', 149, 183, 95, 95)
fake_14345.png,patch_overlay,('patch_overlay', 303, 252, 90, 90)
fake_14346.png,module_corruption,('module_corruption', 7, 11, 13)
fake_14347.png,module_corruption,('module_corruption', 12, 11, 13)
fake_14348.png,module_corruption,('module_corruption', 4, 11, 9)
fake_14349.png,patch_overlay,('patch_overlay', 242, 284, 74, 74)
fake_14350.png,patch_overlay,('patch_overlay', 30, 103, 61, 61)
fake_14351.png,module_corruption,('module_corruption', 0, 18, 13)
fake_14352.png,module_corruption,('module_corruption', 17, 6, 11)
fake_14353.png,patch_overlay,('patch_overlay', 353, 366, 70, 70)
fake_14354.png,module_corruption,('module_corruption', 25, 18, 12)
fake_14355.png,module_corruption,('module_corruption', 22, 17, 13)
fake_14356.png,module_corruption,('module_corruption', 1, 11, 10)
fake_14357.png,module_corruption,('module_corruption', 6, 9, 13)
fake_14358.png,module_corruption,('module_corruption', 0, 6, 12)
fake_14359.png,module_corruption,('module_corruption', 3, 19, 11)
fake_14360.png,patch_overlay,('patch_overlay', 90, 324, 94, 94)
fake_14361.png,patch_overlay,('patch_overlay', 193, 362, 79, 79)
fake_14362.png,module_corruption,('module_corruption', 18, 9, 13)
fake_14363.png,module_corruption,('module_corruption', 19, 14, 10)
fake_14364.png,module_corruption,('module_corruption', 9, 20, 13)
fake_14365.png,module_corruption,('module_corruption', 23, 5, 13)
fake_14366.png,module_corruption,('module_corruption', 17, 21, 11)
fake_14367.png,module_corruption,('module_corruption', 20, 4, 12)
fake_14368.png,module_corruption,('module_corruption', 26, 10, 11)
fake_14369.png,module_corruption,('module_corruption', 8, 26, 10)
fake_14370.png,patch_overlay,('patch_overlay', 286, 56, 85, 85)
fake_14371.png,patch_overlay,('patch_overlay', 270, 160, 66, 66)
fake_14372.png,module_corruption,('module_corruption', 12, 2, 14)
fake_14373.png,patch_overlay,('patch_overlay', 163, 192, 92, 92)
fake_14374.png,patch_overlay,('patch_overlay', 271, 302, 57, 57)
fake_14375.png,module_corruption,('module_corruption', 25, 18, 9)
fake_14376.png,patch_overlay,('patch_overlay', 58, 364, 64, 64)
fake_14377.png,module_corruption,('module_corruption', 17, 7, 10)
fake_14378.png,patch_overlay,('patch_overlay', 34, 83, 95, 95)
fake_14379.png,patch_overlay,('patch_overlay', 139, 46, 89, 89)
fake_14380.png,patch_overlay,('patch_overlay', 67, 295, 71, 71)
fake_14381.png,patch_overlay,('patch_overlay', 155, 234, 68, 68)
fake_14382.png,patch_overlay,('patch_overlay', 274, 305, 92, 92)
fake_14383.png,module_corruption,('module_corruption', 7, 19, 12)
fake_14384.png,module_corruption,('module_corruption', 15, 11, 13)
fake_14385.png,patch_overlay,('patch_overlay', 354, 134, 58, 58)
fake_14386.png,module_corruption,('module_corruption', 7, 13, 13)
fake_14387.png,module_corruption,('module_corruption', 22, 10, 11)
fake_14388.png,module_corruption,('module_corruption', 0, 13, 11)
fake_14389.png,module_corruption,('module_corruption', 0, 5, 10)
fake_14390.png,module_corruption,('module_corruption', 14, 20, 13)
fake_14391.png,patch_overlay,('patch_overlay', 192, 293, 71, 71)
fake_14392.png,patch_overlay,('patch_overlay', 360, 293, 61, 61)
fake_14393.png,patch_overlay,('patch_overlay', 136, 102, 84, 84)
fake_14394.png,patch_overlay,('patch_overlay', 100, 235, 89, 89)
fake_14395.png,module_corruption,('module_corruption', 21, 25, 9)
fake_14396.png,patch_overlay,('patch_overlay', 14, 138, 91, 91)
fake_14397.png,patch_overlay,('patch_overlay', 232, 74, 80, 80)
fake_14398.png,module_corruption,('module_corruption', 4, 13, 12)
fake_14399.png,patch_overlay,('patch_overlay', 173, 128, 94, 94)
fake_14400.png,patch_overlay,('patch_overlay', 37, 64, 93, 93)
fake_14401.png,module_corruption,('module_corruption', 12, 22, 9)
fake_14402.png,patch_overlay,('patch_overlay', 50, 118, 54, 54)
fake_14403.png,patch_overlay,('patch_overlay', 96, 268, 54, 54)
fake_14404.png,module_corruption,('module_corruption', 10, 18, 13)
fake_14405.png,module_corruption,('module_corruption', 9, 11, 12)
fake_14406.png,patch_overlay,('patch_overlay', 202, 67, 69, 69)
fake_14407.png,module_corruption,('module_corruption', 20, 14, 12)
fake_14408.png,module_corruption,('module_corruption', 10, 2, 11)
fake_14409.png,patch_overlay,('patch_overlay', 145, 286, 80, 80)
fake_14410.png,patch_overlay,('patch_overlay', 62, 275, 72, 72)
fake_14411.png,module_corruption,('module_corruption', 2, 11, 12)
fake_14412.png,patch_overlay,('patch_overlay', 141, 338, 81, 81)
fake_14413.png,module_corruption,('module_corruption', 3, 6, 14)
fake_14414.png,patch_overlay,('patch_overlay', 95, 23, 80, 80)
fake_14415.png,patch_overlay,('patch_overlay', 352, 58, 54, 54)
fake_14416.png,patch_overlay,('patch_overlay', 231, 216, 94, 94)
fake_14417.png,module_corruption,('module_corruption', 15, 24, 11)
fake_14418.png,patch_overlay,('patch_overlay', 225, 185, 62, 62)
fake_14419.png,patch_overlay,('patch_overlay', 59, 264, 67, 67)
fake_14420.png,module_corruption,('module_corruption', 4, 21, 11)
fake_14421.png,patch_overlay,('patch_overlay', 42, 84, 63, 63)
fake_14422.png,patch_overlay,('patch_overlay', 124, 33, 84, 84)
fake_14423.png,module_corruption,('module_corruption', 11, 19, 10)
fake_14424.png,patch_overlay,('patch_overlay', 20, 178, 82, 82)
fake_14425.png,patch_overlay,('patch_overlay', 229, 301, 84, 84)
fake_14426.png,module_corruption,('module_corruption', 26, 15, 9)
fake_14427.png,module_corruption,('module_corruption', 15, 12, 11)
fake_14428.png,module_corruption,('module_corruption', 19, 14, 9)
fake_14429.png,module_corruption,('module_corruption', 4, 14, 12)
fake_14430.png,module_corruption,('module_corruption', 22, 8, 12)
fake_14431.png,patch_overlay,('patch_overlay', 284, 9, 93, 93)
fake_14432.png,module_corruption,('module_corruption', 22, 2, 13)
fake_14433.png,module_corruption,('module_corruption', 5, 7, 13)
fake_14434.png,module_corruption,('module_corruption', 1, 9, 12)
fake_14435.png,patch_overlay,('patch_overlay', 172, 73, 95, 95)
fake_14436.png,module_corruption,('module_corruption', 15, 19, 13)
fake_14437.png,module_corruption,('module_corruption', 12, 8, 13)
fake_14438.png,patch_overlay,('patch_overlay', 38, 300, 78, 78)
fake_14439.png,patch_overlay,('patch_overlay', 340, 36, 69, 69)
fake_14440.png,patch_overlay,('patch_overlay', 232, 180, 83, 83)
fake_14441.png,module_corruption,('module_corruption', 19, 19, 12)
fake_14442.png,patch_overlay,('patch_overlay', 92, 119, 86, 86)
fake_14443.png,patch_overlay,('patch_overlay', 198, 23, 85, 85)
fake_14444.png,patch_overlay,('patch_overlay', 4, 340, 69, 69)
fake_14445.png,module_corruption,('module_corruption', 11, 14, 11)
fake_14446.png,patch_overlay,('patch_overlay', 258, 238, 84, 84)
fake_14447.png,patch_overlay,('patch_overlay', 359, 266, 86, 86)
fake_14448.png,module_corruption,('module_corruption', 13, 4, 10)
fake_14449.png,patch_overlay,('patch_overlay', 184, 325, 54, 54)
fake_14450.png,module_corruption,('module_corruption', 20, 3, 9)
fake_14451.png,module_corruption,('module_corruption', 19, 19, 13)
fake_14452.png,module_corruption,('module_corruption', 19, 8, 12)
fake_14453.png,module_corruption,('module_corruption', 17, 4, 13)
fake_14454.png,patch_overlay,('patch_overlay', 299, 150, 72, 72)
fake_14455.png,module_corruption,('module_corruption', 12, 22, 12)
fake_14456.png,patch_overlay,('patch_overlay', 167, 171, 60, 60)
fake_14457.png,module_corruption,('module_corruption', 16, 6, 11)
fake_14458.png,module_corruption,('module_corruption', 23, 14, 14)
fake_14459.png,module_corruption,('module_corruption', 9, 24, 12)
fake_14460.png,module_corruption,('module_corruption', 15, 7, 13)
fake_14461.png,patch_overlay,('patch_overlay', 88, 353, 61, 61)
fake_14462.png,patch_overlay,('patch_overlay', 67, 345, 58, 58)
fake_14463.png,module_corruption,('module_corruption', 12, 13, 13)
fake_14464.png,module_corruption,('module_corruption', 22, 14, 13)
fake_14465.png,module_corruption,('module_corruption', 20, 4, 10)
fake_14466.png,patch_overlay,('patch_overlay', 188, 71, 59, 59)
fake_14467.png,module_corruption,('module_corruption', 16, 0, 12)
fake_14468.png,patch_overlay,('patch_overlay', 305, 75, 59, 59)
fake_14469.png,module_corruption,('module_corruption', 19, 16, 14)
fake_14470.png,patch_overlay,('patch_overlay', 212, 282, 77, 77)
fake_14471.png,patch_overlay,('patch_overlay', 249, 165, 70, 70)
fake_14472.png,module_corruption,('module_corruption', 0, 8, 14)
fake_14473.png,module_corruption,('module_corruption', 18, 16, 12)
fake_14474.png,module_corruption,('module_corruption', 25, 23, 10)
fake_14475.png,patch_overlay,('patch_overlay', 122, 221, 82, 82)
fake_14476.png,module_corruption,('module_corruption', 23, 6, 11)
fake_14477.png,patch_overlay,('patch_overlay', 32, 388, 62, 62)
fake_14478.png,module_corruption,('module_corruption', 27, 1, 10)
fake_14479.png,module_corruption,('module_corruption', 5, 25, 10)
fake_14480.png,module_corruption,('module_corruption', 0, 14, 9)
fake_14481.png,module_corruption,('module_corruption', 21, 20, 13)
fake_14482.png,patch_overlay,('patch_overlay', 129, 193, 88, 88)
fake_14483.png,module_corruption,('module_corruption', 17, 5, 11)
fake_14484.png,module_corruption,('module_corruption', 24, 21, 10)
fake_14485.png,patch_overlay,('patch_overlay', 108, 194, 62, 62)
fake_14486.png,patch_overlay,('patch_overlay', 175, 34, 69, 69)
fake_14487.png,module_corruption,('module_corruption', 4, 7, 13)
fake_14488.png,patch_overlay,('patch_overlay', 337, 104, 87, 87)
fake_14489.png,patch_overlay,('patch_overlay', 86, 133, 77, 77)
fake_14490.png,patch_overlay,('patch_overlay', 52, 95, 72, 72)
fake_14491.png,module_corruption,('module_corruption', 23, 0, 11)
fake_14492.png,patch_overlay,('patch_overlay', 50, 256, 89, 89)
fake_14493.png,module_corruption,('module_corruption', 2, 13, 14)
fake_14494.png,patch_overlay,('patch_overlay', 66, 264, 69, 69)
fake_14495.png,patch_overlay,('patch_overlay', 111, 199, 79, 79)
fake_14496.png,patch_overlay,('patch_overlay', 12, 259, 72, 72)
fake_14497.png,module_corruption,('module_corruption', 26, 22, 10)
fake_14498.png,module_corruption,('module_corruption', 2, 20, 12)
fake_14499.png,module_corruption,('module_corruption', 13, 21, 13)
fake_14500.png,module_corruption,('module_corruption', 18, 3, 12)
fake_14501.png,module_corruption,('module_corruption', 3, 24, 11)
fake_14502.png,patch_overlay,('patch_overlay', 14, 356, 91, 91)
fake_14503.png,module_corruption,('module_corruption', 25, 6, 10)
fake_14504.png,patch_overlay,('patch_overlay', 251, 285, 71, 71)
fake_14505.png,patch_overlay,('patch_overlay', 248, 343, 81, 81)
fake_14506.png,patch_overlay,('patch_overlay', 272, 91, 74, 74)
fake_14507.png,patch_overlay,('patch_overlay', 259, 41, 54, 54)
fake_14508.png,module_corruption,('module_corruption', 0, 2, 10)
fake_14509.png,module_corruption,('module_corruption', 8, 13, 10)
fake_14510.png,module_corruption,('module_corruption', 11, 14, 11)
fake_14511.png,patch_overlay,('patch_overlay', 345, 41, 79, 79)
fake_14512.png,module_corruption,('module_corruption', 12, 20, 12)
fake_14513.png,module_corruption,('module_corruption', 7, 5, 11)
fake_14514.png,module_corruption,('module_corruption', 7, 11, 10)
fake_14515.png,module_corruption,('module_corruption', 16, 26, 9)
fake_14516.png,patch_overlay,('patch_overlay', 291, 92, 71, 71)
fake_14517.png,module_corruption,('module_corruption', 14, 21, 11)
fake_14518.png,patch_overlay,('patch_overlay', 212, 260, 68, 68)
fake_14519.png,module_corruption,('module_corruption', 13, 0, 13)
fake_14520.png,patch_overlay,('patch_overlay', 170, 286, 63, 63)
fake_14521.png,patch_overlay,('patch_overlay', 14, 145, 97, 97)
fake_14522.png,module_corruption,('module_corruption', 11, 11, 9)
fake_14523.png,module_corruption,('module_corruption', 20, 4, 13)
fake_14524.png,module_corruption,('module_corruption', 2, 18, 12)
fake_14525.png,patch_overlay,('patch_overlay', 190, 14, 75, 75)
fake_14526.png,module_corruption,('module_corruption', 24, 17, 13)
fake_14527.png,patch_overlay,('patch_overlay', 324, 106, 82, 82)
fake_14528.png,patch_overlay,('patch_overlay', 142, 23, 81, 81)
fake_14529.png,module_corruption,('module_corruption', 5, 16, 14)
fake_14530.png,module_corruption,('module_corruption', 12, 10, 9)
fake_14531.png,module_corruption,('module_corruption', 5, 22, 12)
fake_14532.png,patch_overlay,('patch_overlay', 37, 261, 91, 91)
fake_14533.png,module_corruption,('module_corruption', 2, 15, 10)
fake_14534.png,patch_overlay,('patch_overlay', 147, 297, 55, 55)
fake_14535.png,patch_overlay,('patch_overlay', 59, 120, 93, 93)
fake_14536.png,module_corruption,('module_corruption', 4, 20, 13)
fake_14537.png,module_corruption,('module_corruption', 8, 17, 11)
fake_14538.png,module_corruption,('module_corruption', 17, 17, 10)
fake_14539.png,patch_overlay,('patch_overlay', 119, 227, 82, 82)
fake_14540.png,patch_overlay,('patch_overlay', 121, 183, 74, 74)
fake_14541.png,patch_overlay,('patch_overlay', 146, 95, 87, 87)
fake_14542.png,module_corruption,('module_corruption', 7, 9, 14)
fake_14543.png,patch_overlay,('patch_overlay', 231, 178, 84, 84)
fake_14544.png,patch_overlay,('patch_overlay', 394, 11, 55, 55)
fake_14545.png,module_corruption,('module_corruption', 11, 16, 13)
fake_14546.png,module_corruption,('module_corruption', 17, 3, 13)
fake_14547.png,module_corruption,('module_corruption', 18, 25, 10)
fake_14548.png,patch_overlay,('patch_overlay', 283, 162, 86, 86)
fake_14549.png,module_corruption,('module_corruption', 8, 22, 10)
fake_14550.png,module_corruption,('module_corruption', 5, 8, 12)
fake_14551.png,module_corruption,('module_corruption', 18, 11, 13)
fake_14552.png,patch_overlay,('patch_overlay', 295, 155, 84, 84)
fake_14553.png,patch_overlay,('patch_overlay', 117, 283, 89, 89)
fake_14554.png,module_corruption,('module_corruption', 5, 28, 9)
fake_14555.png,module_corruption,('module_corruption', 2, 11, 10)
fake_14556.png,module_corruption,('module_corruption', 23, 10, 10)
fake_14557.png,patch_overlay,('patch_overlay', 288, 8, 92, 92)
fake_14558.png,patch_overlay,('patch_overlay', 312, 70, 92, 92)
fake_14559.png,patch_overlay,('patch_overlay', 68, 389, 54, 54)
fake_14560.png,module_corruption,('module_corruption', 19, 17, 13)
fake_14561.png,module_corruption,('module_corruption', 23, 19, 10)
fake_14562.png,module_corruption,('module_corruption', 18, 4, 9)
fake_14563.png,patch_overlay,('patch_overlay', 149, 130, 57, 57)
fake_14564.png,module_corruption,('module_corruption', 19, 10, 11)
fake_14565.png,module_corruption,('module_corruption', 2, 22, 9)
fake_14566.png,module_corruption,('module_corruption', 20, 11, 12)
fake_14567.png,patch_overlay,('patch_overlay', 208, 245, 97, 97)
fake_14568.png,module_corruption,('module_corruption', 22, 24, 13)
fake_14569.png,module_corruption,('module_corruption', 26, 1, 9)
fake_14570.png,module_corruption,('module_corruption', 17, 15, 9)
fake_14571.png,module_corruption,('module_corruption', 25, 4, 11)
fake_14572.png,patch_overlay,('patch_overlay', 225, 65, 83, 83)
fake_14573.png,module_corruption,('module_corruption', 6, 15, 13)
fake_14574.png,patch_overlay,('patch_overlay', 101, 120, 67, 67)
fake_14575.png,patch_overlay,('patch_overlay', 219, 259, 70, 70)
fake_14576.png,module_corruption,('module_corruption', 27, 2, 10)
fake_14577.png,patch_overlay,('patch_overlay', 95, 168, 81, 81)
fake_14578.png,patch_overlay,('patch_overlay', 383, 187, 55, 55)
fake_14579.png,module_corruption,('module_corruption', 21, 19, 9)
fake_14580.png,module_corruption,('module_corruption', 14, 1, 14)
fake_14581.png,patch_overlay,('patch_overlay', 320, 217, 91, 91)
fake_14582.png,module_corruption,('module_corruption', 7, 14, 13)
fake_14583.png,patch_overlay,('patch_overlay', 41, 204, 84, 84)
fake_14584.png,patch_overlay,('patch_overlay', 188, 236, 91, 91)
fake_14585.png,patch_overlay,('patch_overlay', 49, 285, 82, 82)
fake_14586.png,module_corruption,('module_corruption', 0, 17, 11)
fake_14587.png,module_corruption,('module_corruption', 6, 25, 12)
fake_14588.png,module_corruption,('module_corruption', 22, 21, 11)
fake_14589.png,module_corruption,('module_corruption', 15, 6, 12)
fake_14590.png,patch_overlay,('patch_overlay', 348, 240, 92, 92)
fake_14591.png,module_corruption,('module_corruption', 11, 0, 13)
fake_14592.png,module_corruption,('module_corruption', 9, 16, 12)
fake_14593.png,patch_overlay,('patch_overlay', 117, 58, 75, 75)
fake_14594.png,module_corruption,('module_corruption', 5, 6, 13)
fake_14595.png,module_corruption,('module_corruption', 15, 5, 12)
fake_14596.png,patch_overlay,('patch_overlay', 112, 28, 64, 64)
fake_14597.png,patch_overlay,('patch_overlay', 374, 323, 69, 69)
fake_14598.png,patch_overlay,('patch_overlay', 20, 303, 82, 82)
fake_14599.png,module_corruption,('module_corruption', 9, 16, 10)
fake_14600.png,patch_overlay,('patch_overlay', 338, 301, 60, 60)
fake_14601.png,module_corruption,('module_corruption', 3, 16, 14)
fake_14602.png,module_corruption,('module_corruption', 19, 18, 14)
fake_14603.png,patch_overlay,('patch_overlay', 35, 128, 59, 59)
fake_14604.png,patch_overlay,('patch_overlay', 306, 136, 98, 98)
fake_14605.png,module_corruption,('module_corruption', 20, 11, 10)
fake_14606.png,patch_overlay,('patch_overlay', 53, 119, 73, 73)
fake_14607.png,module_corruption,('module_corruption', 3, 22, 12)
fake_14608.png,patch_overlay,('patch_overlay', 23, 284, 83, 83)
fake_14609.png,patch_overlay,('patch_overlay', 53, 137, 98, 98)
fake_14610.png,patch_overlay,('patch_overlay', 125, 233, 78, 78)
fake_14611.png,patch_overlay,('patch_overlay', 343, 2, 90, 90)
fake_14612.png,module_corruption,('module_corruption', 7, 1, 12)
fake_14613.png,patch_overlay,('patch_overlay', 105, 322, 90, 90)
fake_14614.png,patch_overlay,('patch_overlay', 247, 325, 89, 89)
fake_14615.png,module_corruption,('module_corruption', 2, 7, 10)
fake_14616.png,module_corruption,('module_corruption', 1, 19, 12)
fake_14617.png,module_corruption,('module_corruption', 4, 17, 11)
fake_14618.png,module_corruption,('module_corruption', 23, 22, 12)
fake_14619.png,module_corruption,('module_corruption', 15, 22, 12)
fake_14620.png,patch_overlay,('patch_overlay', 60, 34, 61, 61)
fake_14621.png,module_corruption,('module_corruption', 2, 3, 10)
fake_14622.png,module_corruption,('module_corruption', 14, 15, 13)
fake_14623.png,module_corruption,('module_corruption', 4, 17, 11)
fake_14624.png,module_corruption,('module_corruption', 10, 4, 14)
fake_14625.png,module_corruption,('module_corruption', 24, 17, 12)
fake_14626.png,patch_overlay,('patch_overlay', 274, 359, 82, 82)
fake_14627.png,module_corruption,('module_corruption', 22, 4, 13)
fake_14628.png,patch_overlay,('patch_overlay', 1, 63, 64, 64)
fake_14629.png,patch_overlay,('patch_overlay', 169, 263, 67, 67)
fake_14630.png,module_corruption,('module_corruption', 3, 12, 13)
fake_14631.png,patch_overlay,('patch_overlay', 184, 15, 86, 86)
fake_14632.png,module_corruption,('module_corruption', 17, 22, 13)
fake_14633.png,patch_overlay,('patch_overlay', 265, 171, 67, 67)
fake_14634.png,module_corruption,('module_corruption', 4, 16, 13)
fake_14635.png,patch_overlay,('patch_overlay', 373, 190, 64, 64)
fake_14636.png,module_corruption,('module_corruption', 1, 8, 11)
fake_14637.png,module_corruption,('module_corruption', 0, 14, 11)
fake_14638.png,module_corruption,('module_corruption', 27, 11, 9)
fake_14639.png,patch_overlay,('patch_overlay', 72, 184, 65, 65)
fake_14640.png,patch_overlay,('patch_overlay', 81, 226, 56, 56)
fake_14641.png,patch_overlay,('patch_overlay', 174, 255, 66, 66)
fake_14642.png,patch_overlay,('patch_overlay', 391, 372, 57, 57)
fake_14643.png,module_corruption,('module_corruption', 2, 17, 13)
fake_14644.png,module_corruption,('module_corruption', 6, 5, 14)
fake_14645.png,module_corruption,('module_corruption', 7, 16, 10)
fake_14646.png,module_corruption,('module_corruption', 5, 9, 10)
fake_14647.png,module_corruption,('module_corruption', 15, 20, 14)
fake_14648.png,patch_overlay,('patch_overlay', 38, 123, 79, 79)
fake_14649.png,patch_overlay,('patch_overlay', 260, 107, 68, 68)
fake_14650.png,patch_overlay,('patch_overlay', 9, 108, 81, 81)
fake_14651.png,patch_overlay,('patch_overlay', 110, 28, 97, 97)
fake_14652.png,patch_overlay,('patch_overlay', 145, 104, 80, 80)
fake_14653.png,module_corruption,('module_corruption', 16, 20, 12)
fake_14654.png,patch_overlay,('patch_overlay', 24, 126, 78, 78)
fake_14655.png,module_corruption,('module_corruption', 17, 17, 13)
fake_14656.png,module_corruption,('module_corruption', 14, 16, 11)
fake_14657.png,module_corruption,('module_corruption', 0, 20, 11)
fake_14658.png,patch_overlay,('patch_overlay', 294, 201, 95, 95)
fake_14659.png,patch_overlay,('patch_overlay', 87, 175, 69, 69)
fake_14660.png,module_corruption,('module_corruption', 19, 0, 12)
fake_14661.png,module_corruption,('module_corruption', 11, 11, 12)
fake_14662.png,patch_overlay,('patch_overlay', 211, 221, 57, 57)
fake_14663.png,module_corruption,('module_corruption', 13, 25, 10)
fake_14664.png,patch_overlay,('patch_overlay', 335, 142, 86, 86)
fake_14665.png,patch_overlay,('patch_overlay', 89, 63, 76, 76)
fake_14666.png,patch_overlay,('patch_overlay', 347, 2, 89, 89)
fake_14667.png,module_corruption,('module_corruption', 23, 19, 10)
fake_14668.png,module_corruption,('module_corruption', 12, 25, 11)
fake_14669.png,module_corruption,('module_corruption', 0, 25, 12)
fake_14670.png,module_corruption,('module_corruption', 2, 4, 11)
fake_14671.png,patch_overlay,('patch_overlay', 341, 71, 56, 56)
fake_14672.png,module_corruption,('module_corruption', 25, 23, 10)
fake_14673.png,module_corruption,('module_corruption', 20, 12, 10)
fake_14674.png,patch_overlay,('patch_overlay', 47, 192, 94, 94)
fake_14675.png,module_corruption,('module_corruption', 1, 18, 12)
fake_14676.png,module_corruption,('module_corruption', 15, 22, 14)
fake_14677.png,patch_overlay,('patch_overlay', 358, 88, 83, 83)
fake_14678.png,patch_overlay,('patch_overlay', 64, 212, 73, 73)
fake_14679.png,patch_overlay,('patch_overlay', 48, 282, 85, 85)
fake_14680.png,patch_overlay,('patch_overlay', 158, 52, 87, 87)
fake_14681.png,module_corruption,('module_corruption', 4, 4, 11)
fake_14682.png,patch_overlay,('patch_overlay', 242, 136, 81, 81)
fake_14683.png,patch_overlay,('patch_overlay', 78, 11, 84, 84)
fake_14684.png,module_corruption,('module_corruption', 21, 0, 11)
fake_14685.png,module_corruption,('module_corruption', 13, 3, 13)
fake_14686.png,patch_overlay,('patch_overlay', 137, 181, 93, 93)
fake_14687.png,patch_overlay,('patch_overlay', 280, 326, 88, 88)
fake_14688.png,patch_overlay,('patch_overlay', 176, 248, 85, 85)
fake_14689.png,module_corruption,('module_corruption', 27, 16, 10)
fake_14690.png,patch_overlay,('patch_overlay', 202, 376, 60, 60)
fake_14691.png,module_corruption,('module_corruption', 22, 23, 13)
fake_14692.png,module_corruption,('module_corruption', 12, 1, 13)
fake_14693.png,patch_overlay,('patch_overlay', 151, 206, 97, 97)
fake_14694.png,module_corruption,('module_corruption', 22, 4, 14)
fake_14695.png,patch_overlay,('patch_overlay', 266, 82, 75, 75)
fake_14696.png,module_corruption,('module_corruption', 11, 22, 10)
fake_14697.png,module_corruption,('module_corruption', 6, 3, 14)
fake_14698.png,module_corruption,('module_corruption', 19, 24, 10)
fake_14699.png,module_corruption,('module_corruption', 0, 5, 11)
fake_14700.png,patch_overlay,('patch_overlay', 310, 78, 95, 95)
fake_14701.png,patch_overlay,('patch_overlay', 108, 205, 61, 61)
fake_14702.png,patch_overlay,('patch_overlay', 26, 202, 72, 72)
fake_14703.png,patch_overlay,('patch_overlay', 35, 84, 56, 56)
fake_14704.png,module_corruption,('module_corruption', 6, 4, 9)
fake_14705.png,module_corruption,('module_corruption', 24, 0, 10)
fake_14706.png,module_corruption,('module_corruption', 19, 3, 11)
fake_14707.png,module_corruption,('module_corruption', 16, 11, 13)
fake_14708.png,patch_overlay,('patch_overlay', 112, 345, 61, 61)
fake_14709.png,module_corruption,('module_corruption', 17, 19, 13)
fake_14710.png,patch_overlay,('patch_overlay', 155, 234, 65, 65)
fake_14711.png,patch_overlay,('patch_overlay', 94, 35, 76, 76)
fake_14712.png,module_corruption,('module_corruption', 14, 23, 11)
fake_14713.png,patch_overlay,('patch_overlay', 188, 309, 81, 81)
fake_14714.png,module_corruption,('module_corruption', 9, 7, 10)
fake_14715.png,module_corruption,('module_corruption', 24, 6, 11)
fake_14716.png,patch_overlay,('patch_overlay', 155, 54, 76, 76)
fake_14717.png,module_corruption,('module_corruption', 11, 4, 12)
fake_14718.png,patch_overlay,('patch_overlay', 41, 58, 60, 60)
fake_14719.png,module_corruption,('module_corruption', 16, 14, 10)
fake_14720.png,module_corruption,('module_corruption', 12, 2, 9)
fake_14721.png,module_corruption,('module_corruption', 25, 9, 12)
fake_14722.png,module_corruption,('module_corruption', 8, 24, 13)
fake_14723.png,module_corruption,('module_corruption', 18, 2, 13)
fake_14724.png,patch_overlay,('patch_overlay', 196, 322, 91, 91)
fake_14725.png,module_corruption,('module_corruption', 10, 12, 12)
fake_14726.png,module_corruption,('module_corruption', 10, 8, 13)
fake_14727.png,patch_overlay,('patch_overlay', 133, 214, 63, 63)
fake_14728.png,module_corruption,('module_corruption', 15, 24, 13)
fake_14729.png,module_corruption,('module_corruption', 10, 23, 13)
fake_14730.png,module_corruption,('module_corruption', 13, 13, 13)
fake_14731.png,patch_overlay,('patch_overlay', 21, 250, 64, 64)
fake_14732.png,patch_overlay,('patch_overlay', 188, 125, 92, 92)
fake_14733.png,module_corruption,('module_corruption', 23, 1, 12)
fake_14734.png,patch_overlay,('patch_overlay', 165, 81, 55, 55)
fake_14735.png,patch_overlay,('patch_overlay', 354, 285, 93, 93)
fake_14736.png,patch_overlay,('patch_overlay', 74, 249, 87, 87)
fake_14737.png,patch_overlay,('patch_overlay', 87, 243, 97, 97)
fake_14738.png,patch_overlay,('patch_overlay', 244, 178, 63, 63)
fake_14739.png,patch_overlay,('patch_overlay', 166, 50, 72, 72)
fake_14740.png,patch_overlay,('patch_overlay', 353, 117, 80, 80)
fake_14741.png,module_corruption,('module_corruption', 3, 21, 12)
fake_14742.png,module_corruption,('module_corruption', 8, 16, 14)
fake_14743.png,patch_overlay,('patch_overlay', 228, 356, 91, 91)
fake_14744.png,module_corruption,('module_corruption', 13, 24, 9)
fake_14745.png,module_corruption,('module_corruption', 3, 9, 12)
fake_14746.png,patch_overlay,('patch_overlay', 119, 271, 56, 56)
fake_14747.png,module_corruption,('module_corruption', 4, 21, 13)
fake_14748.png,patch_overlay,('patch_overlay', 82, 169, 90, 90)
fake_14749.png,patch_overlay,('patch_overlay', 156, 160, 98, 98)
fake_14750.png,module_corruption,('module_corruption', 22, 23, 10)
fake_14751.png,module_corruption,('module_corruption', 6, 5, 13)
fake_14752.png,patch_overlay,('patch_overlay', 290, 118, 87, 87)
fake_14753.png,module_corruption,('module_corruption', 22, 15, 14)
fake_14754.png,patch_overlay,('patch_overlay', 206, 66, 63, 63)
fake_14755.png,module_corruption,('module_corruption', 2, 23, 13)
fake_14756.png,module_corruption,('module_corruption', 13, 5, 9)
fake_14757.png,module_corruption,('module_corruption', 18, 11, 11)
fake_14758.png,patch_overlay,('patch_overlay', 22, 332, 64, 64)
fake_14759.png,patch_overlay,('patch_overlay', 28, 232, 76, 76)
fake_14760.png,module_corruption,('module_corruption', 2, 21, 9)
fake_14761.png,module_corruption,('module_corruption', 2, 4, 13)
fake_14762.png,module_corruption,('module_corruption', 15, 22, 11)
fake_14763.png,patch_overlay,('patch_overlay', 331, 89, 72, 72)
fake_14764.png,patch_overlay,('patch_overlay', 55, 199, 84, 84)
fake_14765.png,module_corruption,('module_corruption', 14, 13, 10)
fake_14766.png,module_corruption,('module_corruption', 24, 3, 9)
fake_14767.png,patch_overlay,('patch_overlay', 142, 328, 77, 77)
fake_14768.png,module_corruption,('module_corruption', 2, 21, 9)
fake_14769.png,module_corruption,('module_corruption', 0, 4, 11)
fake_14770.png,module_corruption,('module_corruption', 16, 3, 9)
fake_14771.png,patch_overlay,('patch_overlay', 318, 57, 57, 57)
fake_14772.png,patch_overlay,('patch_overlay', 189, 191, 90, 90)
fake_14773.png,patch_overlay,('patch_overlay', 166, 117, 67, 67)
fake_14774.png,patch_overlay,('patch_overlay', 87, 155, 91, 91)
fake_14775.png,patch_overlay,('patch_overlay', 66, 29, 88, 88)
fake_14776.png,patch_overlay,('patch_overlay', 185, 221, 81, 81)
fake_14777.png,patch_overlay,('patch_overlay', 95, 137, 59, 59)
fake_14778.png,module_corruption,('module_corruption', 2, 0, 11)
fake_14779.png,module_corruption,('module_corruption', 18, 3, 12)
fake_14780.png,patch_overlay,('patch_overlay', 321, 111, 67, 67)
fake_14781.png,patch_overlay,('patch_overlay', 2, 64, 98, 98)
fake_14782.png,module_corruption,('module_corruption', 10, 3, 10)
fake_14783.png,module_corruption,('module_corruption', 12, 12, 9)
fake_14784.png,patch_overlay,('patch_overlay', 207, 94, 87, 87)
fake_14785.png,module_corruption,('module_corruption', 3, 23, 13)
fake_14786.png,patch_overlay,('patch_overlay', 53, 110, 63, 63)
fake_14787.png,patch_overlay,('patch_overlay', 362, 72, 56, 56)
fake_14788.png,patch_overlay,('patch_overlay', 208, 34, 80, 80)
fake_14789.png,patch_overlay,('patch_overlay', 221, 81, 91, 91)
fake_14790.png,patch_overlay,('patch_overlay', 131, 224, 63, 63)
fake_14791.png,module_corruption,('module_corruption', 9, 8, 9)
fake_14792.png,patch_overlay,('patch_overlay', 248, 215, 71, 71)
fake_14793.png,patch_overlay,('patch_overlay', 208, 82, 59, 59)
fake_14794.png,patch_overlay,('patch_overlay', 54, 185, 93, 93)
fake_14795.png,patch_overlay,('patch_overlay', 51, 325, 91, 91)
fake_14796.png,module_corruption,('module_corruption', 9, 1, 11)
fake_14797.png,module_corruption,('module_corruption', 21, 1, 9)
fake_14798.png,module_corruption,('module_corruption', 27, 21, 10)
fake_14799.png,module_corruption,('module_corruption', 12, 15, 11)
fake_14800.png,module_corruption,('module_corruption', 13, 11, 13)
fake_14801.png,module_corruption,('module_corruption', 1, 23, 9)
fake_14802.png,module_corruption,('module_corruption', 18, 28, 9)
fake_14803.png,patch_overlay,('patch_overlay', 325, 111, 92, 92)
fake_14804.png,patch_overlay,('patch_overlay', 146, 98, 91, 91)
fake_14805.png,patch_overlay,('patch_overlay', 166, 150, 58, 58)
fake_14806.png,module_corruption,('module_corruption', 2, 15, 13)
fake_14807.png,module_corruption,('module_corruption', 7, 11, 12)
fake_14808.png,module_corruption,('module_corruption', 20, 3, 12)
fake_14809.png,module_corruption,('module_corruption', 0, 13, 11)
fake_14810.png,module_corruption,('module_corruption', 22, 8, 13)
fake_14811.png,module_corruption,('module_corruption', 18, 25, 10)
fake_14812.png,patch_overlay,('patch_overlay', 181, 284, 97, 97)
fake_14813.png,patch_overlay,('patch_overlay', 2, 167, 78, 78)
fake_14814.png,module_corruption,('module_corruption', 12, 6, 12)
fake_14815.png,module_corruption,('module_corruption', 1, 0, 13)
fake_14816.png,patch_overlay,('patch_overlay', 109, 311, 75, 75)
fake_14817.png,module_corruption,('module_corruption', 11, 1, 14)
fake_14818.png,patch_overlay,('patch_overlay', 152, 362, 57, 57)
fake_14819.png,module_corruption,('module_corruption', 12, 10, 9)
fake_14820.png,patch_overlay,('patch_overlay', 251, 65, 81, 81)
fake_14821.png,patch_overlay,('patch_overlay', 30, 91, 84, 84)
fake_14822.png,module_corruption,('module_corruption', 0, 17, 13)
fake_14823.png,module_corruption,('module_corruption', 19, 0, 13)
fake_14824.png,patch_overlay,('patch_overlay', 52, 289, 78, 78)
fake_14825.png,module_corruption,('module_corruption', 6, 8, 12)
fake_14826.png,patch_overlay,('patch_overlay', 108, 82, 87, 87)
fake_14827.png,patch_overlay,('patch_overlay', 106, 26, 64, 64)
fake_14828.png,patch_overlay,('patch_overlay', 203, 144, 80, 80)
fake_14829.png,patch_overlay,('patch_overlay', 209, 47, 85, 85)
fake_14830.png,module_corruption,('module_corruption', 22, 22, 10)
fake_14831.png,module_corruption,('module_corruption', 1, 2, 13)
fake_14832.png,patch_overlay,('patch_overlay', 336, 341, 93, 93)
fake_14833.png,patch_overlay,('patch_overlay', 298, 234, 89, 89)
fake_14834.png,patch_overlay,('patch_overlay', 315, 321, 90, 90)
fake_14835.png,patch_overlay,('patch_overlay', 343, 87, 91, 91)
fake_14836.png,patch_overlay,('patch_overlay', 109, 245, 98, 98)
fake_14837.png,module_corruption,('module_corruption', 12, 10, 12)
fake_14838.png,module_corruption,('module_corruption', 9, 7, 9)
fake_14839.png,module_corruption,('module_corruption', 20, 10, 12)
fake_14840.png,module_corruption,('module_corruption', 23, 7, 10)
fake_14841.png,patch_overlay,('patch_overlay', 265, 184, 60, 60)
fake_14842.png,patch_overlay,('patch_overlay', 171, 93, 63, 63)
fake_14843.png,module_corruption,('module_corruption', 13, 6, 13)
fake_14844.png,module_corruption,('module_corruption', 16, 10, 12)
fake_14845.png,module_corruption,('module_corruption', 10, 15, 14)
fake_14846.png,patch_overlay,('patch_overlay', 190, 91, 72, 72)
fake_14847.png,module_corruption,('module_corruption', 7, 20, 11)
fake_14848.png,module_corruption,('module_corruption', 12, 16, 10)
fake_14849.png,module_corruption,('module_corruption', 20, 15, 12)
fake_14850.png,module_corruption,('module_corruption', 13, 22, 14)
fake_14851.png,module_corruption,('module_corruption', 17, 14, 11)
fake_14852.png,patch_overlay,('patch_overlay', 198, 313, 56, 56)
fake_14853.png,patch_overlay,('patch_overlay', 359, 339, 69, 69)
fake_14854.png,patch_overlay,('patch_overlay', 253, 303, 54, 54)
fake_14855.png,module_corruption,('module_corruption', 12, 2, 12)
fake_14856.png,module_corruption,('module_corruption', 22, 2, 13)
fake_14857.png,module_corruption,('module_corruption', 12, 19, 9)
fake_14858.png,module_corruption,('module_corruption', 6, 7, 9)
fake_14859.png,patch_overlay,('patch_overlay', 103, 154, 70, 70)
fake_14860.png,patch_overlay,('patch_overlay', 262, 296, 55, 55)
fake_14861.png,module_corruption,('module_corruption', 7, 13, 11)
fake_14862.png,patch_overlay,('patch_overlay', 352, 28, 67, 67)
fake_14863.png,patch_overlay,('patch_overlay', 8, 244, 58, 58)
fake_14864.png,module_corruption,('module_corruption', 23, 1, 10)
fake_14865.png,module_corruption,('module_corruption', 24, 11, 11)
fake_14866.png,module_corruption,('module_corruption', 20, 18, 13)
fake_14867.png,patch_overlay,('patch_overlay', 19, 326, 54, 54)
fake_14868.png,module_corruption,('module_corruption', 19, 16, 12)
fake_14869.png,module_corruption,('module_corruption', 12, 13, 13)
fake_14870.png,patch_overlay,('patch_overlay', 211, 15, 71, 71)
fake_14871.png,module_corruption,('module_corruption', 11, 22, 9)
fake_14872.png,module_corruption,('module_corruption', 25, 4, 9)
fake_14873.png,patch_overlay,('patch_overlay', 333, 56, 64, 64)
fake_14874.png,patch_overlay,('patch_overlay', 92, 197, 94, 94)
fake_14875.png,module_corruption,('module_corruption', 10, 22, 12)
fake_14876.png,module_corruption,('module_corruption', 6, 9, 13)
fake_14877.png,module_corruption,('module_corruption', 8, 15, 10)
fake_14878.png,patch_overlay,('patch_overlay', 274, 170, 97, 97)
fake_14879.png,module_corruption,('module_corruption', 13, 8, 13)
fake_14880.png,patch_overlay,('patch_overlay', 297, 210, 86, 86)
fake_14881.png,patch_overlay,('patch_overlay', 288, 293, 63, 63)
fake_14882.png,patch_overlay,('patch_overlay', 12, 285, 89, 89)
fake_14883.png,patch_overlay,('patch_overlay', 367, 30, 75, 75)
fake_14884.png,patch_overlay,('patch_overlay', 201, 31, 71, 71)
fake_14885.png,patch_overlay,('patch_overlay', 196, 363, 71, 71)
fake_14886.png,patch_overlay,('patch_overlay', 134, 275, 76, 76)
fake_14887.png,module_corruption,('module_corruption', 19, 16, 10)
fake_14888.png,patch_overlay,('patch_overlay', 106, 328, 65, 65)
fake_14889.png,module_corruption,('module_corruption', 17, 10, 11)
fake_14890.png,module_corruption,('module_corruption', 12, 9, 9)
fake_14891.png,module_corruption,('module_corruption', 17, 19, 11)
fake_14892.png,module_corruption,('module_corruption', 13, 11, 13)
fake_14893.png,module_corruption,('module_corruption', 12, 14, 11)
fake_14894.png,patch_overlay,('patch_overlay', 352, 103, 60, 60)
fake_14895.png,module_corruption,('module_corruption', 0, 16, 10)
fake_14896.png,module_corruption,('module_corruption', 16, 2, 14)
fake_14897.png,patch_overlay,('patch_overlay', 207, 190, 80, 80)
fake_14898.png,module_corruption,('module_corruption', 23, 12, 13)
fake_14899.png,module_corruption,('module_corruption', 23, 1, 12)
fake_14900.png,patch_overlay,('patch_overlay', 293, 38, 80, 80)
fake_14901.png,patch_overlay,('patch_overlay', 162, 192, 80, 80)
fake_14902.png,patch_overlay,('patch_overlay', 17, 25, 81, 81)
fake_14903.png,module_corruption,('module_corruption', 15, 3, 9)
fake_14904.png,module_corruption,('module_corruption', 13, 11, 9)
fake_14905.png,patch_overlay,('patch_overlay', 150, 354, 69, 69)
fake_14906.png,patch_overlay,('patch_overlay', 73, 161, 57, 57)
fake_14907.png,module_corruption,('module_corruption', 1, 22, 11)
fake_14908.png,module_corruption,('module_corruption', 26, 12, 10)
fake_14909.png,module_corruption,('module_corruption', 19, 7, 13)
fake_14910.png,patch_overlay,('patch_overlay', 254, 311, 74, 74)
fake_14911.png,module_corruption,('module_corruption', 2, 3, 13)
fake_14912.png,patch_overlay,('patch_overlay', 169, 90, 60, 60)
fake_14913.png,patch_overlay,('patch_overlay', 246, 2, 94, 94)
fake_14914.png,module_corruption,('module_corruption', 14, 17, 10)
fake_14915.png,module_corruption,('module_corruption', 2, 18, 11)
fake_14916.png,patch_overlay,('patch_overlay', 252, 24, 95, 95)
fake_14917.png,module_corruption,('module_corruption', 11, 3, 11)
fake_14918.png,module_corruption,('module_corruption', 25, 2, 12)
fake_14919.png,module_corruption,('module_corruption', 23, 2, 13)
fake_14920.png,module_corruption,('module_corruption', 22, 7, 13)
fake_14921.png,module_corruption,('module_corruption', 23, 0, 13)
fake_14922.png,module_corruption,('module_corruption', 5, 0, 13)
fake_14923.png,patch_overlay,('patch_overlay', 92, 313, 94, 94)
fake_14924.png,patch_overlay,('patch_overlay', 340, 294, 84, 84)
fake_14925.png,patch_overlay,('patch_overlay', 90, 142, 82, 82)
fake_14926.png,module_corruption,('module_corruption', 7, 3, 12)
fake_14927.png,patch_overlay,('patch_overlay', 262, 11, 98, 98)
fake_14928.png,module_corruption,('module_corruption', 17, 17, 13)
fake_14929.png,module_corruption,('module_corruption', 19, 20, 10)
fake_14930.png,module_corruption,('module_corruption', 8, 18, 13)
fake_14931.png,module_corruption,('module_corruption', 16, 3, 13)
fake_14932.png,module_corruption,('module_corruption', 21, 15, 12)
fake_14933.png,patch_overlay,('patch_overlay', 41, 293, 61, 61)
fake_14934.png,module_corruption,('module_corruption', 4, 8, 10)
fake_14935.png,module_corruption,('module_corruption', 18, 0, 10)
fake_14936.png,patch_overlay,('patch_overlay', 198, 1, 86, 86)
fake_14937.png,module_corruption,('module_corruption', 13, 14, 13)
fake_14938.png,patch_overlay,('patch_overlay', 255, 295, 70, 70)
fake_14939.png,module_corruption,('module_corruption', 17, 16, 13)
fake_14940.png,patch_overlay,('patch_overlay', 100, 390, 54, 54)
fake_14941.png,patch_overlay,('patch_overlay', 295, 116, 72, 72)
fake_14942.png,module_corruption,('module_corruption', 26, 20, 10)
fake_14943.png,module_corruption,('module_corruption', 22, 20, 9)
fake_14944.png,module_corruption,('module_corruption', 20, 18, 9)
fake_14945.png,module_corruption,('module_corruption', 25, 23, 9)
fake_14946.png,module_corruption,('module_corruption', 21, 14, 9)
fake_14947.png,module_corruption,('module_corruption', 22, 7, 9)
fake_14948.png,patch_overlay,('patch_overlay', 299, 371, 73, 73)
fake_14949.png,patch_overlay,('patch_overlay', 243, 169, 62, 62)
fake_14950.png,patch_overlay,('patch_overlay', 319, 347, 84, 84)
fake_14951.png,module_corruption,('module_corruption', 21, 17, 13)
fake_14952.png,module_corruption,('module_corruption', 22, 6, 13)
fake_14953.png,module_corruption,('module_corruption', 3, 8, 10)
fake_14954.png,module_corruption,('module_corruption', 17, 0, 10)
fake_14955.png,module_corruption,('module_corruption', 5, 4, 10)
fake_14956.png,module_corruption,('module_corruption', 16, 5, 9)
fake_14957.png,module_corruption,('module_corruption', 14, 14, 10)
fake_14958.png,module_corruption,('module_corruption', 1, 7, 12)
fake_14959.png,module_corruption,('module_corruption', 20, 1, 14)
fake_14960.png,patch_overlay,('patch_overlay', 253, 147, 78, 78)
fake_14961.png,patch_overlay,('patch_overlay', 79, 263, 70, 70)
fake_14962.png,module_corruption,('module_corruption', 22, 19, 13)
fake_14963.png,module_corruption,('module_corruption', 10, 16, 14)
fake_14964.png,patch_overlay,('patch_overlay', 338, 223, 64, 64)
fake_14965.png,module_corruption,('module_corruption', 23, 0, 12)
fake_14966.png,patch_overlay,('patch_overlay', 44, 330, 93, 93)
fake_14967.png,module_corruption,('module_corruption', 18, 17, 11)
fake_14968.png,patch_overlay,('patch_overlay', 317, 108, 65, 65)
fake_14969.png,patch_overlay,('patch_overlay', 286, 301, 71, 71)
fake_14970.png,module_corruption,('module_corruption', 6, 18, 13)
fake_14971.png,patch_overlay,('patch_overlay', 310, 375, 69, 69)
fake_14972.png,module_corruption,('module_corruption', 3, 0, 10)
fake_14973.png,module_corruption,('module_corruption', 15, 3, 11)
fake_14974.png,patch_overlay,('patch_overlay', 375, 29, 60, 60)
fake_14975.png,patch_overlay,('patch_overlay', 47, 261, 54, 54)
fake_14976.png,patch_overlay,('patch_overlay', 119, 323, 94, 94)
fake_14977.png,module_corruption,('module_corruption', 12, 15, 10)
fake_14978.png,patch_overlay,('patch_overlay', 117, 83, 85, 85)
fake_14979.png,module_corruption,('module_corruption', 16, 0, 13)
fake_14980.png,patch_overlay,('patch_overlay', 298, 167, 83, 83)
fake_14981.png,module_corruption,('module_corruption', 25, 14, 12)
fake_14982.png,module_corruption,('module_corruption', 24, 26, 11)
fake_14983.png,module_corruption,('module_corruption', 2, 4, 12)
fake_14984.png,patch_overlay,('patch_overlay', 101, 9, 73, 73)
fake_14985.png,module_corruption,('module_corruption', 10, 0, 12)
fake_14986.png,module_corruption,('module_corruption', 6, 6, 12)
fake_14987.png,patch_overlay,('patch_overlay', 236, 159, 60, 60)
fake_14988.png,module_corruption,('module_corruption', 24, 1, 11)
fake_14989.png,patch_overlay,('patch_overlay', 44, 82, 88, 88)
fake_14990.png,module_corruption,('module_corruption', 0, 9, 14)
fake_14991.png,patch_overlay,('patch_overlay', 292, 272, 60, 60)
fake_14992.png,patch_overlay,('patch_overlay', 236, 23, 64, 64)
fake_14993.png,patch_overlay,('patch_overlay', 98, 73, 76, 76)
fake_14994.png,patch_overlay,('patch_overlay', 207, 392, 58, 58)
fake_14995.png,patch_overlay,('patch_overlay', 310, 316, 90, 90)
fake_14996.png,patch_overlay,('patch_overlay', 322, 130, 90, 90)
fake_14997.png,patch_overlay,('patch_overlay', 179, 114, 81, 81)
fake_14998.png,patch_overlay,('patch_overlay', 368, 211, 70, 70)
fake_14999.png,module_corruption,('module_corruption', 18, 11, 10)
